SPASE URL,DOI
https://spase-metadata.org/ESA/NumericalData/SOHO/CELIAS/KP/PT5M,10.48322/n40y-m550
https://spase-metadata.org/ESA/NumericalData/SOHO/ERNE/HeavyIon/CDF/PT1H,10.48322/js86-0v08
https://spase-metadata.org/ESA/NumericalData/SOHO/ERNE/HeavyIon/CDF/PT5M,10.48322/2md9-8h18
https://spase-metadata.org/ESA/NumericalData/SOHO/ERNE/HED/CDF/PT1M,10.48322/78x1-m644
https://spase-metadata.org/ESA/NumericalData/SOHO/ERNE/KP/PT128S,10.48322/byv5-gp28
https://spase-metadata.org/ESA/NumericalData/SOHO/ERNE/LED/CDF/PT1M,10.48322/0cna-yt27
https://spase-metadata.org/ESA/NumericalData/SOHO/VIRGO/DIARAD/PT3M,10.48322/as9r-3j38
https://spase-metadata.org/ESA/NumericalData/SOHO/VIRGO/DIARAD_PMO6V/MissionLong/P1D,10.48322/ek1b-0149
https://spase-metadata.org/ESA/NumericalData/SOHO/VIRGO/DIARAD_PMO6V/MissionLong/PT1H,10.48322/fdrt-2v63
https://spase-metadata.org/ESA/NumericalData/SOHO/VIRGO/DIARAD_PMO6V/MissionLong/PT1M,10.48322/2934-4m85
https://spase-metadata.org/ESA/NumericalData/SOHO/VIRGO/LOI/MissionLong/PT60S,10.48322/g25m-4005
https://spase-metadata.org/ESA/NumericalData/SOHO/VIRGO/LOI/PT60S,10.48322/bss7-df92
https://spase-metadata.org/ESA/NumericalData/SOHO/VIRGO/SPM/BLUE/MissionLong/PT60S,10.48322/cq2c-s758
https://spase-metadata.org/ESA/NumericalData/SOHO/VIRGO/SPM/GREEN/MissionLong/PT60S,10.48322/sxh2-fv60
https://spase-metadata.org/ESA/NumericalData/SOHO/VIRGO/SPM/PT60S,10.48322/eyn6-et31
https://spase-metadata.org/ESA/NumericalData/SOHO/VIRGO/SPM/RED/MissionLong/PT60S,10.48322/bn4w-j431
https://spase-metadata.org/ESA-NASA/NumericalData/Cluster/C2/WBD/BM2/VariableCadence,10.48322/9v91-9e54
https://spase-metadata.org/ESA-NASA/NumericalData/Cluster/C3/WBD/BM2/VariableCadence,10.48322/0y7c-5713
https://spase-metadata.org/ESA-NASA/NumericalData/Cluster/C4/WBD/BM2/VariableCadence,10.48322/bdyk-1b89
https://spase-metadata.org/GBO/NumericalData/FMI/Magnetometer/PT10S,10.48322/29rq-g929
https://spase-metadata.org/GBO/NumericalData/FMI/Magnetometer/PT1S,10.48322/5q23-ts63
https://spase-metadata.org/GBO/NumericalData/FMI/Magnetometer/PT60S,10.48322/9r3x-m151
https://spase-metadata.org/GBO/NumericalData/Kiruna/Magnetometer/PT1M/ASCII_IAGA2002_FORMAT,10.48322/7xsf-ze79
https://spase-metadata.org/GBO/NumericalData/Kiruna/Magnetometer/PT1S/ASCII_IAGA2002_FORMAT,10.48322/zeps-0f35
https://spase-metadata.org/GBO/NumericalData/MACCS/MAG/PT0.5S,10.48322/sydj-ab90
https://spase-metadata.org/GBO/NumericalData/MACCS/MAG/PT5.0S,10.48322/t37w-as51
https://spase-metadata.org/GBO/NumericalData/NAE/Magnetometer/PT60S,10.21978/p8m33j
https://spase-metadata.org/GBO/NumericalData/SAE/Magnetometer/PT60S,10.21978/p8534w
https://spase-metadata.org/GBO/NumericalData/SECS/Magnetometer/EICS/PT10S,10.21978/p8d62b
https://spase-metadata.org/GBO/NumericalData/SECS/Magnetometer/SECS/PT10S,10.21978/p8pp8x
https://spase-metadata.org/ISWI/DisplayData/Callisto/FAS/PT15M,10.48322/wy0b-tq35
https://spase-metadata.org/ISWI/NumericalData/AWESOME/LF/PT0.000001S,10.48322/fwte-dv13
https://spase-metadata.org/ISWI/NumericalData/AWESOME/VLF/PT0.00001S,10.48322/fzcf-f191
https://spase-metadata.org/ISWI/NumericalData/AWESOME/VLF/PT0.02S,10.48322/6t7b-s324
https://spase-metadata.org/ISWI/NumericalData/Callisto/FAS/PT0.25S,10.48322/pmwd-mk15
https://spase-metadata.org/ISWI/NumericalData/SipleExperiment/VLF/PT0.00004S,10.48322/44y4-4j02
https://spase-metadata.org/NASA/DisplayData/ACE/MAG/27-Day,10.48322/x2jh-0q34
https://spase-metadata.org/NASA/DisplayData/ACE/MAG/Daily,10.48322/54tt-bp06
https://spase-metadata.org/NASA/DisplayData/ACE/SWEPAM/PLOTS,10.48322/m9y5-3f48
https://spase-metadata.org/NASA/DisplayData/AMPTE-CCE/CHEM/P1D,10.48322/vb2p-km57
https://spase-metadata.org/NASA/DisplayData/Cluster/WBD/Survey/DS/PT2H,10.48322/becc-dm24
https://spase-metadata.org/NASA/DisplayData/Cluster-Rumba/WBD/DS/PT30S,10.48322/fex4-k582
https://spase-metadata.org/NASA/DisplayData/Cluster-Salsa/WBD/DS/PT30S,10.48322/samg-qj77
https://spase-metadata.org/NASA/DisplayData/Cluster-Samba/WBD/DS/PT30S,10.48322/h50x-ab45
https://spase-metadata.org/NASA/DisplayData/Cluster-Tango/WBD/DS/PT30S,10.48322/3tvk-m667
https://spase-metadata.org/NASA/DisplayData/CRRES/PWE/SFR_SA/Survey/DS/PT10H,10.48322/rwax-br78
https://spase-metadata.org/NASA/DisplayData/DE1/PWI/SFC_LFC/PT409M,10.48322/xgns-ak28
https://spase-metadata.org/NASA/DisplayData/DE1/PWI/SFRA/PT2H,10.48322/64bd-yr60
https://spase-metadata.org/NASA/DisplayData/FAST/PLOTS,10.48322/df4q-ec60
https://spase-metadata.org/NASA/DisplayData/Galileo/PWS/DS/Electric/P1D,10.48322/hsfx-2g84
https://spase-metadata.org/NASA/DisplayData/Galileo/PWS/DS/Magnetic/P1D,10.48322/qxgm-e650
https://spase-metadata.org/NASA/DisplayData/GOLD/L1D/DAY/PT1080S,10.48322/3ha2-dc03
https://spase-metadata.org/NASA/DisplayData/GOLD/L1D/DAY_1356/PT1080S,10.48322/64ps-j710
https://spase-metadata.org/NASA/DisplayData/GOLD/L1D/DAY_LBH/PT1080S,10.48322/3gyr-br21
https://spase-metadata.org/NASA/DisplayData/GOLD/L1D/DAY_SZA/PT1080S,10.48322/pyge-db12
https://spase-metadata.org/NASA/DisplayData/GOLD/L1D/DLR/PT1080S,10.48322/ymzh-sp58
https://spase-metadata.org/NASA/DisplayData/GOLD/L1D/DLR_1356/PT1080S,10.48322/26b8-ph47
https://spase-metadata.org/NASA/DisplayData/GOLD/L1D/DLR_LBH/PT1080S,10.48322/fhp7-r930
https://spase-metadata.org/NASA/DisplayData/GOLD/L1D/DLR_SZA/PT1080S,10.48322/atf2-3j28
https://spase-metadata.org/NASA/DisplayData/GOLD/L1D/LIM/PT180S,10.48322/xs0j-0f62
https://spase-metadata.org/NASA/DisplayData/GOLD/L1D/LIM_1356/PT180S,10.48322/encq-5n63
https://spase-metadata.org/NASA/DisplayData/GOLD/L1D/LIM_LBH/PT180S,10.48322/c6wy-9f73
https://spase-metadata.org/NASA/DisplayData/GOLD/L1D/LIM_Line/PT180S,10.48322/smxz-4607
https://spase-metadata.org/NASA/DisplayData/GOLD/L1D/LIM_Stack/PT180S,10.48322/av3z-wy85
https://spase-metadata.org/NASA/DisplayData/GOLD/L1D/NI1/PT900S,10.48322/x0s6-kw03
https://spase-metadata.org/NASA/DisplayData/GOLD/L1D/NI1_1356/PT900S,10.48322/1m4f-7544
https://spase-metadata.org/NASA/DisplayData/GOLD/L1D/NI1_LBH/PT900S,10.48322/f1ec-mh18
https://spase-metadata.org/NASA/DisplayData/GOLD/L1D/NI1_SZA/PT900S,10.48322/jbdb-fk50
https://spase-metadata.org/NASA/DisplayData/GOLD/L1D/OCC/PT1080S,10.48322/z8kv-4h43
https://spase-metadata.org/NASA/DisplayData/GOLD/L1D/OCC_Image/PT1080S,10.48322/j04e-9k46
https://spase-metadata.org/NASA/DisplayData/GOLD/L1D/OCC_TanAlt/PT1080S,10.48322/pnsr-5x45
https://spase-metadata.org/NASA/DisplayData/GOLD/L1D/OCC_Time/PT1080S,10.48322/wyfr-0140
https://spase-metadata.org/NASA/DisplayData/GOLD/L1D/OCC_Wavelength/PT1080S,10.48322/eprq-d085
https://spase-metadata.org/NASA/DisplayData/Hawkeye/VLF/Multi-Instrument/PT51H,10.48322/ar87-z510
https://spase-metadata.org/NASA/DisplayData/IBEX/Hi/Maps-PNG,10.48322/tw36-fc83
https://spase-metadata.org/NASA/DisplayData/IBEX/Lo/Maps-PNG,10.48322/3kkv-3h64
https://spase-metadata.org/NASA/DisplayData/IMAGE/EUV/PT600S,10.48322/hvkd-dr30
https://spase-metadata.org/NASA/DisplayData/IMAGE/FUV/SI/O_N2_Ratios,10.48322/9w5e-dr16
https://spase-metadata.org/NASA/DisplayData/IMAGE/FUV/SIE/PT124S,10.48322/3rtj-ae80
https://spase-metadata.org/NASA/DisplayData/IMAGE/FUV/SIP/PT124S,10.48322/2z5w-0f91
https://spase-metadata.org/NASA/DisplayData/IMAGE/FUV/WIC/PT124S,10.48322/ckgq-x390
https://spase-metadata.org/NASA/DisplayData/IMAGE/FUV/WIC/PT6M,10.48322/e68j-cj70
https://spase-metadata.org/NASA/DisplayData/IMAGE/HENA/124S,10.48322/ys77-8v66
https://spase-metadata.org/NASA/DisplayData/IMAGE/LENA/PT124S,10.48322/b5jw-b304
https://spase-metadata.org/NASA/DisplayData/IMAGE/MENA/PT124S,10.48322/nbdz-7v94
https://spase-metadata.org/NASA/DisplayData/IMAGE/RPI/DS/P1D,10.48322/dh3w-mh24
https://spase-metadata.org/NASA/DisplayData/IMAGE/RPI/PGM/PT5M,10.48322/j6z1-cf25
https://spase-metadata.org/NASA/DisplayData/IMP7/LEPEDEA/UIOWA,10.48322/24rd-kj66
https://spase-metadata.org/NASA/DisplayData/IMP8/EECA/UMD,10.48322/krym-sa95
https://spase-metadata.org/NASA/DisplayData/IMP8/EECA/UMD/P12D,10.48322/2dae-0s13
https://spase-metadata.org/NASA/DisplayData/IMP8/LEPEDEA/UIOWA,10.48322/xek7-na97
https://spase-metadata.org/NASA/DisplayData/ISEE1/LEPEDEA/Spectrograms,10.48322/vt2m-qt97
https://spase-metadata.org/NASA/DisplayData/ISEE1/PWE/SA/PT12H,10.48322/9rcv-rv11
https://spase-metadata.org/NASA/DisplayData/ISEE1/PWE/SFR/P1D,10.48322/ccs8-1c70
https://spase-metadata.org/NASA/DisplayData/LANL/MPA/PLOTS,10.48322/32wc-pn92
https://spase-metadata.org/NASA/DisplayData/MMS/FIELDS/ElectricField/QL.PNG.PT120M,10.48322/g4xm-8t27
https://spase-metadata.org/NASA/DisplayData/MMS/FIELDS/MagneticField/QL.PNG.PT120M,10.48322/9cm9-bm91
https://spase-metadata.org/NASA/DisplayData/ParkerSolarProbe/WISPR/PNG/PT30M,10.48322/7ehs-r078
https://spase-metadata.org/NASA/DisplayData/POLAR/PIXIE/CDAWEB,10.48322/jvzr-jt65
https://spase-metadata.org/NASA/DisplayData/POLAR/PWI/MCA/DS/P1D,10.48322/anwe-2q24
https://spase-metadata.org/NASA/DisplayData/POLAR/PWI/SFR/A/DS/P1D,10.48322/2ff4-3587
https://spase-metadata.org/NASA/DisplayData/POLAR/PWI/SFR/B/DS/P1D,10.48322/738p-6p95
https://spase-metadata.org/NASA/DisplayData/POLAR/UVI/GIFs,10.48322/4399-w773
https://spase-metadata.org/NASA/DisplayData/POLAR/UVI/H0,10.48322/hy1a-ny62
https://spase-metadata.org/NASA/DisplayData/POLAR/UVI/H1,10.48322/trh2-a717
https://spase-metadata.org/NASA/DisplayData/POLAR/VIS/EJ,10.48322/76rp-6j44
https://spase-metadata.org/NASA/DisplayData/POLAR/VIS/PT240S,10.48322/e5xp-rw71
https://spase-metadata.org/NASA/DisplayData/POLAR/VIS/PT300S,10.48322/acg3-wk97
https://spase-metadata.org/NASA/DisplayData/POLAR/VIS/UIOWA,10.48322/9jnm-3s75
https://spase-metadata.org/NASA/DisplayData/RBSP/A/ECT/REPT/Electron,10.48322/y1ne-7h52
https://spase-metadata.org/NASA/DisplayData/RBSP/A/ECT/REPT/Ion,10.48322/rfab-xb84
https://spase-metadata.org/NASA/DisplayData/RBSP/A/EFW/Ew/Bw,10.48322/mt6f-1v86
https://spase-metadata.org/NASA/DisplayData/RBSP/A/EFW/Filterbank,10.48322/bfnp-6962
https://spase-metadata.org/NASA/DisplayData/RBSP/A/EFW/Position,10.48322/fca1-m952
https://spase-metadata.org/NASA/DisplayData/RBSP/A/EFW/Survey,10.48322/2c29-7g55
https://spase-metadata.org/NASA/DisplayData/RBSP/A/EMFISIS/HFR/WFR,10.48322/wc7n-1131
https://spase-metadata.org/NASA/DisplayData/RBSP/A/EMFISIS/HFR/WFR/Orbit,10.48322/m6ry-6141
https://spase-metadata.org/NASA/DisplayData/RBSP/A/EMFISIS/WFR/diagonal,10.48322/ht08-hj48
https://spase-metadata.org/NASA/DisplayData/RBSP/A/RBSPICE/BasicRates,10.48322/qh1e-nx75
https://spase-metadata.org/NASA/DisplayData/RBSP/A/RBSPICE/DATA_PRESENT,10.48322/9h7t-qg61
https://spase-metadata.org/NASA/DisplayData/RBSP/A/RBSPICE/ERM,10.48322/r2t2-v828
https://spase-metadata.org/NASA/DisplayData/RBSP/A/RBSPICE/HV,10.48322/hdzs-dp59
https://spase-metadata.org/NASA/DisplayData/RBSP/A/RBSPICE/Spectrograms,10.48322/82x1-rk26
https://spase-metadata.org/NASA/DisplayData/RBSP/A/RBSPICE/TOFXEHSPECTROGRAMS,10.48322/6pq1-6r73
https://spase-metadata.org/NASA/DisplayData/RBSP/A/RBSPICE/TOFXEIONSPECTROGRAMS,10.48322/n3k2-vv42
https://spase-metadata.org/NASA/DisplayData/RBSP/A/RBSPICE/TOFXPHSPECTROGRAMS,10.48322/hmh3-gq25
https://spase-metadata.org/NASA/DisplayData/RBSP/B/ECT/REPT/Electron,10.48322/450e-2094
https://spase-metadata.org/NASA/DisplayData/RBSP/B/ECT/REPT/Ion,10.48322/kz16-2k39
https://spase-metadata.org/NASA/DisplayData/RBSP/B/EFW/Ew/Bw,10.48322/7031-xt91
https://spase-metadata.org/NASA/DisplayData/RBSP/B/EFW/Filterbank,10.48322/4q9j-9294
https://spase-metadata.org/NASA/DisplayData/RBSP/B/EFW/Position,10.48322/65d2-x742
https://spase-metadata.org/NASA/DisplayData/RBSP/B/EFW/Survey,10.48322/gy1x-v566
https://spase-metadata.org/NASA/DisplayData/RBSP/B/EMFISIS/HFR/WFR,10.48322/ac2y-h736
https://spase-metadata.org/NASA/DisplayData/RBSP/B/EMFISIS/HFR/WFR/Orbit,10.48322/nkj5-x170
https://spase-metadata.org/NASA/DisplayData/RBSP/B/EMFISIS/WFR/diagonal,10.48322/npd4-z398
https://spase-metadata.org/NASA/DisplayData/RBSP/B/RBSPICE/BasicRates,10.48322/8k3g-k691
https://spase-metadata.org/NASA/DisplayData/RBSP/B/RBSPICE/DATA_PRESENT,10.48322/z6sg-0971
https://spase-metadata.org/NASA/DisplayData/RBSP/B/RBSPICE/ERM,10.48322/wswm-cz44
https://spase-metadata.org/NASA/DisplayData/RBSP/B/RBSPICE/HV,10.48322/r06j-dq19
https://spase-metadata.org/NASA/DisplayData/RBSP/B/RBSPICE/Spectrograms,10.48322/404a-8t06
https://spase-metadata.org/NASA/DisplayData/RBSP/B/RBSPICE/TOFXEHSPECTROGRAMS,10.48322/3xcf-1j87
https://spase-metadata.org/NASA/DisplayData/RBSP/B/RBSPICE/TOFXEIONSPECTROGRAMS,10.48322/w06g-jt72
https://spase-metadata.org/NASA/DisplayData/RBSP/B/RBSPICE/TOFXPHSPECTROGRAMS,10.48322/s6nr-vf84
https://spase-metadata.org/NASA/DisplayData/SAMPEX/PET/PLOTS,10.48322/fw4z-5n58
https://spase-metadata.org/NASA/DisplayData/SDO/AIA/MEDOC/PT1M,10.48322/8ka6-4j98
https://spase-metadata.org/NASA/DisplayData/SDO/AIA/SSC/CarringtonMaps,10.48322/205z-n617
https://spase-metadata.org/NASA/DisplayData/SOHO/EIT/P27D,10.48322/4bfb-aj72
https://spase-metadata.org/NASA/DisplayData/SOHO/MV,10.48322/46kg-2d60
https://spase-metadata.org/NASA/DisplayData/SolarOrbiter/SoloHI/MP4/PT48M,10.48322/p7ns-qb88
https://spase-metadata.org/NASA/DisplayData/SolarOrbiter/SoloHI/MPG/PT48M,10.48322/6twx-8b44
https://spase-metadata.org/NASA/DisplayData/STEREO/PLASTIC/proton_moments/P1M,10.48322/y2sj-vd22
https://spase-metadata.org/NASA/DisplayData/STEREO/PLASTIC/proton_onboard_moment_comparison_ab/P1M,10.48322/xmn6-7663
https://spase-metadata.org/NASA/DisplayData/STEREO/PLASTIC/protons_earth_projected/P1M,10.48322/jbzb-h305
https://spase-metadata.org/NASA/DisplayData/STEREO/SECCHI/SynopticMovies,10.48322/0qvq-2425
https://spase-metadata.org/NASA/DisplayData/STEREO/SSC/CarringtonPlots,10.48322/7kj3-wc82
https://spase-metadata.org/NASA/DisplayData/STEREO/SSC/DailyBrowseImages,10.48322/405w-hf96
https://spase-metadata.org/NASA/DisplayData/STEREO/SSC/DailyBrowsePlots,10.48322/1qzc-xn65
https://spase-metadata.org/NASA/DisplayData/STEREO/SSC/MovieMaker,10.48322/4gkm-rz73
https://spase-metadata.org/NASA/DisplayData/STEREO/SWAVES/DS/Color_PDF/P1D,10.48322/2w8p-2j11
https://spase-metadata.org/NASA/DisplayData/STEREO-A/PLASTIC/alpha_plasma_parameters/P1M,10.48322/77fc-y365
https://spase-metadata.org/NASA/DisplayData/STEREO-A/PLASTIC/Fe_abundance/P1M,10.48322/tyqq-pj11
https://spase-metadata.org/NASA/DisplayData/STEREO-A/PLASTIC/Fe_charge_state/P1M,10.48322/1093-dj63
https://spase-metadata.org/NASA/DisplayData/STEREO-A/PLASTIC/he_plus_parameters/P1M,10.48322/h0ay-qf29
https://spase-metadata.org/NASA/DisplayData/STEREO-A/PLASTIC/proton_velocity/P1M,10.48322/t9vr-yx30
https://spase-metadata.org/NASA/DisplayData/STEREO-A/PLASTIC/solar_wind_stack/P1M,10.48322/0az8-2977
https://spase-metadata.org/NASA/DisplayData/STEREO-A/SECCHI/Cor1/CarringtonMaps,10.48322/n3r6-yg88
https://spase-metadata.org/NASA/DisplayData/STEREO-A/SECCHI/Cor2/CarringtonMaps,10.48322/9gd7-sh85
https://spase-metadata.org/NASA/DisplayData/STEREO-A/SECCHI/EUVI/CarringtonMaps,10.48322/prcv-pv87
https://spase-metadata.org/NASA/DisplayData/STEREO-A/SECCHI/Images,10.48322/1yb7-jy19
https://spase-metadata.org/NASA/DisplayData/STEREO-B/PLASTIC/alpha_plasma_parameters/P1M,10.48322/9gtr-c593
https://spase-metadata.org/NASA/DisplayData/STEREO-B/PLASTIC/Fe_charge_state/P1M,10.48322/jam8-db81
https://spase-metadata.org/NASA/DisplayData/STEREO-B/PLASTIC/he_plus_parameters/P1M,10.48322/3ram-1c53
https://spase-metadata.org/NASA/DisplayData/STEREO-B/PLASTIC/proton_velocity/P1M,10.48322/3wm7-q066
https://spase-metadata.org/NASA/DisplayData/STEREO-B/PLASTIC/solar_wind_stack/P1M,10.48322/ty9q-8x81
https://spase-metadata.org/NASA/DisplayData/STEREO-B/SECCHI/Cor1/CarringtonMaps,10.48322/thgn-9m75
https://spase-metadata.org/NASA/DisplayData/STEREO-B/SECCHI/EUVI/CarringtonMaps,10.48322/mdrf-q231
https://spase-metadata.org/NASA/DisplayData/STEREO-B/SECCHI/Images,10.48322/pqt8-6a94
https://spase-metadata.org/NASA/DisplayData/TIMED/GUVI/Aurora_PNG,10.48322/d39a-fe28
https://spase-metadata.org/NASA/DisplayData/TIMED/GUVI/Electron_Density_Profiles_PS,10.48322/cssx-ab35
https://spase-metadata.org/NASA/DisplayData/TIMED/GUVI/Imaging/L1B_Disk,10.48322/42rd-h651
https://spase-metadata.org/NASA/DisplayData/TIMED/GUVI/Imaging/L1C_Disk,10.48322/4ncg-ba12
https://spase-metadata.org/NASA/DisplayData/TIMED/GUVI/Movies,10.48322/0mq7-em91
https://spase-metadata.org/NASA/DisplayData/TIMED/GUVI/Nightside_Cylindrical_Disk,10.48322/8k81-gj36
https://spase-metadata.org/NASA/DisplayData/TIMED/GUVI/Nightside_Strip_Disk,10.48322/qe2a-2y33
https://spase-metadata.org/NASA/DisplayData/TIMED/GUVI/Nightside_Strip_Limb,10.48322/zn5y-6s97
https://spase-metadata.org/NASA/DisplayData/TIMED/GUVI/O-N2_Summary_GIF,10.48322/gk7y-mg95
https://spase-metadata.org/NASA/DisplayData/TIMED/GUVI/Thermospheric_O-N2_PS,10.48322/kyak-gg12
https://spase-metadata.org/NASA/DisplayData/TRACE/Telescope/IMAGES,10.48322/5d2v-ba71
https://spase-metadata.org/NASA/DisplayData/Ulysses/COSPIN/PLOTS,10.48322/emmh-cy10
https://spase-metadata.org/NASA/DisplayData/Ulysses/EPAC/PLOTS,10.48322/80jq-4a82
https://spase-metadata.org/NASA/DisplayData/Ulysses/FGM/PLOTS,10.48322/j63c-7p03
https://spase-metadata.org/NASA/DisplayData/Ulysses/HISCALE/PLOTS,10.48322/d9hd-w212
https://spase-metadata.org/NASA/DisplayData/Ulysses/SWICS/PLOTS,10.48322/2gxn-2q53
https://spase-metadata.org/NASA/DisplayData/Ulysses/SWOOPS/PLOTS,10.48322/hw52-j242
https://spase-metadata.org/NASA/DisplayData/Ulysses/URAP/DS/P1D,10.48322/9n1r-5q47
https://spase-metadata.org/NASA/DisplayData/Ulysses/URAP/PLOTS,10.48322/cajr-ar19
https://spase-metadata.org/NASA/DisplayData/Voyager1/LECP/PLOTS,10.48322/9hg3-x059
https://spase-metadata.org/NASA/DisplayData/Voyager1/MAG/PT96S,10.48322/hw04-sn77
https://spase-metadata.org/NASA/DisplayData/Voyager1/PRA/Jupiter/High/P1D,10.48322/s1fd-ey22
https://spase-metadata.org/NASA/DisplayData/Voyager2/LECP/PLOTS,10.48322/95n6-pt71
https://spase-metadata.org/NASA/DisplayData/Voyager2/MAG/PT96S,10.48322/cpcx-ff59
https://spase-metadata.org/NASA/DisplayData/Voyager2/PRA/Jupiter/High/P1D,10.48322/wh7z-8756
https://spase-metadata.org/NASA/DisplayData/Wind/WAVES/All/DS/Color_PS/P1D,10.48322/496y-9089
https://spase-metadata.org/NASA/NumericalData/ACE/Attitude/Definitive/PT1H,10.48322/f2a8-nm36
https://spase-metadata.org/NASA/NumericalData/ACE/CRIS/L2/P1D,10.48322/wbmv-4z80
https://spase-metadata.org/NASA/NumericalData/ACE/CRIS/L2/PT1H,10.48322/g72t-0814
https://spase-metadata.org/NASA/NumericalData/ACE/EPAM/CA60/PHA/HeavyIon/Spectra/P1D,10.48322/s1mh-9311
https://spase-metadata.org/NASA/NumericalData/ACE/EPAM/CA60/PHA/Ion/SEP_Event/MatrixData/PT17M,10.48322/6mqq-dp50
https://spase-metadata.org/NASA/NumericalData/ACE/EPAM/CA60/PHA/Sectored/Ion/SEP_Event/CountRates/PT17M,10.48322/qzdy-zh59
https://spase-metadata.org/NASA/NumericalData/ACE/EPAM/CA60/W_Channels/SpacecraftFrame/Sectored/Ion/CountRates/P1D,10.48322/r33e-8k70
https://spase-metadata.org/NASA/NumericalData/ACE/EPAM/CA60/W_Channels/SpacecraftFrame/Sectored/Ion/CountRates/PT11.5S,10.48322/0dnf-1z28
https://spase-metadata.org/NASA/NumericalData/ACE/EPAM/CA60/W_Channels/SpacecraftFrame/Sectored/Ion/CountRates/PT1H,10.48322/c3rx-jp61
https://spase-metadata.org/NASA/NumericalData/ACE/EPAM/CA60/W_Channels/SpacecraftFrame/Sectored/Ion/CountRates/PT5M,10.48322/02z7-4c85
https://spase-metadata.org/NASA/NumericalData/ACE/EPAM/CA60/Z_Channels/SpacecraftFrame/Sectored/Ion/CountRates/P1D,10.48322/7yrk-xf33
https://spase-metadata.org/NASA/NumericalData/ACE/EPAM/CA60/Z_Channels/SpacecraftFrame/Sectored/Ion/CountRates/PT11.5S,10.48322/e7gq-4e66
https://spase-metadata.org/NASA/NumericalData/ACE/EPAM/CA60/Z_Channels/SpacecraftFrame/Sectored/Ion/CountRates/PT1H,10.48322/cm91-yx77
https://spase-metadata.org/NASA/NumericalData/ACE/EPAM/CA60/Z_Channels/SpacecraftFrame/Sectored/Ion/CountRates/PT5M,10.48322/c85y-yw38
https://spase-metadata.org/NASA/NumericalData/ACE/EPAM/Ephemeris/P1D,10.48322/1chr-2k64
https://spase-metadata.org/NASA/NumericalData/ACE/EPAM/Ephemeris/PT11.5S,10.48322/tq2n-kv73
https://spase-metadata.org/NASA/NumericalData/ACE/EPAM/Ephemeris/PT1H,10.48322/bs7x-2t71
https://spase-metadata.org/NASA/NumericalData/ACE/EPAM/Ephemeris/PT5M,10.48322/6841-z560
https://spase-metadata.org/NASA/NumericalData/ACE/EPAM/KeyParameter/PT1H,10.48322/qgh8-2q85
https://spase-metadata.org/NASA/NumericalData/ACE/EPAM/KeyParameter/PT5M,10.48322/ghbm-qj24
https://spase-metadata.org/NASA/NumericalData/ACE/EPAM/L2/PT12S,10.48322/jqj0-vn49
https://spase-metadata.org/NASA/NumericalData/ACE/EPAM/L2/PT1H,10.48322/pn1t-zx03
https://spase-metadata.org/NASA/NumericalData/ACE/EPAM/L2/PT5M,10.48322/w4wv-rj18
https://spase-metadata.org/NASA/NumericalData/ACE/EPAM/LEFS_LEMS/MFSA/SolarWindFrame/SpinAveraged/Electron/Fluxes/P1D,10.48322/qb98-a305
https://spase-metadata.org/NASA/NumericalData/ACE/EPAM/LEFS_LEMS/MFSA/SolarWindFrame/SpinAveraged/Electron/Fluxes/PT17M,10.48322/2fj4-8b42
https://spase-metadata.org/NASA/NumericalData/ACE/EPAM/LEFS_LEMS/MFSA/SolarWindFrame/SpinAveraged/Electron/Fluxes/PT1H,10.48322/mqq9-a859
https://spase-metadata.org/NASA/NumericalData/ACE/EPAM/LEFS_LEMS/MFSA/SolarWindFrame/SpinAveraged/HeavyIon/Fluxes/P1D,10.48322/4mnm-gj43
https://spase-metadata.org/NASA/NumericalData/ACE/EPAM/LEFS_LEMS/MFSA/SolarWindFrame/SpinAveraged/HeavyIon/Fluxes/PT17M,10.48322/rrq6-jw14
https://spase-metadata.org/NASA/NumericalData/ACE/EPAM/LEFS_LEMS/MFSA/SolarWindFrame/SpinAveraged/HeavyIon/Fluxes/PT1H,10.48322/qyrw-b541
https://spase-metadata.org/NASA/NumericalData/ACE/EPAM/LEFS_LEMS/MFSA/SolarWindFrame/SpinAveraged/Proton/Fluxes/P1D,10.48322/emvh-t880
https://spase-metadata.org/NASA/NumericalData/ACE/EPAM/LEFS_LEMS/MFSA/SolarWindFrame/SpinAveraged/Proton/Fluxes/PT17M,10.48322/n58k-1690
https://spase-metadata.org/NASA/NumericalData/ACE/EPAM/LEFS_LEMS/MFSA/SolarWindFrame/SpinAveraged/Proton/Fluxes/PT1H,10.48322/x6kn-gn69
https://spase-metadata.org/NASA/NumericalData/ACE/EPAM/LEFS_LEMS/MFSA/SpacecraftFrame/SpinAveraged/Electron/Fluxes/P1D,10.48322/3b0k-sc30
https://spase-metadata.org/NASA/NumericalData/ACE/EPAM/LEFS_LEMS/MFSA/SpacecraftFrame/SpinAveraged/Electron/Fluxes/PT17M,10.48322/tzch-ty48
https://spase-metadata.org/NASA/NumericalData/ACE/EPAM/LEFS_LEMS/MFSA/SpacecraftFrame/SpinAveraged/Electron/Fluxes/PT1H,10.48322/n8em-hc02
https://spase-metadata.org/NASA/NumericalData/ACE/EPAM/LEFS_LEMS/MFSA/SpacecraftFrame/SpinAveraged/HeavyIon/Fluxes/P1D,10.48322/r2j1-5148
https://spase-metadata.org/NASA/NumericalData/ACE/EPAM/LEFS_LEMS/MFSA/SpacecraftFrame/SpinAveraged/HeavyIon/Fluxes/PT17M,10.48322/pbhf-sa67
https://spase-metadata.org/NASA/NumericalData/ACE/EPAM/LEFS_LEMS/MFSA/SpacecraftFrame/SpinAveraged/HeavyIon/Fluxes/PT1H,10.48322/rb86-kk48
https://spase-metadata.org/NASA/NumericalData/ACE/EPAM/LEFS_LEMS/MFSA/SpacecraftFrame/SpinAveraged/Proton/Fluxes/P1D,10.48322/dq8d-n728
https://spase-metadata.org/NASA/NumericalData/ACE/EPAM/LEFS_LEMS/MFSA/SpacecraftFrame/SpinAveraged/Proton/Fluxes/PT17M,10.48322/g5a9-b943
https://spase-metadata.org/NASA/NumericalData/ACE/EPAM/LEFS_LEMS/MFSA/SpacecraftFrame/SpinAveraged/Proton/Fluxes/PT1H,10.48322/mwzk-v180
https://spase-metadata.org/NASA/NumericalData/ACE/EPAM/LEFS150/MFSA/SolarWindFrame/Sectored/Electron/Fluxes/P1D,10.48322/9yrz-2156
https://spase-metadata.org/NASA/NumericalData/ACE/EPAM/LEFS150/MFSA/SolarWindFrame/Sectored/Electron/Fluxes/PT17M,10.48322/gg9w-0w40
https://spase-metadata.org/NASA/NumericalData/ACE/EPAM/LEFS150/MFSA/SolarWindFrame/Sectored/Electron/Fluxes/PT1H,10.48322/r159-vj76
https://spase-metadata.org/NASA/NumericalData/ACE/EPAM/LEFS150/MFSA/SolarWindFrame/Sectored/HeavyIon/Fluxes/P1D,10.48322/k4e1-vz86
https://spase-metadata.org/NASA/NumericalData/ACE/EPAM/LEFS150/MFSA/SolarWindFrame/Sectored/HeavyIon/Fluxes/PT17M,10.48322/6j56-bc53
https://spase-metadata.org/NASA/NumericalData/ACE/EPAM/LEFS150/MFSA/SolarWindFrame/Sectored/HeavyIon/Fluxes/PT1H,10.48322/f6dn-v705
https://spase-metadata.org/NASA/NumericalData/ACE/EPAM/LEFS150/MFSA/SolarWindFrame/Sectored/Proton/Fluxes/P1D,10.48322/2ry9-3s59
https://spase-metadata.org/NASA/NumericalData/ACE/EPAM/LEFS150/MFSA/SolarWindFrame/Sectored/Proton/Fluxes/PT17M,10.48322/xhe6-5a16
https://spase-metadata.org/NASA/NumericalData/ACE/EPAM/LEFS150/MFSA/SolarWindFrame/Sectored/Proton/Fluxes/PT1H,10.48322/jwhg-ac39
https://spase-metadata.org/NASA/NumericalData/ACE/EPAM/LEFS150/MFSA/SpacecraftFrame/Sectored/Electron/Fluxes/P1D,10.48322/9mz1-g544
https://spase-metadata.org/NASA/NumericalData/ACE/EPAM/LEFS150/MFSA/SpacecraftFrame/Sectored/Electron/Fluxes/PT17M,10.48322/rtvb-c335
https://spase-metadata.org/NASA/NumericalData/ACE/EPAM/LEFS150/MFSA/SpacecraftFrame/Sectored/Electron/Fluxes/PT1H,10.48322/4s7d-rq33
https://spase-metadata.org/NASA/NumericalData/ACE/EPAM/LEFS150/MFSA/SpacecraftFrame/Sectored/HeavyIon/Fluxes/P1D,10.48322/m9n0-gq70
https://spase-metadata.org/NASA/NumericalData/ACE/EPAM/LEFS150/MFSA/SpacecraftFrame/Sectored/HeavyIon/Fluxes/PT17M,10.48322/h74d-dd98
https://spase-metadata.org/NASA/NumericalData/ACE/EPAM/LEFS150/MFSA/SpacecraftFrame/Sectored/HeavyIon/Fluxes/PT1H,10.48322/ex2d-2a59
https://spase-metadata.org/NASA/NumericalData/ACE/EPAM/LEFS150/MFSA/SpacecraftFrame/Sectored/Proton/Fluxes/P1D,10.48322/yaz6-hm78
https://spase-metadata.org/NASA/NumericalData/ACE/EPAM/LEFS150/MFSA/SpacecraftFrame/Sectored/Proton/Fluxes/PT17M,10.48322/n29s-4702
https://spase-metadata.org/NASA/NumericalData/ACE/EPAM/LEFS150/MFSA/SpacecraftFrame/Sectored/Proton/Fluxes/PT1H,10.48322/r4rh-tg48
https://spase-metadata.org/NASA/NumericalData/ACE/EPAM/LEFS150/SpacecraftFrame/Sectored/Ion_Electron/CountRates/P1D,10.48322/hp8s-k958
https://spase-metadata.org/NASA/NumericalData/ACE/EPAM/LEFS150/SpacecraftFrame/Sectored/Ion_Electron/CountRates/PT11.5S,10.48322/sq62-0q56
https://spase-metadata.org/NASA/NumericalData/ACE/EPAM/LEFS150/SpacecraftFrame/Sectored/Ion_Electron/CountRates/PT1H,10.48322/6drn-yr80
https://spase-metadata.org/NASA/NumericalData/ACE/EPAM/LEFS150/SpacecraftFrame/Sectored/Ion_Electron/CountRates/PT5M,10.48322/8v62-qd32
https://spase-metadata.org/NASA/NumericalData/ACE/EPAM/LEFS60/MFSA/SolarWindFrame/Sectored/Electron/Fluxes/P1D,10.48322/t6zd-mr50
https://spase-metadata.org/NASA/NumericalData/ACE/EPAM/LEFS60/MFSA/SolarWindFrame/Sectored/Electron/Fluxes/PT17M,10.48322/gg6y-6420
https://spase-metadata.org/NASA/NumericalData/ACE/EPAM/LEFS60/MFSA/SolarWindFrame/Sectored/Electron/Fluxes/PT1H,10.48322/qjxy-6m56
https://spase-metadata.org/NASA/NumericalData/ACE/EPAM/LEFS60/MFSA/SolarWindFrame/Sectored/HeavyIon/Fluxes/P1D,10.48322/0qjz-d594
https://spase-metadata.org/NASA/NumericalData/ACE/EPAM/LEFS60/MFSA/SolarWindFrame/Sectored/HeavyIon/Fluxes/PT17M,10.48322/h50d-q646
https://spase-metadata.org/NASA/NumericalData/ACE/EPAM/LEFS60/MFSA/SolarWindFrame/Sectored/HeavyIon/Fluxes/PT1H,10.48322/gm5f-na90
https://spase-metadata.org/NASA/NumericalData/ACE/EPAM/LEFS60/MFSA/SolarWindFrame/Sectored/Proton/Fluxes/P1D,10.48322/ncdv-x439
https://spase-metadata.org/NASA/NumericalData/ACE/EPAM/LEFS60/MFSA/SolarWindFrame/Sectored/Proton/Fluxes/PT17M,10.48322/6j9r-zn62
https://spase-metadata.org/NASA/NumericalData/ACE/EPAM/LEFS60/MFSA/SolarWindFrame/Sectored/Proton/Fluxes/PT1H,10.48322/7egm-3910
https://spase-metadata.org/NASA/NumericalData/ACE/EPAM/LEFS60/MFSA/SpacecraftFrame/Sectored/Electron/Fluxes/P1D,10.48322/603k-2x43
https://spase-metadata.org/NASA/NumericalData/ACE/EPAM/LEFS60/MFSA/SpacecraftFrame/Sectored/Electron/Fluxes/PT17M,10.48322/dvba-pa14
https://spase-metadata.org/NASA/NumericalData/ACE/EPAM/LEFS60/MFSA/SpacecraftFrame/Sectored/Electron/Fluxes/PT1H,10.48322/x015-qn58
https://spase-metadata.org/NASA/NumericalData/ACE/EPAM/LEFS60/MFSA/SpacecraftFrame/Sectored/HeavyIon/Fluxes/P1D,10.48322/rxa3-6m11
https://spase-metadata.org/NASA/NumericalData/ACE/EPAM/LEFS60/MFSA/SpacecraftFrame/Sectored/HeavyIon/Fluxes/PT17M,10.48322/gvxs-5f94
https://spase-metadata.org/NASA/NumericalData/ACE/EPAM/LEFS60/MFSA/SpacecraftFrame/Sectored/HeavyIon/Fluxes/PT1H,10.48322/27k1-ey93
https://spase-metadata.org/NASA/NumericalData/ACE/EPAM/LEFS60/MFSA/SpacecraftFrame/Sectored/Proton/Fluxes/P1D,10.48322/wjdw-0764
https://spase-metadata.org/NASA/NumericalData/ACE/EPAM/LEFS60/MFSA/SpacecraftFrame/Sectored/Proton/Fluxes/PT17M,10.48322/k28z-sf28
https://spase-metadata.org/NASA/NumericalData/ACE/EPAM/LEFS60/MFSA/SpacecraftFrame/Sectored/Proton/Fluxes/PT1H,10.48322/k859-kn97
https://spase-metadata.org/NASA/NumericalData/ACE/EPAM/LEFS60/SpacecraftFrame/Sectored/Ion_Electron/CountRates/P1D,10.48322/fp5t-bv48
https://spase-metadata.org/NASA/NumericalData/ACE/EPAM/LEFS60/SpacecraftFrame/Sectored/Ion_Electron/CountRates/PT11.5S,10.48322/njdq-kn33
https://spase-metadata.org/NASA/NumericalData/ACE/EPAM/LEFS60/SpacecraftFrame/Sectored/Ion_Electron/CountRates/PT1H,10.48322/xr8n-8y86
https://spase-metadata.org/NASA/NumericalData/ACE/EPAM/LEFS60/SpacecraftFrame/Sectored/Ion_Electron/CountRates/PT5M,10.48322/ghar-xv77
https://spase-metadata.org/NASA/NumericalData/ACE/EPAM/LEMS120/MFSA/SolarWindFrame/Sectored/HeavyIon/Fluxes/P1D,10.48322/n59d-tj38
https://spase-metadata.org/NASA/NumericalData/ACE/EPAM/LEMS120/MFSA/SolarWindFrame/Sectored/HeavyIon/Fluxes/PT17M,10.48322/ekz9-jt93
https://spase-metadata.org/NASA/NumericalData/ACE/EPAM/LEMS120/MFSA/SolarWindFrame/Sectored/HeavyIon/Fluxes/PT1H,10.48322/syz0-6e85
https://spase-metadata.org/NASA/NumericalData/ACE/EPAM/LEMS120/MFSA/SolarWindFrame/Sectored/Proton/Fluxes/P1D,10.48322/cz8v-4f91
https://spase-metadata.org/NASA/NumericalData/ACE/EPAM/LEMS120/MFSA/SolarWindFrame/Sectored/Proton/Fluxes/PT17M,10.48322/3c9y-1959
https://spase-metadata.org/NASA/NumericalData/ACE/EPAM/LEMS120/MFSA/SolarWindFrame/Sectored/Proton/Fluxes/PT1H,10.48322/hscj-vq59
https://spase-metadata.org/NASA/NumericalData/ACE/EPAM/LEMS120/MFSA/SpacecraftFrame/Sectored/HeavyIon/Fluxes/P1D,10.48322/qt48-vt92
https://spase-metadata.org/NASA/NumericalData/ACE/EPAM/LEMS120/MFSA/SpacecraftFrame/Sectored/HeavyIon/Fluxes/PT17M,10.48322/x7gf-6d02
https://spase-metadata.org/NASA/NumericalData/ACE/EPAM/LEMS120/MFSA/SpacecraftFrame/Sectored/HeavyIon/Fluxes/PT1H,10.48322/se92-m566
https://spase-metadata.org/NASA/NumericalData/ACE/EPAM/LEMS120/MFSA/SpacecraftFrame/Sectored/Proton/Fluxes/P1D,10.48322/xckm-ny04
https://spase-metadata.org/NASA/NumericalData/ACE/EPAM/LEMS120/MFSA/SpacecraftFrame/Sectored/Proton/Fluxes/PT17M,10.48322/h49a-zq23
https://spase-metadata.org/NASA/NumericalData/ACE/EPAM/LEMS120/MFSA/SpacecraftFrame/Sectored/Proton/Fluxes/PT1H,10.48322/xp56-s654
https://spase-metadata.org/NASA/NumericalData/ACE/EPAM/LEMS120/SpacecraftFrame/Sectored/Ion/CountRates/P1D,10.48322/mam9-4m89
https://spase-metadata.org/NASA/NumericalData/ACE/EPAM/LEMS120/SpacecraftFrame/Sectored/Ion/CountRates/PT11.5S,10.48322/5w45-1d59
https://spase-metadata.org/NASA/NumericalData/ACE/EPAM/LEMS120/SpacecraftFrame/Sectored/Ion/CountRates/PT1H,10.48322/qcfq-y529
https://spase-metadata.org/NASA/NumericalData/ACE/EPAM/LEMS120/SpacecraftFrame/Sectored/Ion/CountRates/PT5M,10.48322/1pp0-xw65
https://spase-metadata.org/NASA/NumericalData/ACE/EPAM/LEMS30/MFSA/SolarWindFrame/Sectored/HeavyIon/Fluxes/P1D,10.48322/sgpb-eh08
https://spase-metadata.org/NASA/NumericalData/ACE/EPAM/LEMS30/MFSA/SolarWindFrame/Sectored/HeavyIon/Fluxes/PT17M,10.48322/v4z3-cz34
https://spase-metadata.org/NASA/NumericalData/ACE/EPAM/LEMS30/MFSA/SolarWindFrame/Sectored/HeavyIon/Fluxes/PT1H,10.48322/6qq5-5a30
https://spase-metadata.org/NASA/NumericalData/ACE/EPAM/LEMS30/MFSA/SolarWindFrame/Sectored/Proton/Fluxes/P1D,10.48322/9539-a425
https://spase-metadata.org/NASA/NumericalData/ACE/EPAM/LEMS30/MFSA/SolarWindFrame/Sectored/Proton/Fluxes/PT17M,10.48322/9qjr-q046
https://spase-metadata.org/NASA/NumericalData/ACE/EPAM/LEMS30/MFSA/SolarWindFrame/Sectored/Proton/Fluxes/PT1H,10.48322/b9gh-t757
https://spase-metadata.org/NASA/NumericalData/ACE/EPAM/LEMS30/MFSA/SpacecraftFrame/Sectored/HeavyIon/Fluxes/P1D,10.48322/hx2h-8629
https://spase-metadata.org/NASA/NumericalData/ACE/EPAM/LEMS30/MFSA/SpacecraftFrame/Sectored/HeavyIon/Fluxes/PT17M,10.48322/mbw3-rc64
https://spase-metadata.org/NASA/NumericalData/ACE/EPAM/LEMS30/MFSA/SpacecraftFrame/Sectored/HeavyIon/Fluxes/PT1H,10.48322/wj4a-m692
https://spase-metadata.org/NASA/NumericalData/ACE/EPAM/LEMS30/MFSA/SpacecraftFrame/Sectored/Proton/Fluxes/P1D,10.48322/eh2a-dt45
https://spase-metadata.org/NASA/NumericalData/ACE/EPAM/LEMS30/MFSA/SpacecraftFrame/Sectored/Proton/Fluxes/PT17M,10.48322/8ve3-qt69
https://spase-metadata.org/NASA/NumericalData/ACE/EPAM/LEMS30/MFSA/SpacecraftFrame/Sectored/Proton/Fluxes/PT1H,10.48322/8cph-ds48
https://spase-metadata.org/NASA/NumericalData/ACE/EPAM/LEMS30/SpacecraftFrame/Sectored/Electron/CountRates/P1D,10.48322/3e79-6q79
https://spase-metadata.org/NASA/NumericalData/ACE/EPAM/LEMS30/SpacecraftFrame/Sectored/Electron/CountRates/PT11.5S,10.48322/wwcw-by63
https://spase-metadata.org/NASA/NumericalData/ACE/EPAM/LEMS30/SpacecraftFrame/Sectored/Electron/CountRates/PT1H,10.48322/ftz8-nt41
https://spase-metadata.org/NASA/NumericalData/ACE/EPAM/LEMS30/SpacecraftFrame/Sectored/Electron/CountRates/PT5M,10.48322/hghb-ah74
https://spase-metadata.org/NASA/NumericalData/ACE/EPAM/LEMS30/SpacecraftFrame/Sectored/Ion/CountRates/P1D,10.48322/cw7d-j866
https://spase-metadata.org/NASA/NumericalData/ACE/EPAM/LEMS30/SpacecraftFrame/Sectored/Ion/CountRates/PT11.5S,10.48322/rsc2-p429
https://spase-metadata.org/NASA/NumericalData/ACE/EPAM/LEMS30/SpacecraftFrame/Sectored/Ion/CountRates/PT1H,10.48322/7q7n-9r34
https://spase-metadata.org/NASA/NumericalData/ACE/EPAM/LEMS30/SpacecraftFrame/Sectored/Ion/CountRates/PT5M,10.48322/mp2g-3057
https://spase-metadata.org/NASA/NumericalData/ACE/EPAM/MFSA/P1D,10.48322/brtd-gc77
https://spase-metadata.org/NASA/NumericalData/ACE/EPAM/MFSA/PT17M,10.48322/jq82-bg57
https://spase-metadata.org/NASA/NumericalData/ACE/EPAM/MFSA/PT1H,10.48322/xab5-ea54
https://spase-metadata.org/NASA/NumericalData/ACE/EPAM/RATES/P1D,10.48322/hc4y-qr44
https://spase-metadata.org/NASA/NumericalData/ACE/EPAM/RATES/PT12S,10.48322/qaw3-9z28
https://spase-metadata.org/NASA/NumericalData/ACE/EPAM/RATES/PT1H,10.48322/w8fp-gs25
https://spase-metadata.org/NASA/NumericalData/ACE/EPAM/RATES/PT5M,10.48322/hpe8-wk11
https://spase-metadata.org/NASA/NumericalData/ACE/EPAM/SpacecraftFrame/SpinAveraged/Ion_Electron/CountRates/P1D,10.48322/kvf5-x531
https://spase-metadata.org/NASA/NumericalData/ACE/EPAM/SpacecraftFrame/SpinAveraged/Ion_Electron/CountRates/PT11.5S,10.48322/rhvt-kt33
https://spase-metadata.org/NASA/NumericalData/ACE/EPAM/SpacecraftFrame/SpinAveraged/Ion_Electron/CountRates/PT1H,10.48322/n30s-bd69
https://spase-metadata.org/NASA/NumericalData/ACE/EPAM/SpacecraftFrame/SpinAveraged/Ion_Electron/CountRates/PT5M,10.48322/hty8-az70
https://spase-metadata.org/NASA/NumericalData/ACE/Ephemeris/Definitive/P1D,10.48322/mh1w-x115
https://spase-metadata.org/NASA/NumericalData/ACE/Ephemeris/PT12M,10.48322/by5e-zs07
https://spase-metadata.org/NASA/NumericalData/ACE/MAG/KeyParameter/PT16S,10.48322/av87-m833
https://spase-metadata.org/NASA/NumericalData/ACE/MAG/KeyParameter/PT1H,10.48322/pf44-ys65
https://spase-metadata.org/NASA/NumericalData/ACE/MAG/KeyParameter/PT5M,10.48322/cs7n-7c62
https://spase-metadata.org/NASA/NumericalData/ACE/MAG/L2/PT16S,10.48322/e0dc-0h53
https://spase-metadata.org/NASA/NumericalData/ACE/MAG/L2/PT1H,10.48322/fh85-fj47
https://spase-metadata.org/NASA/NumericalData/ACE/MAG/L2/PT1S,10.48322/7xyh-4z44
https://spase-metadata.org/NASA/NumericalData/ACE/MAG/L2/PT4M,10.48322/brf1-g493
https://spase-metadata.org/NASA/NumericalData/ACE/MAG_SWEPAM/PT240S,10.48322/15we-sn93
https://spase-metadata.org/NASA/NumericalData/ACE/MAG_SWEPAM/PT64S,10.48322/5y4t-v760
https://spase-metadata.org/NASA/NumericalData/ACE/Propagated/PT1M,10.48322/4wkz-c096
https://spase-metadata.org/NASA/NumericalData/ACE/SEPICA/L2/PT1H,10.48322/3086-yq22
https://spase-metadata.org/NASA/NumericalData/ACE/SEPICA/PT120S,10.48322/1ych-gm33
https://spase-metadata.org/NASA/NumericalData/ACE/SIS/L2/KP/PT1H,10.48322/1fgf-zm82
https://spase-metadata.org/NASA/NumericalData/ACE/SIS/L2/PT1H,10.48322/eq1k-gs80
https://spase-metadata.org/NASA/NumericalData/ACE/SIS/L2/PT256S,10.48322/9kmb-8280
https://spase-metadata.org/NASA/NumericalData/ACE/SWEPAM/KeyParameter/K1/PT1H,10.48322/0n2v-es49
https://spase-metadata.org/NASA/NumericalData/ACE/SWEPAM/KeyParameter/PT5M,10.48322/pfr6-fg57
https://spase-metadata.org/NASA/NumericalData/ACE/SWEPAM/L2/PT1H,10.48322/9w01-2555
https://spase-metadata.org/NASA/NumericalData/ACE/SWEPAM/L2/PT64S,10.48322/tsfn-6v47
https://spase-metadata.org/NASA/NumericalData/ACE/SWEPAM/L3/PT128S,10.48322/3fs6-7328
https://spase-metadata.org/NASA/NumericalData/ACE/SWEPAM/SWICS/PT12M,10.48322/fba2-gy35
https://spase-metadata.org/NASA/NumericalData/ACE/SWICS/L2/PT12M,10.48322/mfxn-cw77
https://spase-metadata.org/NASA/NumericalData/ACE/SWICS/L2/PT2H,10.48322/xcsn-8w62
https://spase-metadata.org/NASA/NumericalData/ACE/SWICS_SWIMS/L2/ChargeState/PT2H,10.48322/2c38-0s43
https://spase-metadata.org/NASA/NumericalData/ACE/SWICS_SWIMS/L2/HDF,10.48322/mw9q-g952
https://spase-metadata.org/NASA/NumericalData/ACE/SWICS_SWIMS/L2/P1D,10.48322/vpnc-ym91
https://spase-metadata.org/NASA/NumericalData/ACE/SWICS_SWIMS/L2/PT1H,10.48322/p7gt-yh33
https://spase-metadata.org/NASA/NumericalData/ACE/SWICS_SWIMS/L2/PT2H,10.48322/mvcn-0276
https://spase-metadata.org/NASA/NumericalData/ACE/ULEIS/Ion/Fluxes/L2/PT1H,10.48322/agmq-ex61
https://spase-metadata.org/NASA/NumericalData/AE-C/PT15S,10.48322/523x-e032
https://spase-metadata.org/NASA/NumericalData/AE-D/PT15S,10.48322/pp1n-p097
https://spase-metadata.org/NASA/NumericalData/AE-E/BIMS_OSS/PT256S,10.48322/nhp7-8756
https://spase-metadata.org/NASA/NumericalData/AE-E/EUVS/PT256S,10.48322/yfx1-zr13
https://spase-metadata.org/NASA/NumericalData/AE-E/PT15S,10.48322/95fq-dk12
https://spase-metadata.org/NASA/NumericalData/AeroCube-6/A/Dosimeter/PT1S,10.48322/gn8x-mj75
https://spase-metadata.org/NASA/NumericalData/AeroCube-6/B/Dosimeter/PT1S,10.48322/49dd-na02
https://spase-metadata.org/NASA/NumericalData/Aeros-A/NATE/PT256S,10.48322/6s3v-1j75
https://spase-metadata.org/NASA/NumericalData/Aeros-A/RPA/PT5S,10.48322/41te-z532
https://spase-metadata.org/NASA/NumericalData/Alouette1/Ephemeris/PT1M,10.48322/0gm7-4342
https://spase-metadata.org/NASA/NumericalData/Alouette1/SFS/PT32S,10.48322/8xbp-g356
https://spase-metadata.org/NASA/NumericalData/Alouette2/CEP/PT60S,10.48322/kat2-1c10
https://spase-metadata.org/NASA/NumericalData/Alouette2/Ephemeris/PT1M,10.48322/8pjp-m185
https://spase-metadata.org/NASA/NumericalData/Alouette2/SFS/AverageIonogram/Fairbanks/PT31S,10.48322/kvy0-3088
https://spase-metadata.org/NASA/NumericalData/Alouette2/SFS/AverageIonogram/FalklandIslands/PT31S,10.48322/29p2-h053
https://spase-metadata.org/NASA/NumericalData/Alouette2/SFS/AverageIonogram/Lima/PT31S,10.48322/bq14-8619
https://spase-metadata.org/NASA/NumericalData/Alouette2/SFS/AverageIonogram/Quito/PT31S,10.48322/5aep-ew77
https://spase-metadata.org/NASA/NumericalData/Alouette2/SFS/AverageIonogram/Santiago/PT31S,10.48322/bxt1-c896
https://spase-metadata.org/NASA/NumericalData/Alouette2/SFS/AverageIonogram/Winkfield/PT31S,10.48322/nhht-4411
https://spase-metadata.org/NASA/NumericalData/Alouette2/SFS/PT31S,10.48322/fxfx-v946
https://spase-metadata.org/NASA/NumericalData/Alouette2/SFS/PT32S,10.48322/y5gh-s748
https://spase-metadata.org/NASA/NumericalData/AMPTE-CCE/CHEM/PT1M,10.48322/927f-9t32
https://spase-metadata.org/NASA/NumericalData/AMPTE-CCE/Ephemeris/PT1M,10.48322/h3bb-tw64
https://spase-metadata.org/NASA/NumericalData/AMPTE-CCE/MEPA/PT0.1875S,10.48322/zz7m-pv06
https://spase-metadata.org/NASA/NumericalData/AMPTE-CCE/MFE/PT5.83S,10.48322/9etr-3f90
https://spase-metadata.org/NASA/NumericalData/AMPTE-IRM/Ephemeris/PT12M,10.48322/r5xw-6583
https://spase-metadata.org/NASA/NumericalData/AMPTE-IRM/MAG/PT4.4S,10.48322/a7re-4b98
https://spase-metadata.org/NASA/NumericalData/AMPTE-IRM/Plasma/PT4.4S,10.48322/e59x-am98
https://spase-metadata.org/NASA/NumericalData/AMPTE-IRM/PWS/PT1M,10.48322/4e6e-ag22
https://spase-metadata.org/NASA/NumericalData/AMPTE-UKS/FGM/PT5S,10.48322/2k6f-w309
https://spase-metadata.org/NASA/NumericalData/AMPTE-UKS/Plasma/FTR/PT5S,10.48322/f31r-dc60
https://spase-metadata.org/NASA/NumericalData/AMPTE-UKS/Plasma/SWI/PT5S,10.48322/jqxv-w989
https://spase-metadata.org/NASA/NumericalData/Apollo12-LM/SWS/PT1HR,10.48322/vars-pj10
https://spase-metadata.org/NASA/NumericalData/Apollo12-LM/SWS/PT28S,10.48322/wh21-c403
https://spase-metadata.org/NASA/NumericalData/Apollo14-LM/CPLEE/PT19S,10.48322/k5xx-9t25
https://spase-metadata.org/NASA/NumericalData/Apollo15-LM/SWS/PT1HR,10.48322/70qp-jj13
https://spase-metadata.org/NASA/NumericalData/Apollo15-LM/SWS/PT28S,10.48322/97e0-5h57
https://spase-metadata.org/NASA/NumericalData/AWE/AMTM/L3/Radiance/PT5580S,10.48322/f2rs-6508
https://spase-metadata.org/NASA/NumericalData/AWE/AMTM/L3/Temperature/PT5580S,10.48322/61nt-1240
https://spase-metadata.org/NASA/NumericalData/BARREL/1A/Ephemeris/L2/PT4S,10.48322/6z4h-nc30
https://spase-metadata.org/NASA/NumericalData/BARREL/1A/FastSpectra/L2/PT0.05S,10.48322/y0xa-nh97
https://spase-metadata.org/NASA/NumericalData/BARREL/1A/Housekeeping/L2/PT40S,10.48322/c6ne-ba73
https://spase-metadata.org/NASA/NumericalData/BARREL/1A/Magnetometer/L2/PT0.25S,10.48322/w6hk-sg12
https://spase-metadata.org/NASA/NumericalData/BARREL/1A/MediumSpectra/L2/PT4S,10.48322/b3tb-2j68
https://spase-metadata.org/NASA/NumericalData/BARREL/1A/RateCounter/L2/PT4S,10.48322/cs79-7n39
https://spase-metadata.org/NASA/NumericalData/BARREL/1A/SlowSpectra/L2/PT32S,10.48322/zf2e-8t15
https://spase-metadata.org/NASA/NumericalData/BARREL/1B/Ephemeris/L2/PT4S,10.48322/6psd-w950
https://spase-metadata.org/NASA/NumericalData/BARREL/1B/FastSpectra/L2/PT0.05S,10.48322/zwpb-gd36
https://spase-metadata.org/NASA/NumericalData/BARREL/1B/Housekeeping/L2/PT40S,10.48322/jnz6-mm05
https://spase-metadata.org/NASA/NumericalData/BARREL/1B/Magnetometer/L2/PT0.25S,10.48322/dvz5-6463
https://spase-metadata.org/NASA/NumericalData/BARREL/1B/MediumSpectra/L2/PT4S,10.48322/xsac-gy90
https://spase-metadata.org/NASA/NumericalData/BARREL/1B/RateCounter/L2/PT4S,10.48322/dafb-ne70
https://spase-metadata.org/NASA/NumericalData/BARREL/1B/SlowSpectra/L2/PT32S,10.48322/m40j-ew70
https://spase-metadata.org/NASA/NumericalData/BARREL/1C/Ephemeris/L2/PT4S,10.48322/drbp-w973
https://spase-metadata.org/NASA/NumericalData/BARREL/1C/FastSpectra/L2/PT0.05S,10.48322/gxys-hr97
https://spase-metadata.org/NASA/NumericalData/BARREL/1C/Housekeeping/L2/PT40S,10.48322/48e3-bc29
https://spase-metadata.org/NASA/NumericalData/BARREL/1C/Magnetometer/L2/PT0.25S,10.48322/8k18-dm67
https://spase-metadata.org/NASA/NumericalData/BARREL/1C/MediumSpectra/L2/PT4S,10.48322/hxs2-n143
https://spase-metadata.org/NASA/NumericalData/BARREL/1C/RateCounter/L2/PT4S,10.48322/m51j-4083
https://spase-metadata.org/NASA/NumericalData/BARREL/1C/SlowSpectra/L2/PT32S,10.48322/zejc-sv71
https://spase-metadata.org/NASA/NumericalData/BARREL/1D/Ephemeris/L2/PT4S,10.48322/25t8-6425
https://spase-metadata.org/NASA/NumericalData/BARREL/1D/FastSpectra/L2/PT0.05S,10.48322/b6ef-hd09
https://spase-metadata.org/NASA/NumericalData/BARREL/1D/Housekeeping/L2/PT40S,10.48322/5zsp-3s97
https://spase-metadata.org/NASA/NumericalData/BARREL/1D/Magnetometer/L2/PT0.25S,10.48322/jv0x-j569
https://spase-metadata.org/NASA/NumericalData/BARREL/1D/MediumSpectra/L2/PT4S,10.48322/64ww-2n81
https://spase-metadata.org/NASA/NumericalData/BARREL/1D/RateCounter/L2/PT4S,10.48322/4h81-bk40
https://spase-metadata.org/NASA/NumericalData/BARREL/1D/SlowSpectra/L2/PT32S,10.48322/4p83-ym30
https://spase-metadata.org/NASA/NumericalData/BARREL/1G/Ephemeris/L2/PT4S,10.48322/h9ph-1g74
https://spase-metadata.org/NASA/NumericalData/BARREL/1G/FastSpectra/L2/PT0.05S,10.48322/wvky-v338
https://spase-metadata.org/NASA/NumericalData/BARREL/1G/Housekeeping/L2/PT40S,10.48322/axks-mn61
https://spase-metadata.org/NASA/NumericalData/BARREL/1G/Magnetometer/L2/PT0.25S,10.48322/hgv2-8860
https://spase-metadata.org/NASA/NumericalData/BARREL/1G/MediumSpectra/L2/PT4S,10.48322/baq8-f915
https://spase-metadata.org/NASA/NumericalData/BARREL/1G/RateCounter/L2/PT4S,10.48322/6cs7-wh14
https://spase-metadata.org/NASA/NumericalData/BARREL/1G/SlowSpectra/L2/PT32S,10.48322/thhq-y177
https://spase-metadata.org/NASA/NumericalData/BARREL/1H/Ephemeris/L2/PT4S,10.48322/pkpa-h637
https://spase-metadata.org/NASA/NumericalData/BARREL/1H/FastSpectra/L2/PT0.05S,10.48322/ajq0-7695
https://spase-metadata.org/NASA/NumericalData/BARREL/1H/Housekeeping/L2/PT40S,10.48322/s49a-y430
https://spase-metadata.org/NASA/NumericalData/BARREL/1H/Magnetometer/L2/PT0.25S,10.48322/by86-xd44
https://spase-metadata.org/NASA/NumericalData/BARREL/1H/MediumSpectra/L2/PT4S,10.48322/26s4-6e86
https://spase-metadata.org/NASA/NumericalData/BARREL/1H/RateCounter/L2/PT4S,10.48322/n4kz-3e94
https://spase-metadata.org/NASA/NumericalData/BARREL/1H/SlowSpectra/L2/PT32S,10.48322/g5sq-zk30
https://spase-metadata.org/NASA/NumericalData/BARREL/1I/Ephemeris/L2/PT4S,10.48322/5y5j-a444
https://spase-metadata.org/NASA/NumericalData/BARREL/1I/FastSpectra/L2/PT0.05S,10.48322/b3my-e903
https://spase-metadata.org/NASA/NumericalData/BARREL/1I/Housekeeping/L2/PT40S,10.48322/w183-cr37
https://spase-metadata.org/NASA/NumericalData/BARREL/1I/Magnetometer/L2/PT0.25S,10.48322/26k0-7g17
https://spase-metadata.org/NASA/NumericalData/BARREL/1I/MediumSpectra/L2/PT4S,10.48322/854v-rh42
https://spase-metadata.org/NASA/NumericalData/BARREL/1I/RateCounter/L2/PT4S,10.48322/npka-5c76
https://spase-metadata.org/NASA/NumericalData/BARREL/1I/SlowSpectra/L2/PT32S,10.48322/rnmb-rf14
https://spase-metadata.org/NASA/NumericalData/BARREL/1J/Ephemeris/L2/PT4S,10.48322/cy7m-z194
https://spase-metadata.org/NASA/NumericalData/BARREL/1J/FastSpectra/L2/PT0.05S,10.48322/v2p2-dg83
https://spase-metadata.org/NASA/NumericalData/BARREL/1J/Housekeeping/L2/PT40S,10.48322/4pm9-wh04
https://spase-metadata.org/NASA/NumericalData/BARREL/1J/Magnetometer/L2/PT0.25S,10.48322/ym6r-0a10
https://spase-metadata.org/NASA/NumericalData/BARREL/1J/MediumSpectra/L2/PT4S,10.48322/rnt4-0620
https://spase-metadata.org/NASA/NumericalData/BARREL/1J/RateCounter/L2/PT4S,10.48322/f1rv-gm55
https://spase-metadata.org/NASA/NumericalData/BARREL/1J/SlowSpectra/L2/PT32S,10.48322/pnc0-t138
https://spase-metadata.org/NASA/NumericalData/BARREL/1K/Ephemeris/L2/PT4S,10.48322/vx0e-1e48
https://spase-metadata.org/NASA/NumericalData/BARREL/1K/FastSpectra/L2/PT0.05S,10.48322/syxw-pc22
https://spase-metadata.org/NASA/NumericalData/BARREL/1K/Housekeeping/L2/PT40S,10.48322/a81f-0j09
https://spase-metadata.org/NASA/NumericalData/BARREL/1K/Magnetometer/L2/PT0.25S,10.48322/thmx-6507
https://spase-metadata.org/NASA/NumericalData/BARREL/1K/MediumSpectra/L2/PT4S,10.48322/zeqt-yf54
https://spase-metadata.org/NASA/NumericalData/BARREL/1K/RateCounter/L2/PT4S,10.48322/5w2z-j063
https://spase-metadata.org/NASA/NumericalData/BARREL/1K/SlowSpectra/L2/PT32S,10.48322/vgdv-8673
https://spase-metadata.org/NASA/NumericalData/BARREL/1M/Ephemeris/L2/PT4S,10.48322/mkdz-qy48
https://spase-metadata.org/NASA/NumericalData/BARREL/1M/FastSpectra/L2/PT0.05S,10.48322/wkna-7f79
https://spase-metadata.org/NASA/NumericalData/BARREL/1M/Housekeeping/L2/PT40S,10.48322/jvbc-xw61
https://spase-metadata.org/NASA/NumericalData/BARREL/1M/Magnetometer/L2/PT0.25S,10.48322/f4ga-sc28
https://spase-metadata.org/NASA/NumericalData/BARREL/1M/MediumSpectra/L2/PT4S,10.48322/syaa-pp39
https://spase-metadata.org/NASA/NumericalData/BARREL/1M/RateCounter/L2/PT4S,10.48322/dvng-1e34
https://spase-metadata.org/NASA/NumericalData/BARREL/1M/SlowSpectra/L2/PT32S,10.48322/np9s-6d14
https://spase-metadata.org/NASA/NumericalData/BARREL/1N/Ephemeris/L2/PT4S,10.48322/27q1-4486
https://spase-metadata.org/NASA/NumericalData/BARREL/1N/FastSpectra/L2/PT0.05S,10.48322/vaed-8q27
https://spase-metadata.org/NASA/NumericalData/BARREL/1N/Housekeeping/L2/PT40S,10.48322/667v-0f59
https://spase-metadata.org/NASA/NumericalData/BARREL/1N/Magnetometer/L2/PT0.25S,10.48322/p356-6j08
https://spase-metadata.org/NASA/NumericalData/BARREL/1N/MediumSpectra/L2/PT4S,10.48322/3th0-gz04
https://spase-metadata.org/NASA/NumericalData/BARREL/1N/RateCounter/L2/PT4S,10.48322/ntk5-gx95
https://spase-metadata.org/NASA/NumericalData/BARREL/1N/SlowSpectra/L2/PT32S,10.48322/jysk-p094
https://spase-metadata.org/NASA/NumericalData/BARREL/1O/Ephemeris/L2/PT4S,10.48322/h7g5-qk94
https://spase-metadata.org/NASA/NumericalData/BARREL/1O/FastSpectra/L2/PT0.05S,10.48322/t156-7k66
https://spase-metadata.org/NASA/NumericalData/BARREL/1O/Housekeeping/L2/PT40S,10.48322/pjg0-gg59
https://spase-metadata.org/NASA/NumericalData/BARREL/1O/Magnetometer/L2/PT0.25S,10.48322/6nf2-qd32
https://spase-metadata.org/NASA/NumericalData/BARREL/1O/MediumSpectra/L2/PT4S,10.48322/cpje-0a97
https://spase-metadata.org/NASA/NumericalData/BARREL/1O/RateCounter/L2/PT4S,10.48322/vnnj-3z47
https://spase-metadata.org/NASA/NumericalData/BARREL/1O/SlowSpectra/L2/PT32S,10.48322/ksyp-7m93
https://spase-metadata.org/NASA/NumericalData/BARREL/1Q/Ephemeris/L2/PT4S,10.48322/h8fk-8v43
https://spase-metadata.org/NASA/NumericalData/BARREL/1Q/FastSpectra/L2/PT0.05S,10.48322/9e32-1f82
https://spase-metadata.org/NASA/NumericalData/BARREL/1Q/Housekeeping/L2/PT40S,10.48322/y9yd-dm68
https://spase-metadata.org/NASA/NumericalData/BARREL/1Q/Magnetometer/L2/PT0.25S,10.48322/fxmc-pd46
https://spase-metadata.org/NASA/NumericalData/BARREL/1Q/MediumSpectra/L2/PT4S,10.48322/fpq5-v930
https://spase-metadata.org/NASA/NumericalData/BARREL/1Q/RateCounter/L2/PT4S,10.48322/kzg3-3n69
https://spase-metadata.org/NASA/NumericalData/BARREL/1Q/SlowSpectra/L2/PT32S,10.48322/dv3a-9472
https://spase-metadata.org/NASA/NumericalData/BARREL/1R/Ephemeris/L2/PT4S,10.48322/wwk9-ag68
https://spase-metadata.org/NASA/NumericalData/BARREL/1R/FastSpectra/L2/PT0.05S,10.48322/vb76-v853
https://spase-metadata.org/NASA/NumericalData/BARREL/1R/Housekeeping/L2/PT40S,10.48322/5xzc-3891
https://spase-metadata.org/NASA/NumericalData/BARREL/1R/Magnetometer/L2/PT0.25S,10.48322/4mcm-d772
https://spase-metadata.org/NASA/NumericalData/BARREL/1R/MediumSpectra/L2/PT4S,10.48322/44q9-sk93
https://spase-metadata.org/NASA/NumericalData/BARREL/1R/RateCounter/L2/PT4S,10.48322/kga8-wm09
https://spase-metadata.org/NASA/NumericalData/BARREL/1R/SlowSpectra/L2/PT32S,10.48322/qnm3-9849
https://spase-metadata.org/NASA/NumericalData/BARREL/1S/Ephemeris/L2/PT4S,10.48322/stcw-qq17
https://spase-metadata.org/NASA/NumericalData/BARREL/1S/FastSpectra/L2/PT0.05S,10.48322/7ww4-qj81
https://spase-metadata.org/NASA/NumericalData/BARREL/1S/Housekeeping/L2/PT40S,10.48322/tcz9-xv08
https://spase-metadata.org/NASA/NumericalData/BARREL/1S/Magnetometer/L2/PT0.25S,10.48322/e5za-b739
https://spase-metadata.org/NASA/NumericalData/BARREL/1S/MediumSpectra/L2/PT4S,10.48322/vfpb-r487
https://spase-metadata.org/NASA/NumericalData/BARREL/1S/RateCounter/L2/PT4S,10.48322/sqsh-9282
https://spase-metadata.org/NASA/NumericalData/BARREL/1S/SlowSpectra/L2/PT32S,10.48322/25ff-2051
https://spase-metadata.org/NASA/NumericalData/BARREL/1T/Ephemeris/L2/PT4S,10.48322/qhdw-8857
https://spase-metadata.org/NASA/NumericalData/BARREL/1T/FastSpectra/L2/PT0.05S,10.48322/dxv1-1175
https://spase-metadata.org/NASA/NumericalData/BARREL/1T/Housekeeping/L2/PT40S,10.48322/mz5s-dx74
https://spase-metadata.org/NASA/NumericalData/BARREL/1T/Magnetometer/L2/PT0.25S,10.48322/03qh-gb67
https://spase-metadata.org/NASA/NumericalData/BARREL/1T/MediumSpectra/L2/PT4S,10.48322/9tdc-za92
https://spase-metadata.org/NASA/NumericalData/BARREL/1T/RateCounter/L2/PT4S,10.48322/x1fx-bj09
https://spase-metadata.org/NASA/NumericalData/BARREL/1T/SlowSpectra/L2/PT32S,10.48322/4mqp-9x78
https://spase-metadata.org/NASA/NumericalData/BARREL/1U/Ephemeris/L2/PT4S,10.48322/5p7b-bk28
https://spase-metadata.org/NASA/NumericalData/BARREL/1U/FastSpectra/L2/PT0.05S,10.48322/qvw8-sc52
https://spase-metadata.org/NASA/NumericalData/BARREL/1U/Housekeeping/L2/PT40S,10.48322/vc63-yg58
https://spase-metadata.org/NASA/NumericalData/BARREL/1U/Magnetometer/L2/PT0.25S,10.48322/90zk-0t28
https://spase-metadata.org/NASA/NumericalData/BARREL/1U/MediumSpectra/L2/PT4S,10.48322/317w-4n52
https://spase-metadata.org/NASA/NumericalData/BARREL/1U/RateCounter/L2/PT4S,10.48322/mhwm-nd09
https://spase-metadata.org/NASA/NumericalData/BARREL/1U/SlowSpectra/L2/PT32S,10.48322/2jk7-k570
https://spase-metadata.org/NASA/NumericalData/BARREL/1V/Ephemeris/L2/PT4S,10.48322/69e2-g517
https://spase-metadata.org/NASA/NumericalData/BARREL/1V/FastSpectra/L2/PT0.05S,10.48322/ajdw-de45
https://spase-metadata.org/NASA/NumericalData/BARREL/1V/Housekeeping/L2/PT40S,10.48322/fbx5-6364
https://spase-metadata.org/NASA/NumericalData/BARREL/1V/Magnetometer/L2/PT0.25S,10.48322/vmhk-5j19
https://spase-metadata.org/NASA/NumericalData/BARREL/1V/MediumSpectra/L2/PT4S,10.48322/kfdn-jm13
https://spase-metadata.org/NASA/NumericalData/BARREL/1V/RateCounter/L2/PT4S,10.48322/vyew-jx42
https://spase-metadata.org/NASA/NumericalData/BARREL/1V/SlowSpectra/L2/PT32S,10.48322/hmhs-rj73
https://spase-metadata.org/NASA/NumericalData/BARREL/2A/Ephemeris/L2/PT4S,10.48322/k17v-zh58
https://spase-metadata.org/NASA/NumericalData/BARREL/2A/FastSpectra/L2/PT0.05S,10.48322/m57x-a377
https://spase-metadata.org/NASA/NumericalData/BARREL/2A/Housekeeping/L2/PT40S,10.48322/ks5e-x703
https://spase-metadata.org/NASA/NumericalData/BARREL/2A/Magnetometer/L2/PT0.25S,10.48322/yk33-2j45
https://spase-metadata.org/NASA/NumericalData/BARREL/2A/MediumSpectra/L2/PT4S,10.48322/haak-6g59
https://spase-metadata.org/NASA/NumericalData/BARREL/2A/RateCounter/L2/PT4S,10.48322/s6ye-gg42
https://spase-metadata.org/NASA/NumericalData/BARREL/2A/SlowSpectra/L2/PT32S,10.48322/zrb7-eh51
https://spase-metadata.org/NASA/NumericalData/BARREL/2B/Ephemeris/L2/PT4S,10.48322/3cb8-6c41
https://spase-metadata.org/NASA/NumericalData/BARREL/2B/FastSpectra/L2/PT0.05S,10.48322/2htf-ef08
https://spase-metadata.org/NASA/NumericalData/BARREL/2B/Housekeeping/L2/PT40S,10.48322/srkd-2n33
https://spase-metadata.org/NASA/NumericalData/BARREL/2B/Magnetometer/L2/PT0.25S,10.48322/4d0f-ke54
https://spase-metadata.org/NASA/NumericalData/BARREL/2B/MediumSpectra/L2/PT4S,10.48322/szae-fh60
https://spase-metadata.org/NASA/NumericalData/BARREL/2B/RateCounter/L2/PT4S,10.48322/sdf6-qg21
https://spase-metadata.org/NASA/NumericalData/BARREL/2B/SlowSpectra/L2/PT32S,10.48322/7rwb-b613
https://spase-metadata.org/NASA/NumericalData/BARREL/2C/Ephemeris/L2/PT4S,10.48322/vg72-ck78
https://spase-metadata.org/NASA/NumericalData/BARREL/2C/FastSpectra/L2/PT0.05S,10.48322/33vt-pk86
https://spase-metadata.org/NASA/NumericalData/BARREL/2C/Housekeeping/L2/PT40S,10.48322/w6a4-bh10
https://spase-metadata.org/NASA/NumericalData/BARREL/2C/Magnetometer/L2/PT0.25S,10.48322/q5wa-bc13
https://spase-metadata.org/NASA/NumericalData/BARREL/2C/MediumSpectra/L2/PT4S,10.48322/zn2s-8628
https://spase-metadata.org/NASA/NumericalData/BARREL/2C/RateCounter/L2/PT4S,10.48322/5c4n-sk89
https://spase-metadata.org/NASA/NumericalData/BARREL/2C/SlowSpectra/L2/PT32S,10.48322/agfe-2f18
https://spase-metadata.org/NASA/NumericalData/BARREL/2D/Ephemeris/L2/PT4S,10.48322/pa71-ct06
https://spase-metadata.org/NASA/NumericalData/BARREL/2D/FastSpectra/L2/PT0.05S,10.48322/c7sw-vd47
https://spase-metadata.org/NASA/NumericalData/BARREL/2D/Housekeeping/L2/PT40S,10.48322/9rrg-s874
https://spase-metadata.org/NASA/NumericalData/BARREL/2D/Magnetometer/L2/PT0.25S,10.48322/6q2f-2j62
https://spase-metadata.org/NASA/NumericalData/BARREL/2D/MediumSpectra/L2/PT4S,10.48322/26r4-w775
https://spase-metadata.org/NASA/NumericalData/BARREL/2D/RateCounter/L2/PT4S,10.48322/j9px-y347
https://spase-metadata.org/NASA/NumericalData/BARREL/2D/SlowSpectra/L2/PT32S,10.48322/qpk7-em74
https://spase-metadata.org/NASA/NumericalData/BARREL/2E/Ephemeris/L2/PT4S,10.48322/gs6h-hk87
https://spase-metadata.org/NASA/NumericalData/BARREL/2E/FastSpectra/L2/PT0.05S,10.48322/hcw9-w939
https://spase-metadata.org/NASA/NumericalData/BARREL/2E/Housekeeping/L2/PT40S,10.48322/fqj7-dv29
https://spase-metadata.org/NASA/NumericalData/BARREL/2E/Magnetometer/L2/PT0.25S,10.48322/e3dc-ca32
https://spase-metadata.org/NASA/NumericalData/BARREL/2E/MediumSpectra/L2/PT4S,10.48322/j2ag-a553
https://spase-metadata.org/NASA/NumericalData/BARREL/2E/RateCounter/L2/PT4S,10.48322/c0bc-ny12
https://spase-metadata.org/NASA/NumericalData/BARREL/2E/SlowSpectra/L2/PT32S,10.48322/acm6-5w68
https://spase-metadata.org/NASA/NumericalData/BARREL/2F/Ephemeris/L2/PT4S,10.48322/ez86-kg25
https://spase-metadata.org/NASA/NumericalData/BARREL/2F/FastSpectra/L2/PT0.05S,10.48322/5b6w-8b58
https://spase-metadata.org/NASA/NumericalData/BARREL/2F/Housekeeping/L2/PT40S,10.48322/mdk4-s678
https://spase-metadata.org/NASA/NumericalData/BARREL/2F/Magnetometer/L2/PT0.25S,10.48322/rsr2-kr32
https://spase-metadata.org/NASA/NumericalData/BARREL/2F/MediumSpectra/L2/PT4S,10.48322/e6ch-hx32
https://spase-metadata.org/NASA/NumericalData/BARREL/2F/RateCounter/L2/PT4S,10.48322/gjen-0231
https://spase-metadata.org/NASA/NumericalData/BARREL/2F/SlowSpectra/L2/PT32S,10.48322/kgnz-hk70
https://spase-metadata.org/NASA/NumericalData/BARREL/2I/Ephemeris/L2/PT4S,10.48322/seqv-5070
https://spase-metadata.org/NASA/NumericalData/BARREL/2I/FastSpectra/L2/PT0.05S,10.48322/dbkq-7r26
https://spase-metadata.org/NASA/NumericalData/BARREL/2I/Housekeeping/L2/PT40S,10.48322/ptm1-0195
https://spase-metadata.org/NASA/NumericalData/BARREL/2I/Magnetometer/L2/PT0.25S,10.48322/8d6a-ye59
https://spase-metadata.org/NASA/NumericalData/BARREL/2I/MediumSpectra/L2/PT4S,10.48322/zpr6-0t37
https://spase-metadata.org/NASA/NumericalData/BARREL/2I/RateCounter/L2/PT4S,10.48322/wk9f-1z22
https://spase-metadata.org/NASA/NumericalData/BARREL/2I/SlowSpectra/L2/PT32S,10.48322/e3qj-p998
https://spase-metadata.org/NASA/NumericalData/BARREL/2K/Ephemeris/L2/PT4S,10.48322/wzv1-4232
https://spase-metadata.org/NASA/NumericalData/BARREL/2K/FastSpectra/L2/PT0.05S,10.48322/r87y-ft15
https://spase-metadata.org/NASA/NumericalData/BARREL/2K/Housekeeping/L2/PT40S,10.48322/xqee-4x09
https://spase-metadata.org/NASA/NumericalData/BARREL/2K/Magnetometer/L2/PT0.25S,10.48322/nmph-2c10
https://spase-metadata.org/NASA/NumericalData/BARREL/2K/MediumSpectra/L2/PT4S,10.48322/bpex-1580
https://spase-metadata.org/NASA/NumericalData/BARREL/2K/RateCounter/L2/PT4S,10.48322/6chq-a612
https://spase-metadata.org/NASA/NumericalData/BARREL/2K/SlowSpectra/L2/PT32S,10.48322/81ce-c654
https://spase-metadata.org/NASA/NumericalData/BARREL/2L/Ephemeris/L2/PT4S,10.48322/2rp7-fc02
https://spase-metadata.org/NASA/NumericalData/BARREL/2L/FastSpectra/L2/PT0.05S,10.48322/3phr-hg17
https://spase-metadata.org/NASA/NumericalData/BARREL/2L/Housekeeping/L2/PT40S,10.48322/vpmt-pa22
https://spase-metadata.org/NASA/NumericalData/BARREL/2L/Magnetometer/L2/PT0.25S,10.48322/3kam-t980
https://spase-metadata.org/NASA/NumericalData/BARREL/2L/MediumSpectra/L2/PT4S,10.48322/f1p2-en15
https://spase-metadata.org/NASA/NumericalData/BARREL/2L/RateCounter/L2/PT4S,10.48322/sd8x-yv62
https://spase-metadata.org/NASA/NumericalData/BARREL/2L/SlowSpectra/L2/PT32S,10.48322/k96c-em33
https://spase-metadata.org/NASA/NumericalData/BARREL/2M/Ephemeris/L2/PT4S,10.48322/ve82-v240
https://spase-metadata.org/NASA/NumericalData/BARREL/2M/FastSpectra/L2/PT0.05S,10.48322/23ep-4d26
https://spase-metadata.org/NASA/NumericalData/BARREL/2M/Housekeeping/L2/PT40S,10.48322/cgt7-j364
https://spase-metadata.org/NASA/NumericalData/BARREL/2M/Magnetometer/L2/PT0.25S,10.48322/kazt-tk82
https://spase-metadata.org/NASA/NumericalData/BARREL/2M/MediumSpectra/L2/PT4S,10.48322/540t-a510
https://spase-metadata.org/NASA/NumericalData/BARREL/2M/RateCounter/L2/PT4S,10.48322/n60z-7r73
https://spase-metadata.org/NASA/NumericalData/BARREL/2M/SlowSpectra/L2/PT32S,10.48322/zhdg-4032
https://spase-metadata.org/NASA/NumericalData/BARREL/2N/Ephemeris/L2/PT4S,10.48322/vcq8-a194
https://spase-metadata.org/NASA/NumericalData/BARREL/2N/FastSpectra/L2/PT0.05S,10.48322/0p2y-ge65
https://spase-metadata.org/NASA/NumericalData/BARREL/2N/Housekeeping/L2/PT40S,10.48322/mer9-cq38
https://spase-metadata.org/NASA/NumericalData/BARREL/2N/Magnetometer/L2/PT0.25S,10.48322/g5z3-bg91
https://spase-metadata.org/NASA/NumericalData/BARREL/2N/MediumSpectra/L2/PT4S,10.48322/nnvk-bd41
https://spase-metadata.org/NASA/NumericalData/BARREL/2N/RateCounter/L2/PT4S,10.48322/r05q-ne63
https://spase-metadata.org/NASA/NumericalData/BARREL/2N/SlowSpectra/L2/PT32S,10.48322/s47j-y384
https://spase-metadata.org/NASA/NumericalData/BARREL/2O/Ephemeris/L2/PT4S,10.48322/7d2h-d765
https://spase-metadata.org/NASA/NumericalData/BARREL/2O/FastSpectra/L2/PT0.05S,10.48322/9dnf-9q17
https://spase-metadata.org/NASA/NumericalData/BARREL/2O/Housekeeping/L2/PT40S,10.48322/f3a4-kc09
https://spase-metadata.org/NASA/NumericalData/BARREL/2O/Magnetometer/L2/PT0.25S,10.48322/hbn0-ed44
https://spase-metadata.org/NASA/NumericalData/BARREL/2O/MediumSpectra/L2/PT4S,10.48322/jqy7-v984
https://spase-metadata.org/NASA/NumericalData/BARREL/2O/RateCounter/L2/PT4S,10.48322/wmv8-qy98
https://spase-metadata.org/NASA/NumericalData/BARREL/2O/SlowSpectra/L2/PT32S,10.48322/e6v8-mw75
https://spase-metadata.org/NASA/NumericalData/BARREL/2P/Ephemeris/L2/PT4S,10.48322/rncw-7m94
https://spase-metadata.org/NASA/NumericalData/BARREL/2P/FastSpectra/L2/PT0.05S,10.48322/vpq4-qq24
https://spase-metadata.org/NASA/NumericalData/BARREL/2P/Housekeeping/L2/PT40S,10.48322/cpdt-pn06
https://spase-metadata.org/NASA/NumericalData/BARREL/2P/Magnetometer/L2/PT0.25S,10.48322/5bsk-hr87
https://spase-metadata.org/NASA/NumericalData/BARREL/2P/MediumSpectra/L2/PT4S,10.48322/9pn2-q783
https://spase-metadata.org/NASA/NumericalData/BARREL/2P/RateCounter/L2/PT4S,10.48322/wcsq-3h51
https://spase-metadata.org/NASA/NumericalData/BARREL/2P/SlowSpectra/L2/PT32S,10.48322/wy87-9b67
https://spase-metadata.org/NASA/NumericalData/BARREL/2Q/Ephemeris/L2/PT4S,10.48322/mzbd-3w07
https://spase-metadata.org/NASA/NumericalData/BARREL/2Q/FastSpectra/L2/PT0.05S,10.48322/bdf5-qy57
https://spase-metadata.org/NASA/NumericalData/BARREL/2Q/Housekeeping/L2/PT40S,10.48322/emkt-d141
https://spase-metadata.org/NASA/NumericalData/BARREL/2Q/Magnetometer/L2/PT0.25S,10.48322/dy96-b422
https://spase-metadata.org/NASA/NumericalData/BARREL/2Q/MediumSpectra/L2/PT4S,10.48322/fhf4-8149
https://spase-metadata.org/NASA/NumericalData/BARREL/2Q/RateCounter/L2/PT4S,10.48322/vkgs-yb27
https://spase-metadata.org/NASA/NumericalData/BARREL/2Q/SlowSpectra/L2/PT32S,10.48322/p9y0-9339
https://spase-metadata.org/NASA/NumericalData/BARREL/2T/Ephemeris/L2/PT4S,10.48322/1dnz-5546
https://spase-metadata.org/NASA/NumericalData/BARREL/2T/FastSpectra/L2/PT0.05S,10.48322/362k-9s76
https://spase-metadata.org/NASA/NumericalData/BARREL/2T/Housekeeping/L2/PT40S,10.48322/hxx4-xw56
https://spase-metadata.org/NASA/NumericalData/BARREL/2T/Magnetometer/L2/PT0.25S,10.48322/zyfb-em84
https://spase-metadata.org/NASA/NumericalData/BARREL/2T/MediumSpectra/L2/PT4S,10.48322/7cm2-j892
https://spase-metadata.org/NASA/NumericalData/BARREL/2T/RateCounter/L2/PT4S,10.48322/fa3p-vm65
https://spase-metadata.org/NASA/NumericalData/BARREL/2T/SlowSpectra/L2/PT32S,10.48322/mep9-ew14
https://spase-metadata.org/NASA/NumericalData/BARREL/2W/Ephemeris/L2/PT4S,10.48322/686v-cj69
https://spase-metadata.org/NASA/NumericalData/BARREL/2W/FastSpectra/L2/PT0.05S,10.48322/2qs7-6888
https://spase-metadata.org/NASA/NumericalData/BARREL/2W/Housekeeping/L2/PT40S,10.48322/8yxs-k148
https://spase-metadata.org/NASA/NumericalData/BARREL/2W/Magnetometer/L2/PT0.25S,10.48322/41r3-pk06
https://spase-metadata.org/NASA/NumericalData/BARREL/2W/MediumSpectra/L2/PT4S,10.48322/sfr2-c574
https://spase-metadata.org/NASA/NumericalData/BARREL/2W/RateCounter/L2/PT4S,10.48322/zk66-9z83
https://spase-metadata.org/NASA/NumericalData/BARREL/2W/SlowSpectra/L2/PT32S,10.48322/c2ry-tr16
https://spase-metadata.org/NASA/NumericalData/BARREL/2X/Ephemeris/L2/PT4S,10.48322/hjr5-e182
https://spase-metadata.org/NASA/NumericalData/BARREL/2X/FastSpectra/L2/PT0.05S,10.48322/ravw-5f48
https://spase-metadata.org/NASA/NumericalData/BARREL/2X/Housekeeping/L2/PT40S,10.48322/b59z-vy34
https://spase-metadata.org/NASA/NumericalData/BARREL/2X/Magnetometer/L2/PT0.25S,10.48322/k50e-7b59
https://spase-metadata.org/NASA/NumericalData/BARREL/2X/MediumSpectra/L2/PT4S,10.48322/0884-ya29
https://spase-metadata.org/NASA/NumericalData/BARREL/2X/RateCounter/L2/PT4S,10.48322/2hyd-p019
https://spase-metadata.org/NASA/NumericalData/BARREL/2X/SlowSpectra/L2/PT32S,10.48322/1rzk-fj72
https://spase-metadata.org/NASA/NumericalData/BARREL/2Y/Ephemeris/L2/PT4S,10.48322/6ct2-7m72
https://spase-metadata.org/NASA/NumericalData/BARREL/2Y/FastSpectra/L2/PT0.05S,10.48322/gfv6-mp73
https://spase-metadata.org/NASA/NumericalData/BARREL/2Y/Housekeeping/L2/PT40S,10.48322/q3gf-7k21
https://spase-metadata.org/NASA/NumericalData/BARREL/2Y/Magnetometer/L2/PT0.25S,10.48322/58mf-ha76
https://spase-metadata.org/NASA/NumericalData/BARREL/2Y/MediumSpectra/L2/PT4S,10.48322/qskf-jg98
https://spase-metadata.org/NASA/NumericalData/BARREL/2Y/RateCounter/L2/PT4S,10.48322/9s7d-md89
https://spase-metadata.org/NASA/NumericalData/BARREL/2Y/SlowSpectra/L2/PT32S,10.48322/br21-hq14
https://spase-metadata.org/NASA/NumericalData/BARREL/3A/Ephemeris/L2/PT4S,10.48322/rf94-w711
https://spase-metadata.org/NASA/NumericalData/BARREL/3A/FastSpectra/L2/PT0.05S,10.48322/ndyh-wr73
https://spase-metadata.org/NASA/NumericalData/BARREL/3A/Housekeeping/L2/PT40S,10.48322/jag5-cj38
https://spase-metadata.org/NASA/NumericalData/BARREL/3A/Magnetometer/L2/PT0.25S,10.48322/vx93-wa27
https://spase-metadata.org/NASA/NumericalData/BARREL/3A/MediumSpectra/L2/PT4S,10.48322/qaax-ap13
https://spase-metadata.org/NASA/NumericalData/BARREL/3A/RateCounter/L2/PT4S,10.48322/gf3k-qk78
https://spase-metadata.org/NASA/NumericalData/BARREL/3A/SlowSpectra/L2/PT32S,10.48322/y2av-tc84
https://spase-metadata.org/NASA/NumericalData/BARREL/3B/Ephemeris/L2/PT4S,10.48322/xg1n-0b95
https://spase-metadata.org/NASA/NumericalData/BARREL/3B/FastSpectra/L2/PT0.05S,10.48322/zfva-7247
https://spase-metadata.org/NASA/NumericalData/BARREL/3B/Housekeeping/L2/PT40S,10.48322/5axh-d034
https://spase-metadata.org/NASA/NumericalData/BARREL/3B/Magnetometer/L2/PT0.25S,10.48322/vgpv-9j39
https://spase-metadata.org/NASA/NumericalData/BARREL/3B/MediumSpectra/L2/PT4S,10.48322/45b0-zh24
https://spase-metadata.org/NASA/NumericalData/BARREL/3B/RateCounter/L2/PT4S,10.48322/crfn-yj32
https://spase-metadata.org/NASA/NumericalData/BARREL/3B/SlowSpectra/L2/PT32S,10.48322/9695-st55
https://spase-metadata.org/NASA/NumericalData/BARREL/3C/Ephemeris/L2/PT4S,10.48322/1fk8-z856
https://spase-metadata.org/NASA/NumericalData/BARREL/3C/FastSpectra/L2/PT0.05S,10.48322/kaq2-2n16
https://spase-metadata.org/NASA/NumericalData/BARREL/3C/Housekeeping/L2/PT40S,10.48322/j6tc-qr91
https://spase-metadata.org/NASA/NumericalData/BARREL/3C/Magnetometer/L2/PT0.25S,10.48322/7kzj-8892
https://spase-metadata.org/NASA/NumericalData/BARREL/3C/MediumSpectra/L2/PT4S,10.48322/vmwt-tj82
https://spase-metadata.org/NASA/NumericalData/BARREL/3C/RateCounter/L2/PT4S,10.48322/gaq1-e914
https://spase-metadata.org/NASA/NumericalData/BARREL/3C/SlowSpectra/L2/PT32S,10.48322/bypk-cz78
https://spase-metadata.org/NASA/NumericalData/BARREL/3D/Ephemeris/L2/PT4S,10.48322/m49n-7f05
https://spase-metadata.org/NASA/NumericalData/BARREL/3D/FastSpectra/L2/PT0.05S,10.48322/4ezv-t009
https://spase-metadata.org/NASA/NumericalData/BARREL/3D/Housekeeping/L2/PT40S,10.48322/8m2m-a059
https://spase-metadata.org/NASA/NumericalData/BARREL/3D/Magnetometer/L2/PT0.25S,10.48322/gtyx-m063
https://spase-metadata.org/NASA/NumericalData/BARREL/3D/MediumSpectra/L2/PT4S,10.48322/11nj-q752
https://spase-metadata.org/NASA/NumericalData/BARREL/3D/RateCounter/L2/PT4S,10.48322/dgg1-gn58
https://spase-metadata.org/NASA/NumericalData/BARREL/3D/SlowSpectra/L2/PT32S,10.48322/qrg9-0r11
https://spase-metadata.org/NASA/NumericalData/BARREL/3E/Ephemeris/L2/PT4S,10.48322/9gcz-1f05
https://spase-metadata.org/NASA/NumericalData/BARREL/3E/FastSpectra/L2/PT0.05S,10.48322/ycaj-t234
https://spase-metadata.org/NASA/NumericalData/BARREL/3E/Housekeeping/L2/PT40S,10.48322/gvhe-3y17
https://spase-metadata.org/NASA/NumericalData/BARREL/3E/Magnetometer/L2/PT0.25S,10.48322/qsee-cc93
https://spase-metadata.org/NASA/NumericalData/BARREL/3E/MediumSpectra/L2/PT4S,10.48322/9he8-2n21
https://spase-metadata.org/NASA/NumericalData/BARREL/3E/RateCounter/L2/PT4S,10.48322/e8hc-xc72
https://spase-metadata.org/NASA/NumericalData/BARREL/3E/SlowSpectra/L2/PT32S,10.48322/3t6h-hq76
https://spase-metadata.org/NASA/NumericalData/BARREL/3F/Ephemeris/L2/PT4S,10.48322/bnx3-b780
https://spase-metadata.org/NASA/NumericalData/BARREL/3F/FastSpectra/L2/PT0.05S,10.48322/evmz-ex46
https://spase-metadata.org/NASA/NumericalData/BARREL/3F/Housekeeping/L2/PT40S,10.48322/v1w6-nc88
https://spase-metadata.org/NASA/NumericalData/BARREL/3F/Magnetometer/L2/PT0.25S,10.48322/5xj6-ja79
https://spase-metadata.org/NASA/NumericalData/BARREL/3F/MediumSpectra/L2/PT4S,10.48322/811n-3b48
https://spase-metadata.org/NASA/NumericalData/BARREL/3F/RateCounter/L2/PT4S,10.48322/3sjj-r365
https://spase-metadata.org/NASA/NumericalData/BARREL/3F/SlowSpectra/L2/PT32S,10.48322/s4vw-m998
https://spase-metadata.org/NASA/NumericalData/BARREL/3G/Ephemeris/L2/PT4S,10.48322/n222-b468
https://spase-metadata.org/NASA/NumericalData/BARREL/3G/FastSpectra/L2/PT0.05S,10.48322/1fcc-za91
https://spase-metadata.org/NASA/NumericalData/BARREL/3G/Housekeeping/L2/PT40S,10.48322/8kje-3r88
https://spase-metadata.org/NASA/NumericalData/BARREL/3G/Magnetometer/L2/PT0.25S,10.48322/znf7-mh36
https://spase-metadata.org/NASA/NumericalData/BARREL/3G/MediumSpectra/L2/PT4S,10.48322/bm2e-fv03
https://spase-metadata.org/NASA/NumericalData/BARREL/3G/RateCounter/L2/PT4S,10.48322/x9pb-4e60
https://spase-metadata.org/NASA/NumericalData/BARREL/3G/SlowSpectra/L2/PT32S,10.48322/rsp5-6d40
https://spase-metadata.org/NASA/NumericalData/BARREL/4A/Ephemeris/L2/PT4S,10.48322/an8a-3b17
https://spase-metadata.org/NASA/NumericalData/BARREL/4A/ExtraSpectra/L2/PT0.05S,10.48322/2skp-j632
https://spase-metadata.org/NASA/NumericalData/BARREL/4A/FastSpectra/L2/PT0.05S,10.48322/7s7b-3229
https://spase-metadata.org/NASA/NumericalData/BARREL/4A/Housekeeping/L2/PT40S,10.48322/t8gq-8s91
https://spase-metadata.org/NASA/NumericalData/BARREL/4A/MediumSpectra/L2/PT4S,10.48322/3789-pf08
https://spase-metadata.org/NASA/NumericalData/BARREL/4A/RateCounter/L2/PT4S,10.48322/s0hp-4t50
https://spase-metadata.org/NASA/NumericalData/BARREL/4A/SlowSpectra/L2/PT32S,10.48322/55np-j827
https://spase-metadata.org/NASA/NumericalData/BARREL/4A/UltraFastSpectra/L2/PT0.01S,10.48322/qqaw-g498
https://spase-metadata.org/NASA/NumericalData/BARREL/4B/Ephemeris/L2/PT4S,10.48322/501n-7c49
https://spase-metadata.org/NASA/NumericalData/BARREL/4B/ExtraSpectra/L2/PT0.05S,10.48322/7f5h-rk69
https://spase-metadata.org/NASA/NumericalData/BARREL/4B/FastSpectra/L2/PT0.05S,10.48322/e1nn-pv68
https://spase-metadata.org/NASA/NumericalData/BARREL/4B/Housekeeping/L2/PT40S,10.48322/72c2-2d03
https://spase-metadata.org/NASA/NumericalData/BARREL/4B/MediumSpectra/L2/PT4S,10.48322/jh4p-wt91
https://spase-metadata.org/NASA/NumericalData/BARREL/4B/RateCounter/L2/PT4S,10.48322/egxz-qr75
https://spase-metadata.org/NASA/NumericalData/BARREL/4B/SlowSpectra/L2/PT32S,10.48322/yjge-sb94
https://spase-metadata.org/NASA/NumericalData/BARREL/4B/UltraFastSpectra/L2/PT0.01S,10.48322/x1vj-7e22
https://spase-metadata.org/NASA/NumericalData/BARREL/4C/Ephemeris/L2/PT4S,10.48322/xm4d-w960
https://spase-metadata.org/NASA/NumericalData/BARREL/4C/ExtraSpectra/L2/PT0.05S,10.48322/t582-z012
https://spase-metadata.org/NASA/NumericalData/BARREL/4C/FastSpectra/L2/PT0.05S,10.48322/73vs-tb09
https://spase-metadata.org/NASA/NumericalData/BARREL/4C/Housekeeping/L2/PT40S,10.48322/7vxz-fd54
https://spase-metadata.org/NASA/NumericalData/BARREL/4C/MediumSpectra/L2/PT4S,10.48322/fadd-w378
https://spase-metadata.org/NASA/NumericalData/BARREL/4C/RateCounter/L2/PT4S,10.48322/100t-5m08
https://spase-metadata.org/NASA/NumericalData/BARREL/4C/SlowSpectra/L2/PT32S,10.48322/fhn8-ab85
https://spase-metadata.org/NASA/NumericalData/BARREL/4C/UltraFastSpectra/L2/PT0.01S,10.48322/0exd-5863
https://spase-metadata.org/NASA/NumericalData/BARREL/4D/Ephemeris/L2/PT4S,10.48322/e7qc-bf96
https://spase-metadata.org/NASA/NumericalData/BARREL/4D/ExtraSpectra/L2/PT0.05S,10.48322/h5aq-6g83
https://spase-metadata.org/NASA/NumericalData/BARREL/4D/FastSpectra/L2/PT0.05S,10.48322/87qk-y542
https://spase-metadata.org/NASA/NumericalData/BARREL/4D/Housekeeping/L2/PT40S,10.48322/vw4w-5p31
https://spase-metadata.org/NASA/NumericalData/BARREL/4D/MediumSpectra/L2/PT4S,10.48322/vxa0-6x03
https://spase-metadata.org/NASA/NumericalData/BARREL/4D/RateCounter/L2/PT4S,10.48322/81g2-6868
https://spase-metadata.org/NASA/NumericalData/BARREL/4D/SlowSpectra/L2/PT32S,10.48322/2vk5-5621
https://spase-metadata.org/NASA/NumericalData/BARREL/4D/UltraFastSpectra/L2/PT0.01S,10.48322/te8x-0295
https://spase-metadata.org/NASA/NumericalData/BARREL/4E/Ephemeris/L2/PT4S,10.48322/j5ay-np19
https://spase-metadata.org/NASA/NumericalData/BARREL/4E/ExtraSpectra/L2/PT0.05S,10.48322/zbb6-g597
https://spase-metadata.org/NASA/NumericalData/BARREL/4E/FastSpectra/L2/PT0.05S,10.48322/dcqb-7a76
https://spase-metadata.org/NASA/NumericalData/BARREL/4E/Housekeeping/L2/PT40S,10.48322/aaft-vd56
https://spase-metadata.org/NASA/NumericalData/BARREL/4E/MediumSpectra/L2/PT4S,10.48322/731v-ey55
https://spase-metadata.org/NASA/NumericalData/BARREL/4E/RateCounter/L2/PT4S,10.48322/yedd-xa76
https://spase-metadata.org/NASA/NumericalData/BARREL/4E/SlowSpectra/L2/PT32S,10.48322/3qq3-f376
https://spase-metadata.org/NASA/NumericalData/BARREL/4E/UltraFastSpectra/L2/PT0.01S,10.48322/3azn-hd29
https://spase-metadata.org/NASA/NumericalData/BARREL/4F/Ephemeris/L2/PT4S,10.48322/7w8a-8m45
https://spase-metadata.org/NASA/NumericalData/BARREL/4F/ExtraSpectra/L2/PT0.05S,10.48322/pnpm-1517
https://spase-metadata.org/NASA/NumericalData/BARREL/4F/FastSpectra/L2/PT0.05S,10.48322/mq7h-3g02
https://spase-metadata.org/NASA/NumericalData/BARREL/4F/Housekeeping/L2/PT40S,10.48322/mfdf-mz87
https://spase-metadata.org/NASA/NumericalData/BARREL/4F/MediumSpectra/L2/PT4S,10.48322/r6db-7n65
https://spase-metadata.org/NASA/NumericalData/BARREL/4F/RateCounter/L2/PT4S,10.48322/9g5m-f692
https://spase-metadata.org/NASA/NumericalData/BARREL/4F/SlowSpectra/L2/PT32S,10.48322/akna-3594
https://spase-metadata.org/NASA/NumericalData/BARREL/4F/UltraFastSpectra/L2/PT0.01S,10.48322/d1b9-1265
https://spase-metadata.org/NASA/NumericalData/BARREL/4G/Ephemeris/L2/PT4S,10.48322/jnd7-q680
https://spase-metadata.org/NASA/NumericalData/BARREL/4G/ExtraSpectra/L2/PT0.05S,10.48322/9bjd-aq22
https://spase-metadata.org/NASA/NumericalData/BARREL/4G/FastSpectra/L2/PT0.05S,10.48322/n53n-4k42
https://spase-metadata.org/NASA/NumericalData/BARREL/4G/Housekeeping/L2/PT40S,10.48322/j7v3-sv26
https://spase-metadata.org/NASA/NumericalData/BARREL/4G/MediumSpectra/L2/PT4S,10.48322/vgsj-k850
https://spase-metadata.org/NASA/NumericalData/BARREL/4G/RateCounter/L2/PT4S,10.48322/hs03-wp02
https://spase-metadata.org/NASA/NumericalData/BARREL/4G/SlowSpectra/L2/PT32S,10.48322/rdhd-z209
https://spase-metadata.org/NASA/NumericalData/BARREL/4G/UltraFastSpectra/L2/PT0.01S,10.48322/evdm-e082
https://spase-metadata.org/NASA/NumericalData/BARREL/4H/Ephemeris/L2/PT4S,10.48322/es6y-6n86
https://spase-metadata.org/NASA/NumericalData/BARREL/4H/ExtraSpectra/L2/PT0.05S,10.48322/h0qm-2s69
https://spase-metadata.org/NASA/NumericalData/BARREL/4H/FastSpectra/L2/PT0.05S,10.48322/rpat-8t81
https://spase-metadata.org/NASA/NumericalData/BARREL/4H/Housekeeping/L2/PT40S,10.48322/2891-0775
https://spase-metadata.org/NASA/NumericalData/BARREL/4H/MediumSpectra/L2/PT4S,10.48322/3ndc-mp02
https://spase-metadata.org/NASA/NumericalData/BARREL/4H/RateCounter/L2/PT4S,10.48322/j2w5-a591
https://spase-metadata.org/NASA/NumericalData/BARREL/4H/SlowSpectra/L2/PT32S,10.48322/0j1v-3a83
https://spase-metadata.org/NASA/NumericalData/BARREL/4H/UltraFastSpectra/L2/PT0.01S,10.48322/np9h-zy23
https://spase-metadata.org/NASA/NumericalData/BARREL/5A/Ephemeris/L2/PT4S,10.48322/hj7s-z115
https://spase-metadata.org/NASA/NumericalData/BARREL/5A/ExtraSpectra/L2/PT0.05S,10.48322/8qm4-cx89
https://spase-metadata.org/NASA/NumericalData/BARREL/5A/FastSpectra/L2/PT0.05S,10.48322/1tv8-2n28
https://spase-metadata.org/NASA/NumericalData/BARREL/5A/Housekeeping/L2/PT40S,10.48322/9dg9-d695
https://spase-metadata.org/NASA/NumericalData/BARREL/5A/MediumSpectra/L2/PT4S,10.48322/x8y9-f014
https://spase-metadata.org/NASA/NumericalData/BARREL/5A/RateCounter/L2/PT4S,10.48322/vn0r-ca50
https://spase-metadata.org/NASA/NumericalData/BARREL/5A/SlowSpectra/L2/PT32S,10.48322/3ea8-3f36
https://spase-metadata.org/NASA/NumericalData/BARREL/5A/UltraFastSpectra/L2/PT0.01S,10.48322/q41s-0145
https://spase-metadata.org/NASA/NumericalData/BepiColombo/HelioWeb/Ephemeris/P1D,10.48322/cyec-7n35
https://spase-metadata.org/NASA/NumericalData/BepiColombo/HelioWeb/Ephemeris/PT1H,10.48322/9vgp-6k19
https://spase-metadata.org/NASA/NumericalData/Cassini/HelioWeb/Ephemeris/P1D,10.48322/7x96-1j49
https://spase-metadata.org/NASA/NumericalData/Cassini/HelioWeb/Ephemeris/PT1H,10.48322/86mw-ad45
https://spase-metadata.org/NASA/NumericalData/Cassini/MAG/CDF/PT1M,10.48322/vfsa-ej68
https://spase-metadata.org/NASA/NumericalData/Cassini/MAG/Cruise.Phase/PT1M,10.48322/gn88-1h66
https://spase-metadata.org/NASA/NumericalData/Cassini/MAG/Full_Res/V1,10.48322/qpxc-td31
https://spase-metadata.org/NASA/NumericalData/Cassini/MAG/PT60S,10.48322/9ce4-6p81
https://spase-metadata.org/NASA/NumericalData/Cassini/RPWS/KP/PT60S,10.48322/qzkz-0s69
https://spase-metadata.org/NASA/NumericalData/Cassini/RPWS/LRFULL/PT32S,10.48322/nnve-y327
https://spase-metadata.org/NASA/NumericalData/Cluster/EDI/SummaryParameter/PT60S,10.48322/nh8r-qw87
https://spase-metadata.org/NASA/NumericalData/Cluster-Rumba/EDI/CSA/PT0.0625S,10.48322/yhj0-qz98
https://spase-metadata.org/NASA/NumericalData/Cluster-Rumba/EDI/PrimeParameter/PT4S,10.48322/3cp4-n849
https://spase-metadata.org/NASA/NumericalData/Cluster-Rumba/WBD/BM2/PT0.0000046S,10.48322/pr6f-rd05
https://spase-metadata.org/NASA/NumericalData/Cluster-Rumba/WBD/PT0.0000046S,10.48322/7jw6-ks09
https://spase-metadata.org/NASA/NumericalData/Cluster-Salsa/EDI/CSA/PT0.016S,10.48322/1cyr-x753
https://spase-metadata.org/NASA/NumericalData/Cluster-Salsa/EDI/PrimeParameter/PT4S,10.48322/g7ht-c763
https://spase-metadata.org/NASA/NumericalData/Cluster-Salsa/WBD/BM2/PT0.0000046S,10.48322/9w1c-fm41
https://spase-metadata.org/NASA/NumericalData/Cluster-Salsa/WBD/PT0.0000046S,10.48322/8hs9-sg97
https://spase-metadata.org/NASA/NumericalData/Cluster-Samba/EDI/CSA/PT0.0625S,10.48322/rwbc-0g86
https://spase-metadata.org/NASA/NumericalData/Cluster-Samba/EDI/PrimeParameter/PT4S,10.48322/pn1d-v155
https://spase-metadata.org/NASA/NumericalData/Cluster-Samba/WBD/BM2/PT0.0000046S,10.48322/j343-w783
https://spase-metadata.org/NASA/NumericalData/Cluster-Samba/WBD/PT0.0000046S,10.48322/y123-4274
https://spase-metadata.org/NASA/NumericalData/Cluster-Tango/EDI/CSA/PT0.0625S,10.48322/sw7q-1m23
https://spase-metadata.org/NASA/NumericalData/Cluster-Tango/EDI/PrimeParameter/PT4S,10.48322/9srb-jb74
https://spase-metadata.org/NASA/NumericalData/Cluster-Tango/WBD/BM2/PT0.0000046S,10.48322/4avh-ds39
https://spase-metadata.org/NASA/NumericalData/Cluster-Tango/WBD/PT0.0000046S,10.48322/nepa-q824
https://spase-metadata.org/NASA/NumericalData/CNOFS/CINDI/IVM/PT0.5S,10.48322/r9x4-x639
https://spase-metadata.org/NASA/NumericalData/CNOFS/Ephemeris/PT1M,10.48322/5yxz-d316
https://spase-metadata.org/NASA/NumericalData/CNOFS/PLP/PT1S,10.48322/xnnr-w563
https://spase-metadata.org/NASA/NumericalData/CNOFS/VEFI/BField/PT1S,10.48322/vbt7-gj03
https://spase-metadata.org/NASA/NumericalData/CNOFS/VEFI/EField/PT1S,10.48322/1dcn-xp86
https://spase-metadata.org/NASA/NumericalData/CNOFS/VEFI/Lightning/PT0.5S,10.48322/pv2n-aj92
https://spase-metadata.org/NASA/NumericalData/CRRES/HEEF/PT1M,10.48322/qhez-t443
https://spase-metadata.org/NASA/NumericalData/CRRES/HEEF/PT5H,10.48322/chqz-db41
https://spase-metadata.org/NASA/NumericalData/CRRES/LPI/PT30S,10.48322/py0m-0t58
https://spase-metadata.org/NASA/NumericalData/CRRES/MAG/PT10H,10.48322/qzgy-zm18
https://spase-metadata.org/NASA/NumericalData/CRRES/MAG/PT2S,10.48322/dp5m-x913
https://spase-metadata.org/NASA/NumericalData/CRRES/MAG/PT30S,10.48322/dh28-sc29
https://spase-metadata.org/NASA/NumericalData/CRRES/MEA/PT1M,10.48322/8e23-cz17
https://spase-metadata.org/NASA/NumericalData/CRRES/PROTEL/PT1M,10.48322/0vec-rd58
https://spase-metadata.org/NASA/NumericalData/CRRES/PROTEL/PT5H,10.48322/7wag-2205
https://spase-metadata.org/NASA/NumericalData/CRRES/PWE/PT8S,10.48322/h16h-5p19
https://spase-metadata.org/NASA/NumericalData/CubeSat/CSSWE/REPTile/L1/Counts/PT6S,10.48322/dy3g-xz52
https://spase-metadata.org/NASA/NumericalData/CubeSat/CSSWE/REPTile/L2/Flux/PT6S,10.48322/brd0-ak96
https://spase-metadata.org/NASA/NumericalData/DE1/EICS/PT96S,10.48322/1gca-r323
https://spase-metadata.org/NASA/NumericalData/DE1/Ephemeris/PT1M,10.48322/q5z1-qa02
https://spase-metadata.org/NASA/NumericalData/DE1/Ephemeris/PT8S,10.48322/wma0-gq05
https://spase-metadata.org/NASA/NumericalData/DE1/MAGA/PT0.062S,10.48322/52sp-cp55
https://spase-metadata.org/NASA/NumericalData/DE1/PWI/DCEF/PT1S,10.48322/cnpg-th12
https://spase-metadata.org/NASA/NumericalData/DE1/PWI/LFC/A/PT1S,10.48322/6b1w-bp55
https://spase-metadata.org/NASA/NumericalData/DE1/PWI/LFC/B/PT1S,10.48322/18cz-mt87
https://spase-metadata.org/NASA/NumericalData/DE1/PWI/LFC/PT0.25S,10.48322/hx4p-3v35
https://spase-metadata.org/NASA/NumericalData/DE1/PWI/LFC/PT1S,10.48322/9h89-qs29
https://spase-metadata.org/NASA/NumericalData/DE1/PWI/SFC/A/PT1S,10.48322/0mrk-nx24
https://spase-metadata.org/NASA/NumericalData/DE1/PWI/SFC/B/PT1S,10.48322/swx9-ae14
https://spase-metadata.org/NASA/NumericalData/DE1/PWI/SFC/PT0.25S,10.48322/cb14-a164
https://spase-metadata.org/NASA/NumericalData/DE1/PWI/SFC/PT1S,10.48322/c1m2-bz50
https://spase-metadata.org/NASA/NumericalData/DE1/RIMS/PT1M,10.48322/4e3s-bm07
https://spase-metadata.org/NASA/NumericalData/DE1/SAI/PT3M,10.48322/t7ya-6231
https://spase-metadata.org/NASA/NumericalData/DE2/BVEFI/MATRIX/PT0.5S,10.48322/b26t-6h75
https://spase-metadata.org/NASA/NumericalData/DE2/BVEFI/PT0.5S,10.48322/x7e6-y930
https://spase-metadata.org/NASA/NumericalData/DE2/Ephemeris/PT1M,10.48322/xv84-f846
https://spase-metadata.org/NASA/NumericalData/DE2/FPI/Neutral/PT8S,10.48322/22v6-0p09
https://spase-metadata.org/NASA/NumericalData/DE2/IDM/PT0.25S,10.48322/reef-jt02
https://spase-metadata.org/NASA/NumericalData/DE2/LANG/PT0.5S,10.48322/yq6h-5g10
https://spase-metadata.org/NASA/NumericalData/DE2/MAGB/PT0.062S,10.48322/dmkx-vw64
https://spase-metadata.org/NASA/NumericalData/DE2/MAGB-VEFI/ASCII/PT0.5S,10.48322/01wt-6296
https://spase-metadata.org/NASA/NumericalData/DE2/MAGB-VEFI/CDF/PT0.062S,10.48322/ha70-4305
https://spase-metadata.org/NASA/NumericalData/DE2/NACS/PT1S,10.48322/j8kp-5y58
https://spase-metadata.org/NASA/NumericalData/DE2/PT16S,10.48322/1w0s-2q42
https://spase-metadata.org/NASA/NumericalData/DE2/RPA/PT0.016S,10.48322/aab6-jj49
https://spase-metadata.org/NASA/NumericalData/DE2/RPA/PT2S,10.48322/41b3-kz41
https://spase-metadata.org/NASA/NumericalData/DE2/VEFI/AC/ASCII/PT0.5S,10.48322/8tb3-gn30
https://spase-metadata.org/NASA/NumericalData/DE2/VEFI/AC/CDF/PT0.5S,10.48322/x1km-9q17
https://spase-metadata.org/NASA/NumericalData/DE2/VEFI/DC/ASCII/PT0.5S,10.48322/8c9v-t045
https://spase-metadata.org/NASA/NumericalData/DE2/VEFI/DC/CDF/PT0.5S,10.48322/0s61-a111
https://spase-metadata.org/NASA/NumericalData/DE2/WATS/PT2S,10.48322/z50y-hd65
https://spase-metadata.org/NASA/NumericalData/DMSP_5D-3/F16/SESS/SSIES-3/ThermalPlasma/CDF/PT1S,10.48322/hcdm-vz96
https://spase-metadata.org/NASA/NumericalData/DMSP_5D-3/F16/SESS/SSIES-3/ThermalPlasma/HDF/PT1S,10.48322/tefr-qc15
https://spase-metadata.org/NASA/NumericalData/DMSP_5D-3/F16/SESS/SSJ5/PT1S,10.48322/1rnz-f067
https://spase-metadata.org/NASA/NumericalData/DMSP_5D-3/F16/SESS/SSM-Boom/PT1S,10.48322/bh8f-yy31
https://spase-metadata.org/NASA/NumericalData/DMSP_5D-3/F17/SESS/SSIES-3/ThermalPlasma/CDF/PT1S,10.48322/3skz-xt83
https://spase-metadata.org/NASA/NumericalData/DMSP_5D-3/F17/SESS/SSIES-3/ThermalPlasma/HDF/PT1S,10.48322/8e0r-j195
https://spase-metadata.org/NASA/NumericalData/DMSP_5D-3/F17/SESS/SSJ5/PT1S,10.48322/zjs1-0y88
https://spase-metadata.org/NASA/NumericalData/DMSP_5D-3/F17/SESS/SSM-Boom/PT1S,10.48322/1c9w-jd85
https://spase-metadata.org/NASA/NumericalData/DMSP_5D-3/F18/SESS/SSIES-3/ThermalPlasma/CDF/PT1S,10.48322/cxc3-w323
https://spase-metadata.org/NASA/NumericalData/DMSP_5D-3/F18/SESS/SSIES-3/ThermalPlasma/HDF/PT1S,10.48322/ktdx-kp66
https://spase-metadata.org/NASA/NumericalData/DMSP_5D-3/F18/SESS/SSJ5/PT1S,10.48322/34mn-w272
https://spase-metadata.org/NASA/NumericalData/DMSP_5D-3/F18/SESS/SSM-Boom/PT1S,10.48322/cj1v-6g43
https://spase-metadata.org/NASA/NumericalData/ELFIN/A/EPD/L1/electron/PT0.2S,10.48322/jyaq-cq12
https://spase-metadata.org/NASA/NumericalData/ELFIN/A/EPD/L1/ion/PT0.264S,10.48322/csjm-bk25
https://spase-metadata.org/NASA/NumericalData/ELFIN/A/Ephemeris/DEFN/PT1S,10.48322/862n-tx78
https://spase-metadata.org/NASA/NumericalData/ELFIN/A/Ephemeris/PRED/PT1S,10.48322/qmsd-zf76
https://spase-metadata.org/NASA/NumericalData/ELFIN/A/Ephemeris/PT1S,10.48322/wvrj-hh66
https://spase-metadata.org/NASA/NumericalData/ELFIN/B/EPD/L1/electron/PT0.2S,10.48322/w4ac-2h02
https://spase-metadata.org/NASA/NumericalData/ELFIN/B/EPD/L1/ion/PT0.264S,10.48322/0etj-j292
https://spase-metadata.org/NASA/NumericalData/ELFIN/B/Ephemeris/DEFN/PT1S,10.48322/2pa1-bk46
https://spase-metadata.org/NASA/NumericalData/ELFIN/B/Ephemeris/PRED/PT1S,10.48322/vqdr-6e19
https://spase-metadata.org/NASA/NumericalData/ELFIN/B/Ephemeris/PT1S,10.48322/984v-rq73
https://spase-metadata.org/NASA/NumericalData/Explorer22/CEP/PT60S,10.48322/7jgj-gz15
https://spase-metadata.org/NASA/NumericalData/Explorer31/CEP/PT60S,10.48322/r1jk-sd44
https://spase-metadata.org/NASA/NumericalData/Explorer34/Magnetometer/PT2.5S,10.48322/zyc6-rw39
https://spase-metadata.org/NASA/NumericalData/Explorer35/GSFC_Magnetometer/PT82S,10.48322/nja4-6x02
https://spase-metadata.org/NASA/NumericalData/Explorer43/MMF/PT2S,10.48322/mhq4-fp67
https://spase-metadata.org/NASA/NumericalData/FAST/ACF/PT5S,10.48322/23b9-6g23
https://spase-metadata.org/NASA/NumericalData/FAST/DCF/KP/PT5S,10.48322/w0p5-5f22
https://spase-metadata.org/NASA/NumericalData/FAST/Ephemeris/PT1M,10.48322/mc2s-8f97
https://spase-metadata.org/NASA/NumericalData/FAST/ESA/L2/Electron/Burst/PT0.156S,10.48322/m36d-wr84
https://spase-metadata.org/NASA/NumericalData/FAST/ESA/L2/Electron/Survey/PT0.625S,10.48322/0ydx-j139
https://spase-metadata.org/NASA/NumericalData/FAST/ESA/L2/Ion/Burst/PT0.078S,10.48322/3chd-sj41
https://spase-metadata.org/NASA/NumericalData/FAST/ESA/L2/Ion/Survey/PT0.625S,10.48322/9t9w-1q28
https://spase-metadata.org/NASA/NumericalData/FAST/HResDATA,10.48322/8p6g-5v25
https://spase-metadata.org/NASA/NumericalData/FAST/MAG/Fluxgate/PT7.8125MS,10.48322/86pq-hb06
https://spase-metadata.org/NASA/NumericalData/FAST/TEAMS/KeyParameter/PT5S,10.48322/78b7-gk94
https://spase-metadata.org/NASA/NumericalData/Galileo/PWS/Summary/Electric/PT60S,10.48322/38pk-xy58
https://spase-metadata.org/NASA/NumericalData/Galileo/PWS/Summary/Magnetic/PT60S,10.48322/gqda-tv68
https://spase-metadata.org/NASA/NumericalData/Genesis/Ephemeris/PT1H,10.48322/wm7s-m619
https://spase-metadata.org/NASA/NumericalData/Genesis/GIM/3DMOM/PT2M30S,10.48322/wdvm-s118
https://spase-metadata.org/NASA/NumericalData/Genesis/GIM/B-Proxy/PT160S,10.48322/9gdf-de47
https://spase-metadata.org/NASA/NumericalData/GOLD/L1C/DAY/PT7.6S,10.48322/c5d6-br40
https://spase-metadata.org/NASA/NumericalData/GOLD/L1C/DLR/PT7.6S,10.48322/xbhc-5n57
https://spase-metadata.org/NASA/NumericalData/GOLD/L1C/LIM/PT4S,10.48322/2abb-5978
https://spase-metadata.org/NASA/NumericalData/GOLD/L1C/NI1/PT16S,10.48322/q9qk-h486
https://spase-metadata.org/NASA/NumericalData/GOLD/L1C/OCC/PT0.3S,10.48322/f67k-v705
https://spase-metadata.org/NASA/NumericalData/GOLD/L2/NMAX/PT900S,10.48322/2pmw-ee13
https://spase-metadata.org/NASA/NumericalData/GOLD/L2/O2DEN/PT1200S,10.48322/ybkm-rz28
https://spase-metadata.org/NASA/NumericalData/GOLD/L2/O2DEN/PT20M,10.48322/gj9t-v633
https://spase-metadata.org/NASA/NumericalData/GOLD/L2/ON2/PT8S,10.48322/wjrk-dk56
https://spase-metadata.org/NASA/NumericalData/GOLD/L2/QEUV/PT8S,10.48322/zwyq-g988
https://spase-metadata.org/NASA/NumericalData/GOLD/L2/TDISK/PT8S,10.48322/cw53-xt80
https://spase-metadata.org/NASA/NumericalData/GOLD/L2/TLIMB/PT8S,10.48322/9m3m-tg87
https://spase-metadata.org/NASA/NumericalData/Hawkeye/VLF/PT22S,10.48322/etz7-wx98
https://spase-metadata.org/NASA/NumericalData/Helios1/Combined/PT40.5S,10.48322/tg8s-xg15
https://spase-metadata.org/NASA/NumericalData/Helios1/E1/PT1H,10.48322/nvtr-cd40
https://spase-metadata.org/NASA/NumericalData/Helios1/E2/PT1H,10.48322/5421-4c67
https://spase-metadata.org/NASA/NumericalData/Helios1/E3/PT1H,10.48322/q905-np92
https://spase-metadata.org/NASA/NumericalData/Helios1/E3/PT6S,10.48322/nzxp-3e54
https://spase-metadata.org/NASA/NumericalData/Helios1/E4/PT8S,10.48322/kx4g-ma20
https://spase-metadata.org/NASA/NumericalData/Helios1/E6/ParticleFlux/Kunow/ASCII/PT1H,10.48322/6mv0-c662
https://spase-metadata.org/NASA/NumericalData/Helios1/E6/ParticleFlux/Kunow/CDF/PT1H,10.48322/rhj8-mt39
https://spase-metadata.org/NASA/NumericalData/Helios1/E6/ParticleFlux/PT1H,10.48322/t3b2-w013
https://spase-metadata.org/NASA/NumericalData/Helios1/E7/PT1H,10.48322/psvd-tf83
https://spase-metadata.org/NASA/NumericalData/Helios1/E8/PT1H,10.48322/xhcw-r855
https://spase-metadata.org/NASA/NumericalData/Helios1/MAGandPLS/PT1H,10.48322/n16w-2j16
https://spase-metadata.org/NASA/NumericalData/Helios2/Combined/PT40.5S,10.48322/2zgw-qh23
https://spase-metadata.org/NASA/NumericalData/Helios2/E1/PT1H,10.48322/zzkg-hf72
https://spase-metadata.org/NASA/NumericalData/Helios2/E2/PT1H,10.48322/0x1s-k740
https://spase-metadata.org/NASA/NumericalData/Helios2/E3/PT1H,10.48322/q291-2s63
https://spase-metadata.org/NASA/NumericalData/Helios2/E3/PT6S,10.48322/zxcr-jp63
https://spase-metadata.org/NASA/NumericalData/Helios2/E4/PT8S,10.48322/2hxq-yg51
https://spase-metadata.org/NASA/NumericalData/Helios2/E6/ParticleFlux/Kunow/ASCII/PT1H,10.48322/gb3b-6904
https://spase-metadata.org/NASA/NumericalData/Helios2/E6/ParticleFlux/Kunow/CDF/PT1H,10.48322/eh54-2h31
https://spase-metadata.org/NASA/NumericalData/Helios2/E6/ParticleFlux/PT1H,10.48322/m0t2-t160
https://spase-metadata.org/NASA/NumericalData/Helios2/E7/PT1H,10.48322/awe0-3y32
https://spase-metadata.org/NASA/NumericalData/Helios2/E8/PT1H,10.48322/9pxr-qj22
https://spase-metadata.org/NASA/NumericalData/Helios2/MAGandPLS/PT1H,10.48322/509j-gm79
https://spase-metadata.org/NASA/NumericalData/Hinode/XRT/Level0/FITS,10.48322/fgsq-9f10
https://spase-metadata.org/NASA/NumericalData/IBEX/BM/Counts/PT0.24S,10.48322/gcnd-gs14
https://spase-metadata.org/NASA/NumericalData/IBEX/Hi/Direct_Events,10.48322/btfh-sj51
https://spase-metadata.org/NASA/NumericalData/IBEX/Hi/H3/Release02/CG/NOSP/Omni/P6M,10.48322/rcw2-kh18
https://spase-metadata.org/NASA/NumericalData/IBEX/Hi/H3/Release02/NOCG/NOSP/Omni/P6M,10.48322/0vjh-ph32
https://spase-metadata.org/NASA/NumericalData/IBEX/Hi/H3/Release04/CG/NOSP/Antiram/P1Y,10.48322/8m6t-z779
https://spase-metadata.org/NASA/NumericalData/IBEX/Hi/H3/Release04/CG/NOSP/Omni/P6M,10.48322/bfkf-5y54
https://spase-metadata.org/NASA/NumericalData/IBEX/Hi/H3/Release04/CG/NOSP/Ram/P1Y,10.48322/4ey3-fd10
https://spase-metadata.org/NASA/NumericalData/IBEX/Hi/H3/Release04/CG/SP/Antiram/P1Y,10.48322/db3x-tq55
https://spase-metadata.org/NASA/NumericalData/IBEX/Hi/H3/Release04/CG/SP/Omni/P6M,10.48322/c9gv-sz19
https://spase-metadata.org/NASA/NumericalData/IBEX/Hi/H3/Release04/CG/SP/Ram/P1Y,10.48322/55hv-vx14
https://spase-metadata.org/NASA/NumericalData/IBEX/Hi/H3/Release04/NOCG/NOSP/Antiram/P1Y,10.48322/c3kb-p352
https://spase-metadata.org/NASA/NumericalData/IBEX/Hi/H3/Release04/NOCG/NOSP/Omni/P3Y,10.48322/qmwe-ve75
https://spase-metadata.org/NASA/NumericalData/IBEX/Hi/H3/Release04/NOCG/NOSP/Omni/P6M,10.48322/kef0-gf62
https://spase-metadata.org/NASA/NumericalData/IBEX/Hi/H3/Release04/NOCG/NOSP/Ram/P1Y,10.48322/v4rn-nd04
https://spase-metadata.org/NASA/NumericalData/IBEX/Hi/H3/Release04/NOCG/SP/Antiram/P1Y,10.48322/wgdc-pg68
https://spase-metadata.org/NASA/NumericalData/IBEX/Hi/H3/Release04/NOCG/SP/Omni/P6M,10.48322/wvkh-8a67
https://spase-metadata.org/NASA/NumericalData/IBEX/Hi/H3/Release04/NOCG/SP/Ram/P1Y,10.48322/yf48-sn54
https://spase-metadata.org/NASA/NumericalData/IBEX/Hi/H3/Release07/CG/NOSP/Omni/P6M,10.48322/2hfb-zn61
https://spase-metadata.org/NASA/NumericalData/IBEX/Hi/H3/Release07/CG/NOSP/Ram/P1Y,10.48322/aper-3h74
https://spase-metadata.org/NASA/NumericalData/IBEX/Hi/H3/Release07/CG/SP/Antiram/P1Y,10.48322/q5mq-2v40
https://spase-metadata.org/NASA/NumericalData/IBEX/Hi/H3/Release07/CG/SP/Omni/P6M,10.48322/dz2p-nd24
https://spase-metadata.org/NASA/NumericalData/IBEX/Hi/H3/Release07/CG/SP/Ram/P1Y,10.48322/qmwd-ct89
https://spase-metadata.org/NASA/NumericalData/IBEX/Hi/H3/Release07/NOCG/NOSP/Antiram/P1Y,10.48322/ytmb-dg43
https://spase-metadata.org/NASA/NumericalData/IBEX/Hi/H3/Release07/NOCG/NOSP/Omni/P6M,10.48322/33ew-ce35
https://spase-metadata.org/NASA/NumericalData/IBEX/Hi/H3/Release07/NOCG/NOSP/Ram/P1Y,10.48322/p855-9622
https://spase-metadata.org/NASA/NumericalData/IBEX/Hi/H3/Release07/NOCG/SP/Antiram/P1Y,10.48322/ak3m-pg10
https://spase-metadata.org/NASA/NumericalData/IBEX/Hi/H3/Release07/NOCG/SP/Omni/P6M,10.48322/16jb-2837
https://spase-metadata.org/NASA/NumericalData/IBEX/Hi/H3/Release07/NOCG/SP/Ram/P1Y,10.48322/gre9-7z41
https://spase-metadata.org/NASA/NumericalData/IBEX/Hi/H3/Release10/CG/NOSP/Antiram/P1Y,10.48322/8960-pv55
https://spase-metadata.org/NASA/NumericalData/IBEX/Hi/H3/Release10/CG/NOSP/Antiram/P7Y,10.48322/9g82-sm34
https://spase-metadata.org/NASA/NumericalData/IBEX/Hi/H3/Release10/CG/NOSP/Omni/P6M,10.48322/3v75-8m19
https://spase-metadata.org/NASA/NumericalData/IBEX/Hi/H3/Release10/CG/NOSP/Omni/P7Y,10.48322/68kk-mv11
https://spase-metadata.org/NASA/NumericalData/IBEX/Hi/H3/Release10/CG/NOSP/Ram/P1Y,10.48322/0f8a-vp56
https://spase-metadata.org/NASA/NumericalData/IBEX/Hi/H3/Release10/CG/NOSP/Ram/P7Y,10.48322/fgm0-nz35
https://spase-metadata.org/NASA/NumericalData/IBEX/Hi/H3/Release10/CG/SP/Antiram/P1Y,10.48322/yzz4-et03
https://spase-metadata.org/NASA/NumericalData/IBEX/Hi/H3/Release10/CG/SP/Antiram/P7Y,10.48322/aszx-jt19
https://spase-metadata.org/NASA/NumericalData/IBEX/Hi/H3/Release10/CG/SP/Omni/P6M,10.48322/jq00-4j33
https://spase-metadata.org/NASA/NumericalData/IBEX/Hi/H3/Release10/CG/SP/Omni/P7Y,10.48322/bcjj-r065
https://spase-metadata.org/NASA/NumericalData/IBEX/Hi/H3/Release10/CG/SP/Ram/P1Y,10.48322/a4bm-9844
https://spase-metadata.org/NASA/NumericalData/IBEX/Hi/H3/Release10/CG/SP/Ram/P7Y,10.48322/nqsx-9a30
https://spase-metadata.org/NASA/NumericalData/IBEX/Hi/H3/Release10/NOCG/NOSP/Antiram/P1Y,10.48322/mfpx-sd13
https://spase-metadata.org/NASA/NumericalData/IBEX/Hi/H3/Release10/NOCG/NOSP/Antiram/P7Y,10.48322/s5jq-td10
https://spase-metadata.org/NASA/NumericalData/IBEX/Hi/H3/Release10/NOCG/NOSP/Omni/P6M,10.48322/va6f-mg80
https://spase-metadata.org/NASA/NumericalData/IBEX/Hi/H3/Release10/NOCG/NOSP/Omni/P7Y,10.48322/redf-vj78
https://spase-metadata.org/NASA/NumericalData/IBEX/Hi/H3/Release10/NOCG/NOSP/Ram/P1Y,10.48322/ab6p-7w38
https://spase-metadata.org/NASA/NumericalData/IBEX/Hi/H3/Release10/NOCG/SP/Antiram/P1Y,10.48322/83y1-pw33
https://spase-metadata.org/NASA/NumericalData/IBEX/Hi/H3/Release10/NOCG/SP/Antiram/P7Y,10.48322/bnb2-z378
https://spase-metadata.org/NASA/NumericalData/IBEX/Hi/H3/Release10/NOCG/SP/Omni/P6M,10.48322/jm1t-pg27
https://spase-metadata.org/NASA/NumericalData/IBEX/Hi/H3/Release10/NOCG/SP/Omni/P7Y,10.48322/24kn-z991
https://spase-metadata.org/NASA/NumericalData/IBEX/Hi/H3/Release10/NOCG/SP/Ram/P1Y,10.48322/3f2m-z528
https://spase-metadata.org/NASA/NumericalData/IBEX/Hi/H3/Release12/Magnetosphere/PT24M,10.48322/00z8-0d49
https://spase-metadata.org/NASA/NumericalData/IBEX/Hi/H3/Release13/CG/NOSP/Antiram/P1Y,10.48322/9vdf-1a43
https://spase-metadata.org/NASA/NumericalData/IBEX/Hi/H3/Release13/CG/NOSP/Ram/P1Y,10.48322/jr67-ar66
https://spase-metadata.org/NASA/NumericalData/IBEX/Hi/H3/Release14/CG/NOSP/Ram/P3Y,10.48322/ayqx-a052
https://spase-metadata.org/NASA/NumericalData/IBEX/Hi/H3/Release16/CG/NOSP/Antiram/P11Y,10.48322/y9dn-wh12
https://spase-metadata.org/NASA/NumericalData/IBEX/Hi/H3/Release16/CG/NOSP/Antiram/P1Y,10.48322/g1tq-ea69
https://spase-metadata.org/NASA/NumericalData/IBEX/Hi/H3/Release16/CG/NOSP/Omni/P11Y,10.48322/r428-6n89
https://spase-metadata.org/NASA/NumericalData/IBEX/Hi/H3/Release16/CG/NOSP/Omni/P6M,10.48322/wfbs-w642
https://spase-metadata.org/NASA/NumericalData/IBEX/Hi/H3/Release16/CG/NOSP/Ram/P11Y,10.48322/30g5-mx06
https://spase-metadata.org/NASA/NumericalData/IBEX/Hi/H3/Release16/CG/NOSP/Ram/P1Y,10.48322/qet6-1611
https://spase-metadata.org/NASA/NumericalData/IBEX/Hi/H3/Release16/CG/SP/Antiram/P11Y,10.48322/qc27-hw91
https://spase-metadata.org/NASA/NumericalData/IBEX/Hi/H3/Release16/CG/SP/Antiram/P1Y,10.48322/ww5n-ty58
https://spase-metadata.org/NASA/NumericalData/IBEX/Hi/H3/Release16/CG/SP/Omni/P11Y,10.48322/pjt4-pe60
https://spase-metadata.org/NASA/NumericalData/IBEX/Hi/H3/Release16/CG/SP/Omni/P2Y,10.48322/6181-nk59
https://spase-metadata.org/NASA/NumericalData/IBEX/Hi/H3/Release16/CG/SP/Omni/P3Y,10.48322/m780-tm05
https://spase-metadata.org/NASA/NumericalData/IBEX/Hi/H3/Release16/CG/SP/Omni/P6M,10.48322/f50h-6551
https://spase-metadata.org/NASA/NumericalData/IBEX/Hi/H3/Release16/CG/SP/Ram/P11Y,10.48322/b2ht-5g89
https://spase-metadata.org/NASA/NumericalData/IBEX/Hi/H3/Release16/CG/SP/Ram/P1Y,10.48322/6kb9-t215
https://spase-metadata.org/NASA/NumericalData/IBEX/Hi/H3/Release16/NOCG/NOSP/Antiram/P11Y,10.48322/tvjy-cp94
https://spase-metadata.org/NASA/NumericalData/IBEX/Hi/H3/Release16/NOCG/NOSP/Antiram/P1Y,10.48322/xrpe-jx49
https://spase-metadata.org/NASA/NumericalData/IBEX/Hi/H3/Release16/NOCG/NOSP/Omni/P11Y,10.48322/se3c-3r85
https://spase-metadata.org/NASA/NumericalData/IBEX/Hi/H3/Release16/NOCG/NOSP/Omni/P6M,10.48322/2stz-gs57
https://spase-metadata.org/NASA/NumericalData/IBEX/Hi/H3/Release16/NOCG/NOSP/Ram/P11Y,10.48322/9xeb-vw02
https://spase-metadata.org/NASA/NumericalData/IBEX/Hi/H3/Release16/NOCG/NOSP/Ram/P1Y,10.48322/tbbn-9555
https://spase-metadata.org/NASA/NumericalData/IBEX/Hi/H3/Release16/NOCG/SP/Antiram/P11Y,10.48322/1nrf-6w66
https://spase-metadata.org/NASA/NumericalData/IBEX/Hi/H3/Release16/NOCG/SP/Antiram/P1Y,10.48322/zja7-dz62
https://spase-metadata.org/NASA/NumericalData/IBEX/Hi/H3/Release16/NOCG/SP/Omni/P11Y,10.48322/fa2k-n648
https://spase-metadata.org/NASA/NumericalData/IBEX/Hi/H3/Release16/NOCG/SP/Omni/P6M,10.48322/4sa7-wr04
https://spase-metadata.org/NASA/NumericalData/IBEX/Hi/H3/Release16/NOCG/SP/Ram/P11Y,10.48322/bdw2-0y58
https://spase-metadata.org/NASA/NumericalData/IBEX/Hi/H3/Release16/NOCG/SP/Ram/P1Y,10.48322/t5jf-m957
https://spase-metadata.org/NASA/NumericalData/IBEX/Hi/Histograms,10.48322/6sjc-yn37
https://spase-metadata.org/NASA/NumericalData/IBEX/Hi/Maps-TXT,10.48322/7tyc-8132
https://spase-metadata.org/NASA/NumericalData/IBEX/Lo/Angular_Histograms,10.48322/w9xv-7m56
https://spase-metadata.org/NASA/NumericalData/IBEX/Lo/Direct_Events,10.48322/cbs5-mn81
https://spase-metadata.org/NASA/NumericalData/IBEX/Lo/H3/Release04/CG/SP/Antiram/P3Y,10.48322/dsz0-dv71
https://spase-metadata.org/NASA/NumericalData/IBEX/Lo/H3/Release04/CG/SP/Ram/P3Y,10.48322/515f-h683
https://spase-metadata.org/NASA/NumericalData/IBEX/Lo/H3/Release07/NOCG/NOSP/Omni/P6M,10.48322/ac1y-c580
https://spase-metadata.org/NASA/NumericalData/IBEX/Lo/H3/Release07/NOCG/SP/Omni/P6M,10.48322/hgm9-jp68
https://spase-metadata.org/NASA/NumericalData/IBEX/Lo/H3/Release10/NOCG/NOSP/Omni/P6M,10.48322/bzxb-gm25
https://spase-metadata.org/NASA/NumericalData/IBEX/Lo/H3/Release10/NOCG/NOSP/Omni/P7Y,10.48322/fby3-z379
https://spase-metadata.org/NASA/NumericalData/IBEX/Lo/H3/Release10/NOCG/SP/Omni/P6M,10.48322/2yhf-1s21
https://spase-metadata.org/NASA/NumericalData/IBEX/Lo/H3/Release10/NOCG/SP/Omni/P7Y,10.48322/4rqp-d388
https://spase-metadata.org/NASA/NumericalData/IBEX/Lo/H3/Release17/CG/NOSP/Antiram/P1Y,10.48322/28sw-nf54
https://spase-metadata.org/NASA/NumericalData/IBEX/Lo/H3/Release17/CG/NOSP/Omni/P1Y,10.48322/0ky5-kh49
https://spase-metadata.org/NASA/NumericalData/IBEX/Lo/H3/Release17/CG/NOSP/Ram/P1Y,10.48322/61s6-et42
https://spase-metadata.org/NASA/NumericalData/IBEX/Lo/H3/Release17/CG/SP/Antiram/P1Y,10.48322/tqg1-f460
https://spase-metadata.org/NASA/NumericalData/IBEX/Lo/H3/Release17/CG/SP/Omni/P1Y,10.48322/czhe-8z20
https://spase-metadata.org/NASA/NumericalData/IBEX/Lo/H3/Release17/CG/SP/Ram/P1Y,10.48322/fgrt-k786
https://spase-metadata.org/NASA/NumericalData/IBEX/Lo/H3/Release17/NOCG/NOSP/Ram/P1Y,10.48322/8482-s207
https://spase-metadata.org/NASA/NumericalData/IBEX/Lo/Histograms,10.48322/4qc4-7006
https://spase-metadata.org/NASA/NumericalData/IBEX/Lo/Maps-TXT,10.48322/ttba-8c90
https://spase-metadata.org/NASA/NumericalData/IBEX/Lo/Release_3/Angular,10.48322/tcq9-fs53
https://spase-metadata.org/NASA/NumericalData/IBEX/Lo/Release_3/Counts,10.48322/jxqm-gr55
https://spase-metadata.org/NASA/NumericalData/IBEX/Lo/TOF_Histograms,10.48322/rqbx-kk51
https://spase-metadata.org/NASA/NumericalData/ICON/EUV/L2/PT1S,10.48322/hwg4-hw39
https://spase-metadata.org/NASA/NumericalData/ICON/FUV/L2/Day/PT12S,10.48322/w3qs-ed95
https://spase-metadata.org/NASA/NumericalData/ICON/FUV/L2/Limb/PT12S,10.48322/bwjz-nk36
https://spase-metadata.org/NASA/NumericalData/ICON/FUV/L2/Night/PT12S,10.48322/4vx2-1c67
https://spase-metadata.org/NASA/NumericalData/ICON/IVM/L2/A/PT1S,10.48322/2mv5-xy46
https://spase-metadata.org/NASA/NumericalData/ICON/IVM/L2/B/PT1S,10.48322/1dta-a634
https://spase-metadata.org/NASA/NumericalData/ICON/MIGHTI/L2/A/Green/PT30S,10.48322/07nf-qa27
https://spase-metadata.org/NASA/NumericalData/ICON/MIGHTI/L2/A/Red/PT30S,10.48322/mjdw-td24
https://spase-metadata.org/NASA/NumericalData/ICON/MIGHTI/L2/A/Temperature/PT30S,10.48322/d0qk-qc73
https://spase-metadata.org/NASA/NumericalData/ICON/MIGHTI/L2/B/Green/PT30S,10.48322/s7j9-kn77
https://spase-metadata.org/NASA/NumericalData/ICON/MIGHTI/L2/B/Red/PT30S,10.48322/4fvv-ka29
https://spase-metadata.org/NASA/NumericalData/ICON/MIGHTI/L2/B/Temperature/PT30S,10.48322/zrhc-pb76
https://spase-metadata.org/NASA/NumericalData/ICON/MIGHTI/L2/Vector/Green/PT30S,10.48322/vtce-7y29
https://spase-metadata.org/NASA/NumericalData/ICON/MIGHTI/L2/Vector/Red/PT30S,10.48322/pyfw-zv85
https://spase-metadata.org/NASA/NumericalData/IGS/GPS_Receiver/ROTI/PT15M,10.48322/v9pw-wd37
https://spase-metadata.org/NASA/NumericalData/IMAGE/EUV/EquatorialMappedImages/ModifiedData/PT10M,10.48322/xsb1-nc45
https://spase-metadata.org/NASA/NumericalData/IMAGE/HK/CDAWeb/PT24H,10.48322/dt0h-xw03
https://spase-metadata.org/NASA/NumericalData/IMAGE/HK/UDF/Data,10.48322/pkxb-1c25
https://spase-metadata.org/NASA/NumericalData/IMAGE/Orbit/Definitive/PT120S,10.48322/xp4c-3j37
https://spase-metadata.org/NASA/NumericalData/IMAGE/Orbit/Predict/PT120S,10.48322/gnrm-pd86
https://spase-metadata.org/NASA/NumericalData/IMAGE/RPI/DS/PT5M,10.48322/tqpm-9804
https://spase-metadata.org/NASA/NumericalData/IMAGE/RPI/PGM/CCSDS/PT5M,10.48322/7g0e-ax29
https://spase-metadata.org/NASA/NumericalData/IMAGE/RPI/PGM/CDF/PT5M,10.48322/ssj2-gs96
https://spase-metadata.org/NASA/NumericalData/IMAGE/RPI/PT1M,10.48322/awms-1e38
https://spase-metadata.org/NASA/NumericalData/IMAGE/RPI/PT24H,10.48322/0kry-rn33
https://spase-metadata.org/NASA/NumericalData/IMP4/SPME/PT1H,10.48322/ktgg-0d14
https://spase-metadata.org/NASA/NumericalData/IMP5/SPME/PT1H,10.48322/q4jm-5k75
https://spase-metadata.org/NASA/NumericalData/IMP8/CPME/EPE/PT20S,10.48322/wpt2-h385
https://spase-metadata.org/NASA/NumericalData/IMP8/CRNC/Electrons_PT1H,10.48322/r1mv-c240
https://spase-metadata.org/NASA/NumericalData/IMP8/CRNC/Heavies_PT1H,10.48322/5v3x-mz77
https://spase-metadata.org/NASA/NumericalData/IMP8/CRNC/Helium_PT1H,10.48322/n8h3-d525
https://spase-metadata.org/NASA/NumericalData/IMP8/CRNC/Protons_PT1H,10.48322/2svq-8b83
https://spase-metadata.org/NASA/NumericalData/IMP8/EECA/PT11M,10.48322/8rzv-9k70
https://spase-metadata.org/NASA/NumericalData/IMP8/GME/PT30M,10.48322/m36p-0998
https://spase-metadata.org/NASA/NumericalData/IMP8/LEPEDEA/PT180.00S,10.48322/0d01-2q23
https://spase-metadata.org/NASA/NumericalData/IMP8/MAG/PT0.32S,10.48322/k2cv-vy73
https://spase-metadata.org/NASA/NumericalData/IMP8/MAG/PT15.36S,10.48322/pxb6-h511
https://spase-metadata.org/NASA/NumericalData/IMP8/PLS/PT01M,10.48322/4dhv-w146
https://spase-metadata.org/NASA/NumericalData/Injun5/VLF/Field/PT0.001S,10.48322/ta6k-zn04
https://spase-metadata.org/NASA/NumericalData/Interball/PC_Index/KeyParameter/K0/PT5M,10.48322/vdm3-4236
https://spase-metadata.org/NASA/NumericalData/Interball-1/AKR2/KP/PT120S,10.48322/z1rp-x549
https://spase-metadata.org/NASA/NumericalData/Interball-1/DOK2-SKA-2/PT2M,10.48322/c0xs-k906
https://spase-metadata.org/NASA/NumericalData/Interball-1/Ephemeris/PT2M,10.48322/qjyq-y358
https://spase-metadata.org/NASA/NumericalData/Interball-1/MIFM/PT6S,10.48322/r63a-ay51
https://spase-metadata.org/NASA/NumericalData/IRIS/Level_1/PT1S,10.48322/gdjv-sn12
https://spase-metadata.org/NASA/NumericalData/IRIS/Level_2/IRIS_Hinode,10.48322/55gv-bg80
https://spase-metadata.org/NASA/NumericalData/IRIS/Level_2/IRIS_SDO,10.48322/agkq-fv14
https://spase-metadata.org/NASA/NumericalData/IRIS/Level_2/IRIS_SST,10.48322/1mf1-nb89
https://spase-metadata.org/NASA/NumericalData/IRIS/Level_2/PT1S,10.48322/k079-z133
https://spase-metadata.org/NASA/NumericalData/ISEE1/FPE/PT1M,10.48322/qt96-em12
https://spase-metadata.org/NASA/NumericalData/ISEE1/FPE/PT24S,10.48322/wvvd-c308
https://spase-metadata.org/NASA/NumericalData/ISEE1/LFEF/PT3S,10.48322/vjve-xf80
https://spase-metadata.org/NASA/NumericalData/ISEE1/MAG/PT1M,10.48322/6023-ss94
https://spase-metadata.org/NASA/NumericalData/ISEE1/MAG/PT4S,10.48322/nms1-t205
https://spase-metadata.org/NASA/NumericalData/ISEE1/PWE/SA/PT0.125S,10.48322/9aeg-0y83
https://spase-metadata.org/NASA/NumericalData/ISEE1/PWE/SA/PT1S,10.48322/zw5z-3r03
https://spase-metadata.org/NASA/NumericalData/ISEE1/PWE/SFR/PT32S,10.48322/7e5f-4z64
https://spase-metadata.org/NASA/NumericalData/ISEE1/UCB/PT4S,10.48322/1yfs-d023
https://spase-metadata.org/NASA/NumericalData/ISEE1/VES/PT18S,10.48322/w4js-dk79
https://spase-metadata.org/NASA/NumericalData/ISEE2/FPE/PT1M,10.48322/ytnf-nz91
https://spase-metadata.org/NASA/NumericalData/ISEE2/MAG/PT1M,10.21978/p8t923
https://spase-metadata.org/NASA/NumericalData/ISEE2/MAG/PT4S,10.21978/p8pg8v
https://spase-metadata.org/NASA/NumericalData/ISEE2/UCB/PT4S,10.48322/c453-p680
https://spase-metadata.org/NASA/NumericalData/ISEE3/ElemAbun,10.48322/q6e1-2w58
https://spase-metadata.org/NASA/NumericalData/ISEE3/IsotAbun,10.48322/b049-ja74
https://spase-metadata.org/NASA/NumericalData/ISEE3/IsotFrac,10.48322/kf5j-wz44
https://spase-metadata.org/NASA/NumericalData/ISEE3/MAG/ASCII/PT1M,10.48322/8cap-tz40
https://spase-metadata.org/NASA/NumericalData/ISEE3/MAG/CDF/PT1M,10.48322/t0jh-af86
https://spase-metadata.org/NASA/NumericalData/ISEE3/MAG/PT0.16S,10.48322/hz3a-6r58
https://spase-metadata.org/NASA/NumericalData/ISEE3/MAG/SWS/PT1M,10.48322/e4zn-xw73
https://spase-metadata.org/NASA/NumericalData/ISEE3/Merged/MAG_SWP/ASCII/PT2M,10.48322/byhf-p268
https://spase-metadata.org/NASA/NumericalData/ISEE3/Merged/MAG_SWP/CDF/PT2M,10.48322/nexz-5z17
https://spase-metadata.org/NASA/NumericalData/ISEE3/RadioMapping/DEMOD/PT1.5S,10.48322/z6mc-dd62
https://spase-metadata.org/NASA/NumericalData/ISEE3/SWP/PT24S,10.48322/y3tf-mw07
https://spase-metadata.org/NASA/NumericalData/ISIS1/CEP/PT60S,10.48322/92xp-8f21
https://spase-metadata.org/NASA/NumericalData/ISIS1/Ephemeris/PT1M,10.48322/7w1j-sb64
https://spase-metadata.org/NASA/NumericalData/ISIS1/SFS/AverageIonogram/Fairbanks/PT29S,10.48322/36sp-d814
https://spase-metadata.org/NASA/NumericalData/ISIS1/SFS/AverageIonogram/Kashima/PT29S,10.48322/3y4m-8k92
https://spase-metadata.org/NASA/NumericalData/ISIS1/SFS/AverageIonogram/KerguelenIsland/PT29S,10.48322/16jh-6z67
https://spase-metadata.org/NASA/NumericalData/ISIS1/SFS/AverageIonogram/Kwajalein/PT29S,10.48322/mamd-r685
https://spase-metadata.org/NASA/NumericalData/ISIS1/SFS/AverageIonogram/Orroral/PT29S,10.48322/17np-3m13
https://spase-metadata.org/NASA/NumericalData/ISIS1/SFS/AverageIonogram/Ottawa/PT29S,10.48322/qbk5-6d27
https://spase-metadata.org/NASA/NumericalData/ISIS1/SFS/AverageIonogram/Ouagadougou/PT29S,10.48322/tnsj-h558
https://spase-metadata.org/NASA/NumericalData/ISIS1/SFS/AverageIonogram/Quito/Corrected/PT29S,10.48322/r3vk-7q58
https://spase-metadata.org/NASA/NumericalData/ISIS1/SFS/AverageIonogram/Quito/PT29S,10.48322/2asp-4y55
https://spase-metadata.org/NASA/NumericalData/ISIS1/SFS/AverageIonogram/ResoluteBay/PT29S,10.48322/t5z1-q826
https://spase-metadata.org/NASA/NumericalData/ISIS1/SFS/AverageIonogram/Santiago/PT29S,10.48322/12mc-z496
https://spase-metadata.org/NASA/NumericalData/ISIS1/SFS/AverageIonogram/Sodankyla/PT29S,10.48322/9qaw-s520
https://spase-metadata.org/NASA/NumericalData/ISIS1/SFS/AverageIonogram/Tromso/PT29S,10.48322/qbyn-b789
https://spase-metadata.org/NASA/NumericalData/ISIS1/SFS/AverageIonogram/Version2/Fairbanks/PT29S,10.48322/4swk-8z58
https://spase-metadata.org/NASA/NumericalData/ISIS1/SFS/AverageIonogram/Version2/Ottawa/PT29S,10.48322/h6zf-1404
https://spase-metadata.org/NASA/NumericalData/ISIS1/SFS/AverageIonogram/Version2/Quito/PT29S,10.48322/jp1z-v010
https://spase-metadata.org/NASA/NumericalData/ISIS1/SFS/AverageIonogram/Winkfield/PT29S,10.48322/wcqv-zf08
https://spase-metadata.org/NASA/NumericalData/ISIS1/SFS/Ionogram/PT29S,10.48322/7njf-d645
https://spase-metadata.org/NASA/NumericalData/ISIS1/SFS/TOPS,10.48322/ehj6-8g30
https://spase-metadata.org/NASA/NumericalData/ISIS2/CEP/PT6S,10.48322/v7sc-c037
https://spase-metadata.org/NASA/NumericalData/ISIS2/Ephemeris/PT1M,10.48322/51wn-3y73
https://spase-metadata.org/NASA/NumericalData/ISIS2/IMS/Plasma_Data,10.48322/8j95-et16
https://spase-metadata.org/NASA/NumericalData/ISIS2/SFS/AverageIonogram/Ahmedabad/PT22S,10.48322/2sxz-wd73
https://spase-metadata.org/NASA/NumericalData/ISIS2/SFS/AverageIonogram/AscensionIsland/PT22S,10.48322/5h5w-fq61
https://spase-metadata.org/NASA/NumericalData/ISIS2/SFS/AverageIonogram/Brazzaville/PT22S,10.48322/zmt2-jm89
https://spase-metadata.org/NASA/NumericalData/ISIS2/SFS/AverageIonogram/Fairbanks/PT22S,10.48322/r74f-7s65
https://spase-metadata.org/NASA/NumericalData/ISIS2/SFS/AverageIonogram/FalklandIslands/PT22S,10.48322/gn72-s865
https://spase-metadata.org/NASA/NumericalData/ISIS2/SFS/AverageIonogram/Johannesburg/PT22S,10.48322/czyb-z063
https://spase-metadata.org/NASA/NumericalData/ISIS2/SFS/AverageIonogram/Kashima/PT22S,10.48322/vjx5-cg74
https://spase-metadata.org/NASA/NumericalData/ISIS2/SFS/AverageIonogram/KerguelenIsland/PT22S,10.48322/9j4h-wk74
https://spase-metadata.org/NASA/NumericalData/ISIS2/SFS/AverageIonogram/Kourou/PT22S,10.48322/kqjt-0j93
https://spase-metadata.org/NASA/NumericalData/ISIS2/SFS/AverageIonogram/Kwajalein/PT22S,10.48322/mn3b-zt16
https://spase-metadata.org/NASA/NumericalData/ISIS2/SFS/AverageIonogram/LasPalmas/PT22S,10.48322/7861-q181
https://spase-metadata.org/NASA/NumericalData/ISIS2/SFS/AverageIonogram/Lauder/PT22S,10.48322/k60x-b752
https://spase-metadata.org/NASA/NumericalData/ISIS2/SFS/AverageIonogram/Orroral/PT22S,10.48322/y928-ra86
https://spase-metadata.org/NASA/NumericalData/ISIS2/SFS/AverageIonogram/Ottawa/PT22S,10.48322/nm0h-ff87
https://spase-metadata.org/NASA/NumericalData/ISIS2/SFS/AverageIonogram/Ouagadougou/PT22S,10.48322/v4nk-nm48
https://spase-metadata.org/NASA/NumericalData/ISIS2/SFS/AverageIonogram/Quito/PT22S,10.48322/3b6w-n092
https://spase-metadata.org/NASA/NumericalData/ISIS2/SFS/AverageIonogram/ResoluteBay/PT22S,10.48322/ygmh-1645
https://spase-metadata.org/NASA/NumericalData/ISIS2/SFS/AverageIonogram/Santiago/PT22S,10.48322/39gd-j282
https://spase-metadata.org/NASA/NumericalData/ISIS2/SFS/AverageIonogram/Sodankyla/PT22S,10.48322/gpwf-9m90
https://spase-metadata.org/NASA/NumericalData/ISIS2/SFS/AverageIonogram/SyowaBase/PT22S,10.48322/ae1m-0y25
https://spase-metadata.org/NASA/NumericalData/ISIS2/SFS/AverageIonogram/TerreAdelie/PT22S,10.48322/p51y-d876
https://spase-metadata.org/NASA/NumericalData/ISIS2/SFS/AverageIonogram/Tromso/PT22S,10.48322/jf1k-7m60
https://spase-metadata.org/NASA/NumericalData/ISIS2/SFS/AverageIonogram/Winkfield/PT22S,10.48322/pj1s-fh45
https://spase-metadata.org/NASA/NumericalData/ISIS2/SFS/Ionogram/PT22S,10.48322/v11k-e045
https://spase-metadata.org/NASA/NumericalData/ISIS2/SFS/TOPIST,10.48322/cm9h-qt09
https://spase-metadata.org/NASA/NumericalData/ISIS2/SFS/TOPS,10.48322/g9ry-hq05
https://spase-metadata.org/NASA/NumericalData/ISS/FPMU/PT1S,10.48322/5xwv-fq85
https://spase-metadata.org/NASA/NumericalData/ISS/TEPC/PT10S,10.48322/0ba1-1764
https://spase-metadata.org/NASA/NumericalData/Juno/HelioWeb/Ephemeris/P1D,10.48322/d9ra-na69
https://spase-metadata.org/NASA/NumericalData/Juno/HelioWeb/Ephemeris/PT1H,10.48322/29zs-aj50
https://spase-metadata.org/NASA/NumericalData/LANL/1989/MPA/PT1S,10.48322/7d0a-cf96
https://spase-metadata.org/NASA/NumericalData/LANL/1989/MPA/PT86S,10.48322/jv8m-ra10
https://spase-metadata.org/NASA/NumericalData/LANL/1989/SOPA/PT60S,10.48322/7xdy-y825
https://spase-metadata.org/NASA/NumericalData/LANL/1990/MPA/PT86S,10.48322/b3yv-mf47
https://spase-metadata.org/NASA/NumericalData/LANL/1990/SOPA/PT60S,10.48322/zzr5-dd89
https://spase-metadata.org/NASA/NumericalData/LANL/1991/MPA/PT86S,10.48322/5jaw-x105
https://spase-metadata.org/NASA/NumericalData/LANL/1991/SOPA/PT60S,10.48322/1jyx-5h51
https://spase-metadata.org/NASA/NumericalData/LANL/1994/MPA/PT86S,10.48322/8y0b-0s77
https://spase-metadata.org/NASA/NumericalData/LANL/1994/SOPA/PT60S,10.48322/abg8-2403
https://spase-metadata.org/NASA/NumericalData/LANL/1997/MPA/PT1S,10.48322/2hyb-ms72
https://spase-metadata.org/NASA/NumericalData/LANL/1997/MPA/PT86S,10.48322/pb5s-re17
https://spase-metadata.org/NASA/NumericalData/LANL/1997/SOPA/PT60S,10.48322/51vv-e118
https://spase-metadata.org/NASA/NumericalData/LANL/2001/MPA/PT87S,10.48322/6jar-ra45
https://spase-metadata.org/NASA/NumericalData/LANL/2001/SOPA+ESP/PT1H,10.48322/cr3q-7d22
https://spase-metadata.org/NASA/NumericalData/LANL/2001/SOPA+ESP/PT24H,10.48322/0pdm-fv08
https://spase-metadata.org/NASA/NumericalData/LANL/2001/SOPA+ESP/PT5M,10.48322/tskc-bj07
https://spase-metadata.org/NASA/NumericalData/LANL/2002/MPA/PT87S,10.48322/z6y7-r007
https://spase-metadata.org/NASA/NumericalData/Mariner10/MAG/PT1H,10.48322/p9rg-gm86
https://spase-metadata.org/NASA/NumericalData/Mariner10/MAG/PT42S,10.48322/y3f7-5c63
https://spase-metadata.org/NASA/NumericalData/MarsScienceLaboratory/HelioWeb/Ephemeris/P1D,10.48322/4e3y-y925
https://spase-metadata.org/NASA/NumericalData/MarsScienceLaboratory/HelioWeb/Ephemeris/PT1H,10.48322/y0n5-gf88
https://spase-metadata.org/NASA/NumericalData/MAVEN/HelioWeb/Ephemeris/P1D,10.48322/90ar-hx32
https://spase-metadata.org/NASA/NumericalData/MAVEN/HelioWeb/Ephemeris/PT1H,10.48322/hax8-kc79
https://spase-metadata.org/NASA/NumericalData/MAVEN/InSitu/KeyParameter/PT4S,10.48322/p7yg-g215
https://spase-metadata.org/NASA/NumericalData/MAVEN/MAG/SunState/Level2/PT1S,10.48322/b9da-ph25
https://spase-metadata.org/NASA/NumericalData/MESSENGER/HelioWeb/Ephemeris/P1D,10.48322/sx90-xh93
https://spase-metadata.org/NASA/NumericalData/MESSENGER/HelioWeb/Ephemeris/PT1H,10.48322/ygb8-6c34
https://spase-metadata.org/NASA/NumericalData/MESSENGER/MAG/PT0.05S,10.48322/9wyq-j955
https://spase-metadata.org/NASA/NumericalData/MMS/1/ASPOC/Survey/Level2/PT1S,10.48322/541v-1f57
https://spase-metadata.org/NASA/NumericalData/MMS/1/EnergeticParticleDetector/EIS/Burst/Level2/EnergyByTimeOfFlight/PT0.605S,10.48322/c8gk-pv81
https://spase-metadata.org/NASA/NumericalData/MMS/1/EnergeticParticleDetector/EIS/Burst/Level2/PulseHeightByTimeOfFlight/PT0.605S,10.48322/f8pf-hj26
https://spase-metadata.org/NASA/NumericalData/MMS/1/EnergeticParticleDetector/EIS/Survey/Level2/ElectronEnergySpectra/PT2.42S,10.48322/yjk7-fa25
https://spase-metadata.org/NASA/NumericalData/MMS/1/EnergeticParticleDetector/EIS/Survey/Level2/EnergyByTimeOfFlight/PT2.42S,10.48322/q4bk-m222
https://spase-metadata.org/NASA/NumericalData/MMS/1/EnergeticParticleDetector/EIS/Survey/Level2/PulseHeightByTimeOfFlight/PT2.42S,10.48322/tw22-4q51
https://spase-metadata.org/NASA/NumericalData/MMS/1/EnergeticParticleDetector/FEEPS/Burst/Level2/Electron/PT0.3025S,10.48322/9h93-nj07
https://spase-metadata.org/NASA/NumericalData/MMS/1/EnergeticParticleDetector/FEEPS/Burst/Level2/Ion/PT0.3025S,10.48322/kpye-yg23
https://spase-metadata.org/NASA/NumericalData/MMS/1/EnergeticParticleDetector/FEEPS/Survey/Level2/Electron/PT2.42S,10.48322/c3da-gn24
https://spase-metadata.org/NASA/NumericalData/MMS/1/EnergeticParticleDetector/FEEPS/Survey/Level2/Ion/PT2.42S,10.48322/rfhf-vj82
https://spase-metadata.org/NASA/NumericalData/MMS/1/Ephemeris/Burst/Level2/Tsyganenko_04_Dynamic/PT0.030S,10.48322/v963-m344
https://spase-metadata.org/NASA/NumericalData/MMS/1/Ephemeris/Burst/Level2/Tsyganenko_89_Dynamic/PT0.030S,10.48322/rc3z-t818
https://spase-metadata.org/NASA/NumericalData/MMS/1/Ephemeris/Burst/Level2/Tsyganenko_89_Quiet/PT0.030S,10.48322/xg33-ts96
https://spase-metadata.org/NASA/NumericalData/MMS/1/Ephemeris/Survey/Level2/Tsyganenko_04_Dynamic/PT30S,10.48322/6pry-xd44
https://spase-metadata.org/NASA/NumericalData/MMS/1/Ephemeris/Survey/Level2/Tsyganenko_89_Dynamic/PT30S,10.48322/kte7-4922
https://spase-metadata.org/NASA/NumericalData/MMS/1/Ephemeris/Survey/Level2/Tsyganenko_89_Quiet/PT30S,10.48322/4hrj-r063
https://spase-metadata.org/NASA/NumericalData/MMS/1/FastPlasmaInvestigation/DES/Burst/Level2/Distribution/PT0.03S,10.48322/1rpt-0w56
https://spase-metadata.org/NASA/NumericalData/MMS/1/FastPlasmaInvestigation/DES/Burst/Level2/Moments/PT0.03S,10.48322/6172-zw20
https://spase-metadata.org/NASA/NumericalData/MMS/1/FastPlasmaInvestigation/DES/Burst/Level2/PartialMoments/PT0.03S,10.48322/azhm-bh51
https://spase-metadata.org/NASA/NumericalData/MMS/1/FastPlasmaInvestigation/DES/Fast/Level2/Distribution/PT4.5S,10.48322/cygs-gx59
https://spase-metadata.org/NASA/NumericalData/MMS/1/FastPlasmaInvestigation/DES/Fast/Level2/Moments/PT4.5S,10.48322/550t-zy35
https://spase-metadata.org/NASA/NumericalData/MMS/1/FastPlasmaInvestigation/DES/Fast/Level2/PartialMoments/PT4.5S,10.48322/abk7-xm15
https://spase-metadata.org/NASA/NumericalData/MMS/1/FastPlasmaInvestigation/DIS/Burst/Level2/Distribution/PT0.15S,10.48322/dq1y-nf73
https://spase-metadata.org/NASA/NumericalData/MMS/1/FastPlasmaInvestigation/DIS/Burst/Level2/Moments/PT0.15S,10.48322/qggf-vr83
https://spase-metadata.org/NASA/NumericalData/MMS/1/FastPlasmaInvestigation/DIS/Burst/Level2/PartialMoments/PT0.15S,10.48322/64q8-vn69
https://spase-metadata.org/NASA/NumericalData/MMS/1/FastPlasmaInvestigation/DIS/Fast/Level2/Distribution/PT4.5S,10.48322/bqvd-yf57
https://spase-metadata.org/NASA/NumericalData/MMS/1/FastPlasmaInvestigation/DIS/Fast/Level2/Moments/PT4.5S,10.48322/kgr0-yb53
https://spase-metadata.org/NASA/NumericalData/MMS/1/FastPlasmaInvestigation/DIS/Fast/Level2/PartialMoments/PT4.5S,10.48322/0bbk-4s61
https://spase-metadata.org/NASA/NumericalData/MMS/1/FIELDS/DSP/Fast/Level2/ElectricFieldPowerSpectralDensity/PT2S,10.48322/n5ky-bm34
https://spase-metadata.org/NASA/NumericalData/MMS/1/FIELDS/DSP/Fast/Level2/MagneticFieldPowerSpectralDensity/PT2S,10.48322/jt8z-7x15
https://spase-metadata.org/NASA/NumericalData/MMS/1/FIELDS/DSP/Slow/Level2/ElectricFieldPowerSpectralDensity/PT16S,10.48322/k8g5-s923
https://spase-metadata.org/NASA/NumericalData/MMS/1/FIELDS/DSP/Slow/Level2/MagneticFieldPowerSpectralDensity/PT16S,10.48322/1cbf-hb73
https://spase-metadata.org/NASA/NumericalData/MMS/1/FIELDS/EDI/Burst/Level2/AmbientElectronFlux/ProjectionMethod2/PT0.0009765625S,10.48322/2hhk-px04
https://spase-metadata.org/NASA/NumericalData/MMS/1/FIELDS/EDI/Burst/Level2/ElectricField/PT0.0009765625S,10.48322/aw7y-sk87
https://spase-metadata.org/NASA/NumericalData/MMS/1/FIELDS/EDI/Burst/Level2/ElectronFluxAmbient/ProjectionMethod1/PT0.0009765625S,10.48322/3xkv-pk91
https://spase-metadata.org/NASA/NumericalData/MMS/1/FIELDS/EDI/Burst/Level2/QualityZero/PT0.0078125S,10.48322/62bx-2070
https://spase-metadata.org/NASA/NumericalData/MMS/1/FIELDS/EDI/Survey/Level2/ElectricField/PT5S,10.48322/g67z-2f55
https://spase-metadata.org/NASA/NumericalData/MMS/1/FIELDS/EDI/Survey/Level2/ElectronFluxAmbient/ProjectionMethod1/PT0.03125S,10.48322/65ar-hc72
https://spase-metadata.org/NASA/NumericalData/MMS/1/FIELDS/EDI/Survey/Level2/ElectronFluxAmbient/ProjectionMethod2/PT0.03125S,10.48322/vf3e-ar53
https://spase-metadata.org/NASA/NumericalData/MMS/1/FIELDS/EDI/Survey/Level2/QualityZero/PT0.125S,10.48322/2xx6-jv22
https://spase-metadata.org/NASA/NumericalData/MMS/1/FIELDS/EDP/Burst/Level2/DCElectricField/PT0.0001220703125S,10.48322/rxbn-r719
https://spase-metadata.org/NASA/NumericalData/MMS/1/FIELDS/EDP/Burst/Level2/SpacecraftPotential/PT0.0001220703125S,10.48322/7t5y-eq71
https://spase-metadata.org/NASA/NumericalData/MMS/1/FIELDS/EDP/Burst/Level2Pre/HMFE/PT0.00001525878906S,10.48322/9ssk-hm65
https://spase-metadata.org/NASA/NumericalData/MMS/1/FIELDS/EDP/Fast/Level2/DCElectricField/PT0.03125S,10.48322/1tgb-hx06
https://spase-metadata.org/NASA/NumericalData/MMS/1/FIELDS/EDP/Fast/Level2/SpacecraftPotential/PT0.03125S,10.48322/jjsp-6g51
https://spase-metadata.org/NASA/NumericalData/MMS/1/FIELDS/EDP/Slow/Level2/DCElectricField/PT0.125S,10.48322/3s8b-0j08
https://spase-metadata.org/NASA/NumericalData/MMS/1/FIELDS/EDP/Slow/Level2/SpacecraftPotential/PT0.125S,10.48322/5t77-ka57
https://spase-metadata.org/NASA/NumericalData/MMS/1/FIELDS/EDP/Survey/Level2/HighFrequencyElectricFieldSpectra/PT16S,10.48322/81bq-5z12
https://spase-metadata.org/NASA/NumericalData/MMS/1/FIELDS/FGM/Burst/Level2/PT0.0078125S,10.48322/pj0n-m695
https://spase-metadata.org/NASA/NumericalData/MMS/1/FIELDS/FGM/Survey/Level2/PT0.125S,10.48322/mxbx-r466
https://spase-metadata.org/NASA/NumericalData/MMS/1/FIELDS/SCM/Burst/Level2/PT0.00006101515625S,10.48322/5dsj-t876
https://spase-metadata.org/NASA/NumericalData/MMS/1/FIELDS/SCM/Burst/Level2/PT0.0001220703125S,10.48322/gyvg-pf49
https://spase-metadata.org/NASA/NumericalData/MMS/1/FIELDS/SCM/Survey/Level2/PT0.03125S,10.48322/teh0-2s71
https://spase-metadata.org/NASA/NumericalData/MMS/1/HotPlasmaCompositionAnalyzer/Burst/Level2/Ion/PT0.625S,10.48322/ek80-vc69
https://spase-metadata.org/NASA/NumericalData/MMS/1/HotPlasmaCompositionAnalyzer/Burst/Level2/Moments/PT10S,10.48322/x9qf-qs34
https://spase-metadata.org/NASA/NumericalData/MMS/1/HotPlasmaCompositionAnalyzer/Survey/Level2/Ion/PT0.625S,10.48322/hjvz-aw21
https://spase-metadata.org/NASA/NumericalData/MMS/1/HotPlasmaCompositionAnalyzer/Survey/Level2/Moments/PT10S,10.48322/xh05-q537
https://spase-metadata.org/NASA/NumericalData/MMS/1/HotPlasmaCompositionAnalyzer/Survey/Level2/TimeOfFlight/Counts/PT0.625S,10.48322/0mzf-je25
https://spase-metadata.org/NASA/NumericalData/MMS/2/ASPOC/Survey/Level2/PT1S,10.48322/9712-0x57
https://spase-metadata.org/NASA/NumericalData/MMS/2/EnergeticParticleDetector/EIS/Burst/Level2/EnergyByTimeOfFlight/PT0.605S,10.48322/ggdg-fp02
https://spase-metadata.org/NASA/NumericalData/MMS/2/EnergeticParticleDetector/EIS/Burst/Level2/PulseHeightByTimeOfFlight/PT0.605S,10.48322/zw4f-nq40
https://spase-metadata.org/NASA/NumericalData/MMS/2/EnergeticParticleDetector/EIS/Survey/Level2/ElectronEnergySpectra/PT2.42S,10.48322/17jn-6367
https://spase-metadata.org/NASA/NumericalData/MMS/2/EnergeticParticleDetector/EIS/Survey/Level2/EnergyByTimeOfFlight/PT2.42S,10.48322/n2at-sb97
https://spase-metadata.org/NASA/NumericalData/MMS/2/EnergeticParticleDetector/EIS/Survey/Level2/PulseHeightByTimeOfFlight/PT2.42S,10.48322/6pav-5r08
https://spase-metadata.org/NASA/NumericalData/MMS/2/EnergeticParticleDetector/FEEPS/Burst/Level2/Electron/PT0.3025S,10.48322/vpb7-0a70
https://spase-metadata.org/NASA/NumericalData/MMS/2/EnergeticParticleDetector/FEEPS/Burst/Level2/Ion/PT0.3025S,10.48322/va5q-pw54
https://spase-metadata.org/NASA/NumericalData/MMS/2/EnergeticParticleDetector/FEEPS/Survey/Level2/Electron/PT2.42S,10.48322/6pz6-zb50
https://spase-metadata.org/NASA/NumericalData/MMS/2/EnergeticParticleDetector/FEEPS/Survey/Level2/Ion/PT2.42S,10.48322/g65x-mj86
https://spase-metadata.org/NASA/NumericalData/MMS/2/Ephemeris/Burst/Level2/Tsyganenko_04_Dynamic/PT0.030S,10.48322/azyb-e325
https://spase-metadata.org/NASA/NumericalData/MMS/2/Ephemeris/Burst/Level2/Tsyganenko_89_Dynamic/PT0.030S,10.48322/a62q-nc06
https://spase-metadata.org/NASA/NumericalData/MMS/2/Ephemeris/Burst/Level2/Tsyganenko_89_Quiet/PT0.030S,10.48322/edy0-fc92
https://spase-metadata.org/NASA/NumericalData/MMS/2/Ephemeris/Survey/Level2/Tsyganenko_04_Dynamic/PT30S,10.48322/66y1-pa21
https://spase-metadata.org/NASA/NumericalData/MMS/2/Ephemeris/Survey/Level2/Tsyganenko_89_Dynamic/PT30S,10.48322/d8h8-nv79
https://spase-metadata.org/NASA/NumericalData/MMS/2/Ephemeris/Survey/Level2/Tsyganenko_89_Quiet/PT30S,10.48322/mdgn-bb43
https://spase-metadata.org/NASA/NumericalData/MMS/2/FastPlasmaInvestigation/DES/Burst/Level2/Distribution/PT0.03S,10.48322/cdgv-3h64
https://spase-metadata.org/NASA/NumericalData/MMS/2/FastPlasmaInvestigation/DES/Burst/Level2/Moments/PT0.03S,10.48322/tryj-n584
https://spase-metadata.org/NASA/NumericalData/MMS/2/FastPlasmaInvestigation/DES/Burst/Level2/PartialMoments/PT0.03S,10.48322/bger-by60
https://spase-metadata.org/NASA/NumericalData/MMS/2/FastPlasmaInvestigation/DES/Fast/Level2/Distribution/PT4.5S,10.48322/nf79-gp85
https://spase-metadata.org/NASA/NumericalData/MMS/2/FastPlasmaInvestigation/DES/Fast/Level2/Moments/PT4.5S,10.48322/cqez-ga35
https://spase-metadata.org/NASA/NumericalData/MMS/2/FastPlasmaInvestigation/DES/Fast/Level2/PartialMoments/PT4.5S,10.48322/5mga-9573
https://spase-metadata.org/NASA/NumericalData/MMS/2/FastPlasmaInvestigation/DIS/Burst/Level2/Distribution/PT0.15S,10.48322/12sw-b676
https://spase-metadata.org/NASA/NumericalData/MMS/2/FastPlasmaInvestigation/DIS/Burst/Level2/Moments/PT0.15S,10.48322/8az2-0h04
https://spase-metadata.org/NASA/NumericalData/MMS/2/FastPlasmaInvestigation/DIS/Burst/Level2/PartialMoments/PT0.15S,10.48322/4e97-8k46
https://spase-metadata.org/NASA/NumericalData/MMS/2/FastPlasmaInvestigation/DIS/Fast/Level2/Distribution/PT4.5S,10.48322/wwxb-p635
https://spase-metadata.org/NASA/NumericalData/MMS/2/FastPlasmaInvestigation/DIS/Fast/Level2/Moments/PT4.5S,10.48322/09tv-hh36
https://spase-metadata.org/NASA/NumericalData/MMS/2/FastPlasmaInvestigation/DIS/Fast/Level2/PartialMoments/PT4.5S,10.48322/sypp-0339
https://spase-metadata.org/NASA/NumericalData/MMS/2/FIELDS/DSP/Fast/Level2/ElectricFieldPowerSpectralDensity/PT2S,10.48322/41kp-mn45
https://spase-metadata.org/NASA/NumericalData/MMS/2/FIELDS/DSP/Fast/Level2/MagneticFieldPowerSpectralDensity/PT2S,10.48322/pk77-y229
https://spase-metadata.org/NASA/NumericalData/MMS/2/FIELDS/DSP/Slow/Level2/ElectricFieldPowerSpectralDensity/PT16S,10.48322/hyb0-b362
https://spase-metadata.org/NASA/NumericalData/MMS/2/FIELDS/DSP/Slow/Level2/MagneticFieldPowerSpectralDensity/PT16S,10.48322/b763-bg33
https://spase-metadata.org/NASA/NumericalData/MMS/2/FIELDS/EDI/Burst/Level2/AmbientElectronFlux/ProjectionMethod2/PT0.0009765625S,10.48322/bcnm-cs10
https://spase-metadata.org/NASA/NumericalData/MMS/2/FIELDS/EDI/Burst/Level2/ElectricField/PT0.0009765625S,10.48322/q9w3-7816
https://spase-metadata.org/NASA/NumericalData/MMS/2/FIELDS/EDI/Burst/Level2/ElectronFluxAmbient/ProjectionMethod1/PT0.0009765625S,10.48322/wqyj-3p45
https://spase-metadata.org/NASA/NumericalData/MMS/2/FIELDS/EDI/Burst/Level2/QualityZero/PT0.0078125S,10.48322/wxd9-w277
https://spase-metadata.org/NASA/NumericalData/MMS/2/FIELDS/EDI/Survey/Level2/ElectricField/PT5S,10.48322/5h96-xp75
https://spase-metadata.org/NASA/NumericalData/MMS/2/FIELDS/EDI/Survey/Level2/ElectronFluxAmbient/ProjectionMethod1/PT0.03125S,10.48322/mq1a-5a56
https://spase-metadata.org/NASA/NumericalData/MMS/2/FIELDS/EDI/Survey/Level2/ElectronFluxAmbient/ProjectionMethod2/PT0.03125S,10.48322/wd92-1389
https://spase-metadata.org/NASA/NumericalData/MMS/2/FIELDS/EDI/Survey/Level2/QualityZero/PT0.125S,10.48322/ydzg-zr55
https://spase-metadata.org/NASA/NumericalData/MMS/2/FIELDS/EDP/Burst/Level2/DCElectricField/PT0.0001220703125S,10.48322/pktt-ww31
https://spase-metadata.org/NASA/NumericalData/MMS/2/FIELDS/EDP/Burst/Level2/SpacecraftPotential/PT0.0001220703125S,10.48322/a6r6-hr28
https://spase-metadata.org/NASA/NumericalData/MMS/2/FIELDS/EDP/Burst/Level2Pre/HMFE/PT0.00001525878906S,10.48322/c82z-9z72
https://spase-metadata.org/NASA/NumericalData/MMS/2/FIELDS/EDP/Fast/Level2/DCElectricField/PT0.03125S,10.48322/c4r1-p672
https://spase-metadata.org/NASA/NumericalData/MMS/2/FIELDS/EDP/Fast/Level2/SpacecraftPotential/PT0.03125S,10.48322/myvz-be60
https://spase-metadata.org/NASA/NumericalData/MMS/2/FIELDS/EDP/Slow/Level2/DCElectricField/PT0.125S,10.48322/fndt-c968
https://spase-metadata.org/NASA/NumericalData/MMS/2/FIELDS/EDP/Slow/Level2/SpacecraftPotential/PT0.125S,10.48322/mgay-bk26
https://spase-metadata.org/NASA/NumericalData/MMS/2/FIELDS/EDP/Survey/Level2/HighFrequencyElectricFieldSpectra/PT16S,10.48322/ty4n-jw51
https://spase-metadata.org/NASA/NumericalData/MMS/2/FIELDS/FGM/Burst/Level2/PT0.0078125S,10.48322/ggx2-zg64
https://spase-metadata.org/NASA/NumericalData/MMS/2/FIELDS/FGM/Survey/Level2/PT0.125S,10.48322/xz3n-g079
https://spase-metadata.org/NASA/NumericalData/MMS/2/FIELDS/SCM/Burst/Level2/PT0.00006101515625S,10.48322/32sc-7075
https://spase-metadata.org/NASA/NumericalData/MMS/2/FIELDS/SCM/Burst/Level2/PT0.0001220703125S,10.48322/axbs-qh32
https://spase-metadata.org/NASA/NumericalData/MMS/2/FIELDS/SCM/Survey/Level2/PT0.03125S,10.48322/tscb-r537
https://spase-metadata.org/NASA/NumericalData/MMS/2/HotPlasmaCompositionAnalyzer/Burst/Level2/Ion/PT0.625S,10.48322/zdhn-3867
https://spase-metadata.org/NASA/NumericalData/MMS/2/HotPlasmaCompositionAnalyzer/Burst/Level2/Moments/PT10S,10.48322/herb-7r76
https://spase-metadata.org/NASA/NumericalData/MMS/2/HotPlasmaCompositionAnalyzer/Survey/Level2/Ion/PT0.625S,10.48322/jjjs-k412
https://spase-metadata.org/NASA/NumericalData/MMS/2/HotPlasmaCompositionAnalyzer/Survey/Level2/Moments/PT10S,10.48322/2v65-6696
https://spase-metadata.org/NASA/NumericalData/MMS/2/HotPlasmaCompositionAnalyzer/Survey/Level2/TimeOfFlight/Counts/PT0.625S,10.48322/6t90-mz79
https://spase-metadata.org/NASA/NumericalData/MMS/3/ASPOC/Survey/Level2/PT1S,10.48322/jwtq-2874
https://spase-metadata.org/NASA/NumericalData/MMS/3/EnergeticParticleDetector/EIS/Burst/Level2/EnergyByTimeOfFlight/PT0.605S,10.48322/825c-8y03
https://spase-metadata.org/NASA/NumericalData/MMS/3/EnergeticParticleDetector/EIS/Burst/Level2/PulseHeightByTimeOfFlight/PT0.605S,10.48322/yags-0v32
https://spase-metadata.org/NASA/NumericalData/MMS/3/EnergeticParticleDetector/EIS/Survey/Level2/ElectronEnergySpectra/PT2.42S,10.48322/8v0b-ja97
https://spase-metadata.org/NASA/NumericalData/MMS/3/EnergeticParticleDetector/EIS/Survey/Level2/EnergyByTimeOfFlight/PT2.42S,10.48322/p4ht-0j11
https://spase-metadata.org/NASA/NumericalData/MMS/3/EnergeticParticleDetector/EIS/Survey/Level2/PulseHeightByTimeOfFlight/PT2.42S,10.48322/srk0-gr10
https://spase-metadata.org/NASA/NumericalData/MMS/3/EnergeticParticleDetector/FEEPS/Burst/Level2/Electron/PT0.3025S,10.48322/py6t-t872
https://spase-metadata.org/NASA/NumericalData/MMS/3/EnergeticParticleDetector/FEEPS/Burst/Level2/Ion/PT0.3025S,10.48322/m5yp-yj03
https://spase-metadata.org/NASA/NumericalData/MMS/3/EnergeticParticleDetector/FEEPS/Survey/Level2/Electron/PT2.42S,10.48322/4rcr-jr82
https://spase-metadata.org/NASA/NumericalData/MMS/3/EnergeticParticleDetector/FEEPS/Survey/Level2/Ion/PT2.42S,10.48322/50ck-w733
https://spase-metadata.org/NASA/NumericalData/MMS/3/Ephemeris/Burst/Level2/Tsyganenko_04_Dynamic/PT0.030S,10.48322/0t9a-2826
https://spase-metadata.org/NASA/NumericalData/MMS/3/Ephemeris/Burst/Level2/Tsyganenko_89_Dynamic/PT0.030S,10.48322/w5ky-zx69
https://spase-metadata.org/NASA/NumericalData/MMS/3/Ephemeris/Burst/Level2/Tsyganenko_89_Quiet/PT0.030S,10.48322/tfq4-4v16
https://spase-metadata.org/NASA/NumericalData/MMS/3/Ephemeris/Survey/Level2/Tsyganenko_04_Dynamic/PT30S,10.48322/evtt-qv31
https://spase-metadata.org/NASA/NumericalData/MMS/3/Ephemeris/Survey/Level2/Tsyganenko_89_Dynamic/PT30S,10.48322/jbnc-zj48
https://spase-metadata.org/NASA/NumericalData/MMS/3/Ephemeris/Survey/Level2/Tsyganenko_89_Quiet/PT30S,10.48322/2jav-m822
https://spase-metadata.org/NASA/NumericalData/MMS/3/FastPlasmaInvestigation/DES/Burst/Level2/Distribution/PT0.03S,10.48322/jcr8-1573
https://spase-metadata.org/NASA/NumericalData/MMS/3/FastPlasmaInvestigation/DES/Burst/Level2/Moments/PT0.03S,10.48322/8ypa-ba28
https://spase-metadata.org/NASA/NumericalData/MMS/3/FastPlasmaInvestigation/DES/Burst/Level2/PartialMoments/PT0.03S,10.48322/t9g8-3633
https://spase-metadata.org/NASA/NumericalData/MMS/3/FastPlasmaInvestigation/DES/Fast/Level2/Distribution/PT4.5S,10.48322/twp4-4391
https://spase-metadata.org/NASA/NumericalData/MMS/3/FastPlasmaInvestigation/DES/Fast/Level2/Moments/PT4.5S,10.48322/yaqw-7j55
https://spase-metadata.org/NASA/NumericalData/MMS/3/FastPlasmaInvestigation/DES/Fast/Level2/PartialMoments/PT4.5S,10.48322/5fnm-hc61
https://spase-metadata.org/NASA/NumericalData/MMS/3/FastPlasmaInvestigation/DIS/Burst/Level2/Distribution/PT0.15S,10.48322/0gzp-vp15
https://spase-metadata.org/NASA/NumericalData/MMS/3/FastPlasmaInvestigation/DIS/Burst/Level2/Moments/PT0.15S,10.48322/abk8-1g31
https://spase-metadata.org/NASA/NumericalData/MMS/3/FastPlasmaInvestigation/DIS/Burst/Level2/PartialMoments/PT0.15S,10.48322/c4bw-y163
https://spase-metadata.org/NASA/NumericalData/MMS/3/FastPlasmaInvestigation/DIS/Fast/Level2/Distribution/PT4.5S,10.48322/re6g-mv86
https://spase-metadata.org/NASA/NumericalData/MMS/3/FastPlasmaInvestigation/DIS/Fast/Level2/Moments/PT4.5S,10.48322/k20n-5077
https://spase-metadata.org/NASA/NumericalData/MMS/3/FastPlasmaInvestigation/DIS/Fast/Level2/PartialMoments/PT4.5S,10.48322/7cnm-bb27
https://spase-metadata.org/NASA/NumericalData/MMS/3/FIELDS/DSP/Fast/Level2/ElectricFieldPowerSpectralDensity/PT2S,10.48322/9v39-nb07
https://spase-metadata.org/NASA/NumericalData/MMS/3/FIELDS/DSP/Fast/Level2/MagneticFieldPowerSpectralDensity/PT2S,10.48322/6shs-d833
https://spase-metadata.org/NASA/NumericalData/MMS/3/FIELDS/DSP/Slow/Level2/ElectricFieldPowerSpectralDensity/PT16S,10.48322/ed68-1n78
https://spase-metadata.org/NASA/NumericalData/MMS/3/FIELDS/DSP/Slow/Level2/MagneticFieldPowerSpectralDensity/PT16S,10.48322/qjgq-zm28
https://spase-metadata.org/NASA/NumericalData/MMS/3/FIELDS/EDI/Burst/Level2/AmbientElectronFlux/ProjectionMethod2/PT0.0009765625S,10.48322/9fx2-zt10
https://spase-metadata.org/NASA/NumericalData/MMS/3/FIELDS/EDI/Burst/Level2/ElectricField/PT0.0009765625S,10.48322/579p-6d92
https://spase-metadata.org/NASA/NumericalData/MMS/3/FIELDS/EDI/Burst/Level2/ElectronFluxAmbient/ProjectionMethod1/PT0.0009765625S,10.48322/12xy-an19
https://spase-metadata.org/NASA/NumericalData/MMS/3/FIELDS/EDI/Burst/Level2/QualityZero/PT0.0078125S,10.48322/1swz-j527
https://spase-metadata.org/NASA/NumericalData/MMS/3/FIELDS/EDI/Survey/Level2/ElectricField/PT5S,10.48322/r6q9-j033
https://spase-metadata.org/NASA/NumericalData/MMS/3/FIELDS/EDI/Survey/Level2/ElectronFluxAmbient/ProjectionMethod1/PT0.03125S,10.48322/a0g4-rp41
https://spase-metadata.org/NASA/NumericalData/MMS/3/FIELDS/EDI/Survey/Level2/ElectronFluxAmbient/ProjectionMethod2/PT0.03125S,10.48322/k30r-dp97
https://spase-metadata.org/NASA/NumericalData/MMS/3/FIELDS/EDI/Survey/Level2/QualityZero/PT0.125S,10.48322/cwb6-vf46
https://spase-metadata.org/NASA/NumericalData/MMS/3/FIELDS/EDP/Burst/Level2/DCElectricField/PT0.0001220703125S,10.48322/zn13-qd40
https://spase-metadata.org/NASA/NumericalData/MMS/3/FIELDS/EDP/Burst/Level2/SpacecraftPotential/PT0.0001220703125S,10.48322/x3td-gh63
https://spase-metadata.org/NASA/NumericalData/MMS/3/FIELDS/EDP/Burst/Level2Pre/HMFE/PT0.00001525878906S,10.48322/aa15-ys50
https://spase-metadata.org/NASA/NumericalData/MMS/3/FIELDS/EDP/Fast/Level2/DCElectricField/PT0.03125S,10.48322/tq56-bj65
https://spase-metadata.org/NASA/NumericalData/MMS/3/FIELDS/EDP/Fast/Level2/SpacecraftPotential/PT0.03125S,10.48322/kzh6-vf67
https://spase-metadata.org/NASA/NumericalData/MMS/3/FIELDS/EDP/Slow/Level2/DCElectricField/PT0.125S,10.48322/nyhv-ch69
https://spase-metadata.org/NASA/NumericalData/MMS/3/FIELDS/EDP/Slow/Level2/SpacecraftPotential/PT0.125S,10.48322/5vc4-ys82
https://spase-metadata.org/NASA/NumericalData/MMS/3/FIELDS/EDP/Survey/Level2/HighFrequencyElectricFieldSpectra/PT16S,10.48322/yng0-j976
https://spase-metadata.org/NASA/NumericalData/MMS/3/FIELDS/FGM/Burst/Level2/PT0.0078125S,10.48322/y55w-eb74
https://spase-metadata.org/NASA/NumericalData/MMS/3/FIELDS/FGM/Survey/Level2/PT0.125S,10.48322/8s4y-en47
https://spase-metadata.org/NASA/NumericalData/MMS/3/FIELDS/SCM/Burst/Level2/PT0.00006101515625S,10.48322/ay0x-6k10
https://spase-metadata.org/NASA/NumericalData/MMS/3/FIELDS/SCM/Burst/Level2/PT0.0001220703125S,10.48322/mg2d-6848
https://spase-metadata.org/NASA/NumericalData/MMS/3/FIELDS/SCM/Survey/Level2/PT0.03125S,10.48322/hhfm-0s08
https://spase-metadata.org/NASA/NumericalData/MMS/3/HotPlasmaCompositionAnalyzer/Burst/Level2/Ion/PT0.625S,10.48322/700m-dw30
https://spase-metadata.org/NASA/NumericalData/MMS/3/HotPlasmaCompositionAnalyzer/Burst/Level2/Moments/PT10S,10.48322/60q2-ev15
https://spase-metadata.org/NASA/NumericalData/MMS/3/HotPlasmaCompositionAnalyzer/Survey/Level2/Ion/PT0.625S,10.48322/y32t-e208
https://spase-metadata.org/NASA/NumericalData/MMS/3/HotPlasmaCompositionAnalyzer/Survey/Level2/Moments/PT10S,10.48322/tfc0-jy75
https://spase-metadata.org/NASA/NumericalData/MMS/3/HotPlasmaCompositionAnalyzer/Survey/Level2/TimeOfFlight/Counts/PT0.625S,10.48322/2dfa-yh15
https://spase-metadata.org/NASA/NumericalData/MMS/4/ASPOC/Survey/Level2/PT1S,10.48322/3470-wp93
https://spase-metadata.org/NASA/NumericalData/MMS/4/EnergeticParticleDetector/EIS/Burst/Level2/EnergyByTimeOfFlight/PT0.605S,10.48322/hcgy-8a40
https://spase-metadata.org/NASA/NumericalData/MMS/4/EnergeticParticleDetector/EIS/Burst/Level2/PulseHeightByTimeOfFlight/PT0.605S,10.48322/4wkx-qj86
https://spase-metadata.org/NASA/NumericalData/MMS/4/EnergeticParticleDetector/EIS/Survey/Level2/ElectronEnergySpectra/PT2.42S,10.48322/jj7n-8c31
https://spase-metadata.org/NASA/NumericalData/MMS/4/EnergeticParticleDetector/EIS/Survey/Level2/EnergyByTimeOfFlight/PT2.42S,10.48322/449k-pc63
https://spase-metadata.org/NASA/NumericalData/MMS/4/EnergeticParticleDetector/EIS/Survey/Level2/PulseHeightByTimeOfFlight/PT2.42S,10.48322/4k1n-8y36
https://spase-metadata.org/NASA/NumericalData/MMS/4/EnergeticParticleDetector/FEEPS/Burst/Level2/Electron/PT0.3025S,10.48322/z618-c595
https://spase-metadata.org/NASA/NumericalData/MMS/4/EnergeticParticleDetector/FEEPS/Burst/Level2/Ion/PT0.3025S,10.48322/4kf9-3e63
https://spase-metadata.org/NASA/NumericalData/MMS/4/EnergeticParticleDetector/FEEPS/Survey/Level2/Electron/PT2.42S,10.48322/8g5c-z737
https://spase-metadata.org/NASA/NumericalData/MMS/4/EnergeticParticleDetector/FEEPS/Survey/Level2/Ion/PT2.42S,10.48322/bfkq-qe85
https://spase-metadata.org/NASA/NumericalData/MMS/4/Ephemeris/Burst/Level2/Tsyganenko_04_Dynamic/PT0.030S,10.48322/q52x-jp67
https://spase-metadata.org/NASA/NumericalData/MMS/4/Ephemeris/Burst/Level2/Tsyganenko_89_Dynamic/PT0.030S,10.48322/aj2h-2391
https://spase-metadata.org/NASA/NumericalData/MMS/4/Ephemeris/Burst/Level2/Tsyganenko_89_Quiet/PT0.030S,10.48322/amdw-by56
https://spase-metadata.org/NASA/NumericalData/MMS/4/Ephemeris/Survey/Level2/Tsyganenko_04_Dynamic/PT30S,10.48322/xrg9-1y30
https://spase-metadata.org/NASA/NumericalData/MMS/4/Ephemeris/Survey/Level2/Tsyganenko_89_Dynamic/PT30S,10.48322/552n-er81
https://spase-metadata.org/NASA/NumericalData/MMS/4/Ephemeris/Survey/Level2/Tsyganenko_89_Quiet/PT30S,10.48322/fzjx-2q08
https://spase-metadata.org/NASA/NumericalData/MMS/4/FastPlasmaInvestigation/DES/Burst/Level2/Distribution/PT0.03S,10.48322/0t8n-yn22
https://spase-metadata.org/NASA/NumericalData/MMS/4/FastPlasmaInvestigation/DES/Burst/Level2/Moments/PT0.03S,10.48322/20ws-ge68
https://spase-metadata.org/NASA/NumericalData/MMS/4/FastPlasmaInvestigation/DES/Burst/Level2/PartialMoments/PT0.03S,10.48322/sd5n-d872
https://spase-metadata.org/NASA/NumericalData/MMS/4/FastPlasmaInvestigation/DES/Fast/Level2/Distribution/PT4.5S,10.48322/4pvc-cs50
https://spase-metadata.org/NASA/NumericalData/MMS/4/FastPlasmaInvestigation/DES/Fast/Level2/Moments/PT4.5S,10.48322/62dq-ym51
https://spase-metadata.org/NASA/NumericalData/MMS/4/FastPlasmaInvestigation/DES/Fast/Level2/PartialMoments/PT4.5S,10.48322/yvzm-q092
https://spase-metadata.org/NASA/NumericalData/MMS/4/FastPlasmaInvestigation/DIS/Burst/Level2/Distribution/PT0.15S,10.48322/4csh-1637
https://spase-metadata.org/NASA/NumericalData/MMS/4/FastPlasmaInvestigation/DIS/Burst/Level2/Moments/PT0.15S,10.48322/vchg-7r51
https://spase-metadata.org/NASA/NumericalData/MMS/4/FastPlasmaInvestigation/DIS/Burst/Level2/PartialMoments/PT0.15S,10.48322/2cyr-1h98
https://spase-metadata.org/NASA/NumericalData/MMS/4/FastPlasmaInvestigation/DIS/Fast/Level2/Distribution/PT4.5S,10.48322/yc5m-1x13
https://spase-metadata.org/NASA/NumericalData/MMS/4/FastPlasmaInvestigation/DIS/Fast/Level2/Moments/PT4.5S,10.48322/54t4-e826
https://spase-metadata.org/NASA/NumericalData/MMS/4/FastPlasmaInvestigation/DIS/Fast/Level2/PartialMoments/PT4.5S,10.48322/24jz-z578
https://spase-metadata.org/NASA/NumericalData/MMS/4/FIELDS/DSP/Fast/Level2/ElectricFieldPowerSpectralDensity/PT2S,10.48322/k1zc-jw52
https://spase-metadata.org/NASA/NumericalData/MMS/4/FIELDS/DSP/Fast/Level2/MagneticFieldPowerSpectralDensity/PT2S,10.48322/gnbq-p392
https://spase-metadata.org/NASA/NumericalData/MMS/4/FIELDS/DSP/Slow/Level2/ElectricFieldPowerSpectralDensity/PT16S,10.48322/eg0n-fn33
https://spase-metadata.org/NASA/NumericalData/MMS/4/FIELDS/DSP/Slow/Level2/MagneticFieldPowerSpectralDensity/PT16S,10.48322/b9vr-gb77
https://spase-metadata.org/NASA/NumericalData/MMS/4/FIELDS/EDI/Burst/Level2/AmbientElectronFlux/ProjectionMethod2/PT0.0009765625S,10.48322/scdt-ce81
https://spase-metadata.org/NASA/NumericalData/MMS/4/FIELDS/EDI/Burst/Level2/ElectricField/PT0.0009765625S,10.48322/pfaw-ps82
https://spase-metadata.org/NASA/NumericalData/MMS/4/FIELDS/EDI/Burst/Level2/ElectronFluxAmbient/ProjectionMethod1/PT0.0009765625S,10.48322/bg1f-ft56
https://spase-metadata.org/NASA/NumericalData/MMS/4/FIELDS/EDI/Burst/Level2/QualityZero/PT0.0078125S,10.48322/48t8-nh56
https://spase-metadata.org/NASA/NumericalData/MMS/4/FIELDS/EDI/Survey/Level2/ElectricField/PT5S,10.48322/a7yd-qk94
https://spase-metadata.org/NASA/NumericalData/MMS/4/FIELDS/EDI/Survey/Level2/ElectronFluxAmbient/ProjectionMethod1/PT0.03125S,10.48322/ssjk-7b91
https://spase-metadata.org/NASA/NumericalData/MMS/4/FIELDS/EDI/Survey/Level2/ElectronFluxAmbient/ProjectionMethod2/PT0.03125S,10.48322/ryg0-nd63
https://spase-metadata.org/NASA/NumericalData/MMS/4/FIELDS/EDI/Survey/Level2/QualityZero/PT0.125S,10.48322/dshp-bk41
https://spase-metadata.org/NASA/NumericalData/MMS/4/FIELDS/EDP/Burst/Level2/DCElectricField/PT0.0001220703125S,10.48322/zpw3-4w58
https://spase-metadata.org/NASA/NumericalData/MMS/4/FIELDS/EDP/Burst/Level2/SpacecraftPotential/PT0.0001220703125S,10.48322/j5ge-t096
https://spase-metadata.org/NASA/NumericalData/MMS/4/FIELDS/EDP/Burst/Level2Pre/HMFE/PT0.00001525878906S,10.48322/g4hf-3b35
https://spase-metadata.org/NASA/NumericalData/MMS/4/FIELDS/EDP/Fast/Level2/DCElectricField/PT0.03125S,10.48322/dwae-wd67
https://spase-metadata.org/NASA/NumericalData/MMS/4/FIELDS/EDP/Fast/Level2/SpacecraftPotential/PT0.03125S,10.48322/194m-pq72
https://spase-metadata.org/NASA/NumericalData/MMS/4/FIELDS/EDP/Slow/Level2/DCElectricField/PT0.125S,10.48322/3wwj-0924
https://spase-metadata.org/NASA/NumericalData/MMS/4/FIELDS/EDP/Slow/Level2/SpacecraftPotential/PT0.125S,10.48322/t44j-x227
https://spase-metadata.org/NASA/NumericalData/MMS/4/FIELDS/EDP/Survey/Level2/HighFrequencyElectricFieldSpectra/PT16S,10.48322/kcms-y548
https://spase-metadata.org/NASA/NumericalData/MMS/4/FIELDS/FGM/Burst/Level2/PT0.0078125S,10.48322/257w-3j79
https://spase-metadata.org/NASA/NumericalData/MMS/4/FIELDS/FGM/Survey/Level2/PT0.125S,10.48322/50p5-d131
https://spase-metadata.org/NASA/NumericalData/MMS/4/FIELDS/SCM/Burst/Level2/PT0.00006101515625S,10.48322/89rs-0f95
https://spase-metadata.org/NASA/NumericalData/MMS/4/FIELDS/SCM/Burst/Level2/PT0.0001220703125S,10.48322/kp2d-gb32
https://spase-metadata.org/NASA/NumericalData/MMS/4/FIELDS/SCM/Survey/Level2/PT0.03125S,10.48322/y1th-nw11
https://spase-metadata.org/NASA/NumericalData/MMS/4/HotPlasmaCompositionAnalyzer/Burst/Level2/Ion/PT0.625S,10.48322/6cfb-rq65
https://spase-metadata.org/NASA/NumericalData/MMS/4/HotPlasmaCompositionAnalyzer/Burst/Level2/Moments/PT10S,10.48322/tzpt-4t90
https://spase-metadata.org/NASA/NumericalData/MMS/4/HotPlasmaCompositionAnalyzer/Survey/Level2/Ion/PT0.625S,10.48322/6ewa-9074
https://spase-metadata.org/NASA/NumericalData/MMS/4/HotPlasmaCompositionAnalyzer/Survey/Level2/Moments/PT10S,10.48322/111c-sq92
https://spase-metadata.org/NASA/NumericalData/MMS/4/HotPlasmaCompositionAnalyzer/Survey/Level2/TimeOfFlight/Counts/PT0.625S,10.48322/s1dx-qt59
https://spase-metadata.org/NASA/NumericalData/NewHorizons/HelioWeb/Ephemeris/P1D,10.48322/hfg9-qk78
https://spase-metadata.org/NASA/NumericalData/NewHorizons/SWAP/PickupIon/ValidatedSummary/P1D,10.48322/d4g8-sm25
https://spase-metadata.org/NASA/NumericalData/NewHorizons/SWAP/PickupIonHistogram/ValidatedSummary/P1D,10.48322/z274-yv24
https://spase-metadata.org/NASA/NumericalData/NewHorizons/SWAP/ProtonMoments/ValidatedSummary/PT64S,10.48322/tktq-xn78
https://spase-metadata.org/NASA/NumericalData/OGO2/RVM/PT1S,10.48322/07h0-9z30
https://spase-metadata.org/NASA/NumericalData/OGO4/RVM/PT1S,10.48322/y0sb-en88
https://spase-metadata.org/NASA/NumericalData/OGO6/RVM/PT1S,10.48322/7e6h-n486
https://spase-metadata.org/NASA/NumericalData/OMNI/COHO/MergedMagPlasma/PT1H,10.48322/6ffx-3441
https://spase-metadata.org/NASA/NumericalData/OMNI/HighResolutionObservations/Version1/PT1M,10.48322/45bb-8792
https://spase-metadata.org/NASA/NumericalData/OMNI/HighResolutionObservations/Version1/PT5M,10.48322/gbpg-5r77
https://spase-metadata.org/NASA/NumericalData/OMNI/HighResolutionObservations/Version2/PT1M,10.48322/mj0k-fq60
https://spase-metadata.org/NASA/NumericalData/OMNI/HighResolutionObservations/Version2/PT5M,10.48322/hkaw-ff03
https://spase-metadata.org/NASA/NumericalData/OMNI/P1D,10.48322/5fmx-hv56
https://spase-metadata.org/NASA/NumericalData/OMNI/P27D,10.48322/nmh3-jf75
https://spase-metadata.org/NASA/NumericalData/OMNI/PT1H,10.48322/1shr-ht18
https://spase-metadata.org/NASA/NumericalData/ParkerSolarProbe/FIELDS/AEB/Level2/PT1H,10.48322/ydvh-f703
https://spase-metadata.org/NASA/NumericalData/ParkerSolarProbe/FIELDS/DFB/Level2/AC/BandpassFilter/DV12/HighGain/PT0.873813S,10.48322/y8gb-3n29
https://spase-metadata.org/NASA/NumericalData/ParkerSolarProbe/FIELDS/DFB/Level2/AC/BandpassFilter/DV34/HighGain/PT0.873813S,10.48322/6nn3-ts64
https://spase-metadata.org/NASA/NumericalData/ParkerSolarProbe/FIELDS/DFB/Level2/AC/BandpassFilter/SCM/MediumFrequency/HighGain/PT0.873813S,10.48322/be3k-1d62
https://spase-metadata.org/NASA/NumericalData/ParkerSolarProbe/FIELDS/DFB/Level2/AC/BandpassFilter/SCM/U/LowFrequency/HighGain/PT0.873813S,10.48322/6svt-vr86
https://spase-metadata.org/NASA/NumericalData/ParkerSolarProbe/FIELDS/DFB/Level2/AC/BurstMemory/DV/PT0.0068267S,10.48322/6rwq-2e67
https://spase-metadata.org/NASA/NumericalData/ParkerSolarProbe/FIELDS/DFB/Level2/AC/BurstMemory/SCM/PT0.0068267S,10.48322/y1e1-8f41
https://spase-metadata.org/NASA/NumericalData/ParkerSolarProbe/FIELDS/DFB/Level2/AC/CrossSpectra/DV12-DV34/HighGain/PT0.873813S,10.48322/2a1q-xm10
https://spase-metadata.org/NASA/NumericalData/ParkerSolarProbe/FIELDS/DFB/Level2/AC/CrossSpectra/SCM/D-E/LowFrequency/HighGain/PT0.873813S,10.48322/kt78-6c57
https://spase-metadata.org/NASA/NumericalData/ParkerSolarProbe/FIELDS/DFB/Level2/AC/CrossSpectra/SCM/D-F/LowFrequency/HighGain/PT0.873813S,10.48322/scxb-g511
https://spase-metadata.org/NASA/NumericalData/ParkerSolarProbe/FIELDS/DFB/Level2/AC/CrossSpectra/SCM/E-F/LowFrequency/HighGain/PT0.873813S,10.48322/srne-rk07
https://spase-metadata.org/NASA/NumericalData/ParkerSolarProbe/FIELDS/DFB/Level2/AC/Spectra/DV12/HighGain/PT0.873813S,10.48322/rknp-e976
https://spase-metadata.org/NASA/NumericalData/ParkerSolarProbe/FIELDS/DFB/Level2/AC/Spectra/DV34/HighGain/PT0.873813S,10.48322/52bj-8b73
https://spase-metadata.org/NASA/NumericalData/ParkerSolarProbe/FIELDS/DFB/Level2/AC/Spectra/SCM/D/LowFrequency/HighGain/PT0.873813S,10.48322/ncfd-vr25
https://spase-metadata.org/NASA/NumericalData/ParkerSolarProbe/FIELDS/DFB/Level2/AC/Spectra/SCM/E/LowFrequency/HighGain/PT0.873813S,10.48322/qj28-mq33
https://spase-metadata.org/NASA/NumericalData/ParkerSolarProbe/FIELDS/DFB/Level2/AC/Spectra/SCM/F/LowFrequency/HighGain/PT0.873813S,10.48322/p0th-a636
https://spase-metadata.org/NASA/NumericalData/ParkerSolarProbe/FIELDS/DFB/Level2/AC/Spectra/SCM/U/LowFrequency/HighGain/PT0.873813S,10.48322/2nwb-7q79
https://spase-metadata.org/NASA/NumericalData/ParkerSolarProbe/FIELDS/DFB/Level2/AC/Spectra/SCM/V/LowFrequency/HighGain/PT0.873813S,10.48322/83y8-hg94
https://spase-metadata.org/NASA/NumericalData/ParkerSolarProbe/FIELDS/DFB/Level2/AC/Spectra/SCM/X/MediumFrequency/HighGain/PT0.873813S,10.48322/16qy-w286
https://spase-metadata.org/NASA/NumericalData/ParkerSolarProbe/FIELDS/DFB/Level2/AC/Spectra/V5/HighGain/PT0.873813S,10.48322/g6gw-8t30
https://spase-metadata.org/NASA/NumericalData/ParkerSolarProbe/FIELDS/DFB/Level2/DC/BandpassFilter/DV12/HighGain/PT0.873813S,10.48322/j99p-vf52
https://spase-metadata.org/NASA/NumericalData/ParkerSolarProbe/FIELDS/DFB/Level2/DC/BandpassFilter/DV34/HighGain/PT0.873813S,10.48322/p859-3938
https://spase-metadata.org/NASA/NumericalData/ParkerSolarProbe/FIELDS/DFB/Level2/DC/BandpassFilter/SCM/U/LowFrequency/HighGain/PT0.873813S,10.48322/q09x-dw27
https://spase-metadata.org/NASA/NumericalData/ParkerSolarProbe/FIELDS/DFB/Level2/DC/BandpassFilter/SCM/V/LowFrequency/HighGain/PT0.873813S,10.48322/k7kr-he12
https://spase-metadata.org/NASA/NumericalData/ParkerSolarProbe/FIELDS/DFB/Level2/DC/CrossSpectra/SCM/D-E/LowFrequency/HighGain/PT0.873813S,10.48322/krzj-sw31
https://spase-metadata.org/NASA/NumericalData/ParkerSolarProbe/FIELDS/DFB/Level2/DC/CrossSpectra/SCM/D-F/LowFrequency/HighGain/PT0.873813S,10.48322/j3dc-kr21
https://spase-metadata.org/NASA/NumericalData/ParkerSolarProbe/FIELDS/DFB/Level2/DC/CrossSpectra/SCM/E-F/LowFrequency/HighGain/PT0.873813S,10.48322/x8yt-7b32
https://spase-metadata.org/NASA/NumericalData/ParkerSolarProbe/FIELDS/DFB/Level2/DC/CrossSpectra/SCM/V-W/LowFrequency/HighGain/PT0.873813S,10.48322/4sc7-7454
https://spase-metadata.org/NASA/NumericalData/ParkerSolarProbe/FIELDS/DFB/Level2/DC/Spectra/DV12/HighGain/PT6.99054S,10.48322/zqz0-3j38
https://spase-metadata.org/NASA/NumericalData/ParkerSolarProbe/FIELDS/DFB/Level2/DC/Spectra/SCM/D/LowFrequency/HighGain/PT6.99054S,10.48322/nf08-v237
https://spase-metadata.org/NASA/NumericalData/ParkerSolarProbe/FIELDS/DFB/Level2/DC/Spectra/SCM/E/LowFrequency/HighGain/PT6.99054S,10.48322/s9kz-nb55
https://spase-metadata.org/NASA/NumericalData/ParkerSolarProbe/FIELDS/DFB/Level2/DC/Spectra/SCM/F/LowFrequency/HighGain/PT6.99054S,10.48322/gn7g-y542
https://spase-metadata.org/NASA/NumericalData/ParkerSolarProbe/FIELDS/DFB/Level2/DC/Spectra/SCM/U/LowFrequency/HighGain/PT6.99054S,10.48322/0cwt-mw28
https://spase-metadata.org/NASA/NumericalData/ParkerSolarProbe/FIELDS/DFB/Level2/DC/Spectra/SCM/V/LowFrequency/HighGain/PT6.99054S,10.48322/hvzj-4k68
https://spase-metadata.org/NASA/NumericalData/ParkerSolarProbe/FIELDS/DFB/Level2/DC/Spectra/SCM/W/LowFrequency/HighGain/PT6.99054S,10.48322/pakh-kk30
https://spase-metadata.org/NASA/NumericalData/ParkerSolarProbe/FIELDS/DFB/Level2/Waveform/DC/DifferentialVoltage/PT0.003413S,10.48322/fdh3-5n37
https://spase-metadata.org/NASA/NumericalData/ParkerSolarProbe/FIELDS/DFB/Level2/Waveform/DC/SingleEndedVoltage/PT0.027306S,10.48322/qhgy-hm62
https://spase-metadata.org/NASA/NumericalData/ParkerSolarProbe/FIELDS/DFB/Level2/Waveform/SCM/PT0.003413S,10.48322/h34r-jn18
https://spase-metadata.org/NASA/NumericalData/ParkerSolarProbe/FIELDS/DFB_DBM_VAC/Burst/Level2/VariableCadence,10.48322/qvh5-g747
https://spase-metadata.org/NASA/NumericalData/ParkerSolarProbe/FIELDS/DUST/Level3/VariableCadence,10.48322/sn3j-1a94
https://spase-metadata.org/NASA/NumericalData/ParkerSolarProbe/FIELDS/FIELDS2/Level2/SummaryTelemetry/PT8S,10.48322/8khn-cs70
https://spase-metadata.org/NASA/NumericalData/ParkerSolarProbe/FIELDS/MAG/Level2/RTN/4SamplesPerCycle/PT0.003413S,10.48322/wqcs-a534
https://spase-metadata.org/NASA/NumericalData/ParkerSolarProbe/FIELDS/MAG/Level2/RTN/FullResolution/PT0.003413S,10.48322/0yy0-ba92
https://spase-metadata.org/NASA/NumericalData/ParkerSolarProbe/FIELDS/MAG/Level2/RTN/PT1M,10.48322/c0zj-xf76
https://spase-metadata.org/NASA/NumericalData/ParkerSolarProbe/FIELDS/MAG/Level2/SC/4SamplesPerCycle/PT0.003413S,10.48322/pq4w-8z67
https://spase-metadata.org/NASA/NumericalData/ParkerSolarProbe/FIELDS/MAG/Level2/SC/FullResolution/PT0.003413S,10.48322/8fc4-fq16
https://spase-metadata.org/NASA/NumericalData/ParkerSolarProbe/FIELDS/MAG/Level2/SC/PT1M,10.48322/7hrp-ya88
https://spase-metadata.org/NASA/NumericalData/ParkerSolarProbe/FIELDS/MAG/Level2/VSO/VariableCadence,10.48322/7r0d-mp78
https://spase-metadata.org/NASA/NumericalData/ParkerSolarProbe/FIELDS/Merged/SCAM/Waveform/Level3/PT7S,10.48322/baqw-yt37
https://spase-metadata.org/NASA/NumericalData/ParkerSolarProbe/FIELDS/RFS/Burst/Level2/PT7S,10.48322/hvrs-vs16
https://spase-metadata.org/NASA/NumericalData/ParkerSolarProbe/FIELDS/RFS/Level2/HFR/PT7S,10.48322/gf9t-4082
https://spase-metadata.org/NASA/NumericalData/ParkerSolarProbe/FIELDS/RFS/Level2/LFR/PT7S,10.48322/re4h-tk40
https://spase-metadata.org/NASA/NumericalData/ParkerSolarProbe/FIELDS/RFS/SimpleQuasiThermalNoise/Level3/VariableCadence,10.48322/jdj2-1912
https://spase-metadata.org/NASA/NumericalData/ParkerSolarProbe/HelioWeb/Ephemeris/P1D,10.48322/41s1-hx58
https://spase-metadata.org/NASA/NumericalData/ParkerSolarProbe/HelioWeb/Ephemeris/PT1H,10.48322/ecnj-rx61
https://spase-metadata.org/NASA/NumericalData/ParkerSolarProbe/ISOIS/EPI-Hi/HET/Level2/Rates/PT10S,10.48322/6b2f-mx69
https://spase-metadata.org/NASA/NumericalData/ParkerSolarProbe/ISOIS/EPI-Hi/HET/Level2/Rates/PT1H,10.48322/ahkk-d044
https://spase-metadata.org/NASA/NumericalData/ParkerSolarProbe/ISOIS/EPI-Hi/HET/Level2/Rates/PT1M,10.48322/7gr7-1791
https://spase-metadata.org/NASA/NumericalData/ParkerSolarProbe/ISOIS/EPI-Hi/HET/Level2/Rates/PT5M,10.48322/jwkm-bn55
https://spase-metadata.org/NASA/NumericalData/ParkerSolarProbe/ISOIS/EPI-Hi/LET1/Level2/Rates/PT10S,10.48322/nez9-cx16
https://spase-metadata.org/NASA/NumericalData/ParkerSolarProbe/ISOIS/EPI-Hi/LET1/Level2/Rates/PT1H,10.48322/xkhj-qx02
https://spase-metadata.org/NASA/NumericalData/ParkerSolarProbe/ISOIS/EPI-Hi/LET1/Level2/Rates/PT1M,10.48322/97te-0132
https://spase-metadata.org/NASA/NumericalData/ParkerSolarProbe/ISOIS/EPI-Hi/LET1/Level2/Rates/PT5M,10.48322/53vk-b987
https://spase-metadata.org/NASA/NumericalData/ParkerSolarProbe/ISOIS/EPI-Hi/LET2/Level2/Rates/PT10S,10.48322/7853-6s02
https://spase-metadata.org/NASA/NumericalData/ParkerSolarProbe/ISOIS/EPI-Hi/LET2/Level2/Rates/PT1H,10.48322/2xj3-hj37
https://spase-metadata.org/NASA/NumericalData/ParkerSolarProbe/ISOIS/EPI-Hi/LET2/Level2/Rates/PT1M,10.48322/54ew-zj36
https://spase-metadata.org/NASA/NumericalData/ParkerSolarProbe/ISOIS/EPI-Hi/LET2/Level2/Rates/PT5M,10.48322/k5z7-rv23
https://spase-metadata.org/NASA/NumericalData/ParkerSolarProbe/ISOIS/EPI-Hi/Level2/MergedRates/PT1S,10.48322/8ng6-5z57
https://spase-metadata.org/NASA/NumericalData/ParkerSolarProbe/ISOIS/EPI-Lo/Level2/IonComposition/PT1M,10.48322/vrve-qw24
https://spase-metadata.org/NASA/NumericalData/ParkerSolarProbe/ISOIS/EPI-Lo/Level2/ParticleEnergy/PT1S,10.48322/rz8e-5y91
https://spase-metadata.org/NASA/NumericalData/ParkerSolarProbe/ISOIS/Merged/Level2/Ephemeris/PT1M,10.48322/y0fb-3v04
https://spase-metadata.org/NASA/NumericalData/ParkerSolarProbe/ISOIS/Merged/Level2/Summary/PT1M,10.48322/mede-7j02
https://spase-metadata.org/NASA/NumericalData/ParkerSolarProbe/MAGandPLS/PT1H,10.48322/19ed-kz70
https://spase-metadata.org/NASA/NumericalData/ParkerSolarProbe/SWEAP/SPAN-A/Level2/ElectronsFull3D/PT14S,10.48322/7j5c-zg65
https://spase-metadata.org/NASA/NumericalData/ParkerSolarProbe/SWEAP/SPAN-A/Level2/ElectronsFullSpectra/PT1.74S,10.48322/9pz0-sj43
https://spase-metadata.org/NASA/NumericalData/ParkerSolarProbe/SWEAP/SPAN-A/Level2/ProtonEnergyFlux/PT7S,10.48322/ftnv-7755
https://spase-metadata.org/NASA/NumericalData/ParkerSolarProbe/SWEAP/SPAN-A/Level3/AlphaPartialMoments/InstrumentFrame/PT14S,10.48322/ke19-2789
https://spase-metadata.org/NASA/NumericalData/ParkerSolarProbe/SWEAP/SPAN-A/Level3/PitchAngleDistribution/PT13.981S,10.48322/envk-8520
https://spase-metadata.org/NASA/NumericalData/ParkerSolarProbe/SWEAP/SPAN-A/Level3/ProtonPartialMoments/InstrumentFrame/PT7S,10.48322/ypyh-s325
https://spase-metadata.org/NASA/NumericalData/ParkerSolarProbe/SWEAP/SPAN-B/Level2/Electrons3D/PT14S,10.48322/f1vx-0f86
https://spase-metadata.org/NASA/NumericalData/ParkerSolarProbe/SWEAP/SPAN-B/Level2/ElectronsFullSpectra/PT1.74S,10.48322/db2p-rk78
https://spase-metadata.org/NASA/NumericalData/ParkerSolarProbe/SWEAP/SPAN-B/Level3/PitchAngleDistribution/PT13.981S,10.48322/ccen-5a96
https://spase-metadata.org/NASA/NumericalData/ParkerSolarProbe/SWEAP/SPAN-E/Level3/PitchAngleDistribution/PT13.981S,10.48322/8ync-7p95
https://spase-metadata.org/NASA/NumericalData/ParkerSolarProbe/SWEAP/SPAN-I/Level2/AlphaDifferentialEnergyFlux/VariableCadence,10.48322/7mn4-wj46
https://spase-metadata.org/NASA/NumericalData/ParkerSolarProbe/SWEAP/SPAN-I/Level-3/AlphaPartialMoments/VariableCadence.xml,10.48322/9z9b-sz73
https://spase-metadata.org/NASA/NumericalData/ParkerSolarProbe/SWEAP/SPAN-I/Level-3/ProtonPartialMoments/VariableCadence.xml,10.48322/vw42-m541
https://spase-metadata.org/NASA/NumericalData/ParkerSolarProbe/SWEAP/SPC/Level2/ChargeFluxDistributions/PT0.2185S,10.48322/wpk2-yq48
https://spase-metadata.org/NASA/NumericalData/ParkerSolarProbe/SWEAP/SPC/Level3/SolarWindMomentsFits/PT0.2185S,10.48322/49we-tr31
https://spase-metadata.org/NASA/NumericalData/ParkerSolarProbe/WISPR/FITS/Calibration/Version1/PT30m,10.48322/kykx-z590
https://spase-metadata.org/NASA/NumericalData/ParkerSolarProbe/WISPR/FITS/Level1/PT30m,10.48322/cy3b-d351
https://spase-metadata.org/NASA/NumericalData/ParkerSolarProbe/WISPR/FITS/Level2/PT30m,10.48322/cb7c-cy74
https://spase-metadata.org/NASA/NumericalData/ParkerSolarProbe/WISPR/FITS/Level3/PT30m,10.48322/4hzk-mn18
https://spase-metadata.org/NASA/NumericalData/ParkerSolarProbe/WISPR/MPEG/PT30m,10.48322/2s5m-da68
https://spase-metadata.org/NASA/NumericalData/ParkerSolarProbe/WISPR/MVI/PT30m,10.48322/he8b-m461
https://spase-metadata.org/NASA/NumericalData/ParkerSolarProbe/WISPR/PNG/PT30m,10.48322/jqj8-4z58
https://spase-metadata.org/NASA/NumericalData/Pioneer10/CPC/PT15M,10.48322/7dhp-6k22
https://spase-metadata.org/NASA/NumericalData/Pioneer10/CPC/PT1H,10.48322/k908-mm72
https://spase-metadata.org/NASA/NumericalData/Pioneer10/CRT/PT6H,10.48322/x3we-t749
https://spase-metadata.org/NASA/NumericalData/Pioneer10/Ephemeris/P1D,10.48322/4yzq-f649
https://spase-metadata.org/NASA/NumericalData/Pioneer10/GTT/P1D,10.48322/s48n-jt56
https://spase-metadata.org/NASA/NumericalData/Pioneer10/GTT/PT15M,10.48322/phaf-sb63
https://spase-metadata.org/NASA/NumericalData/Pioneer10/GTT/PT1H,10.48322/ngxm-qm68
https://spase-metadata.org/NASA/NumericalData/Pioneer10/HelioWeb/Ephemeris/P1D,10.48322/yzp2-cp45
https://spase-metadata.org/NASA/NumericalData/Pioneer10/HelioWeb/Ephemeris/PT1H,10.48322/d3xx-6d61
https://spase-metadata.org/NASA/NumericalData/Pioneer10/MAG/ASCII/PT60.00S,10.48322/jn19-3w89
https://spase-metadata.org/NASA/NumericalData/Pioneer10/MAG/ASCII/PT60M,10.48322/fcjs-9298
https://spase-metadata.org/NASA/NumericalData/Pioneer10/MAG/ASCII/PT900.00S,10.48322/v41g-w297
https://spase-metadata.org/NASA/NumericalData/Pioneer10/MAG/CDF/PT1M,10.48322/3np4-sz16
https://spase-metadata.org/NASA/NumericalData/Pioneer10/MAGandPLS/PT1H,10.48322/dn2j-fn46
https://spase-metadata.org/NASA/NumericalData/Pioneer10/PLS/PT1H,10.48322/eyd7-aw09
https://spase-metadata.org/NASA/NumericalData/Pioneer10/PLS/PT600.00S,10.48322/atpk-gm84
https://spase-metadata.org/NASA/NumericalData/Pioneer10/TRD/PT1H,10.48322/xtpx-3r08
https://spase-metadata.org/NASA/NumericalData/Pioneer10/TRD/PT30M,10.48322/6zax-e282
https://spase-metadata.org/NASA/NumericalData/Pioneer11/CPC/PT15M,10.48322/k8pt-zv98
https://spase-metadata.org/NASA/NumericalData/Pioneer11/CPC/PT1H,10.48322/dnz4-5s75
https://spase-metadata.org/NASA/NumericalData/Pioneer11/CRT/PT6H,10.48322/ynsz-4e70
https://spase-metadata.org/NASA/NumericalData/Pioneer11/Ephemeris/PT1H,10.48322/8pph-ge98
https://spase-metadata.org/NASA/NumericalData/Pioneer11/GTT/P1D,10.48322/yc68-2644
https://spase-metadata.org/NASA/NumericalData/Pioneer11/GTT/PT15M,10.48322/jjvq-vj12
https://spase-metadata.org/NASA/NumericalData/Pioneer11/GTT/PT1H,10.48322/98mj-g807
https://spase-metadata.org/NASA/NumericalData/Pioneer11/HelioWeb/Ephemeris/P1D,10.48322/3dc9-j157
https://spase-metadata.org/NASA/NumericalData/Pioneer11/HelioWeb/Ephemeris/PT1H,10.48322/qzyy-gb10
https://spase-metadata.org/NASA/NumericalData/Pioneer11/MAG1/PT60.00S,10.48322/5694-4p87
https://spase-metadata.org/NASA/NumericalData/Pioneer11/MAG1/PT60M,10.48322/8xym-e346
https://spase-metadata.org/NASA/NumericalData/Pioneer11/MAG1/PT900.00S,10.48322/kmpy-ab37
https://spase-metadata.org/NASA/NumericalData/Pioneer11/MAGandPLS/PT1H,10.48322/vb0s-0w02
https://spase-metadata.org/NASA/NumericalData/Pioneer11/PLS/PT60M,10.48322/sfyk-7s04
https://spase-metadata.org/NASA/NumericalData/Pioneer11/TRD/PT1H,10.48322/95ch-nq42
https://spase-metadata.org/NASA/NumericalData/Pioneer11/TRD/PT30M,10.48322/15dg-3164
https://spase-metadata.org/NASA/NumericalData/Pioneer11/UVP/PT1D,10.48322/w7gn-qf05
https://spase-metadata.org/NASA/NumericalData/PioneerVenusOrbiter/MAGandPLS/PT1H,10.48322/f172-0b94
https://spase-metadata.org/NASA/NumericalData/PioneerVenusOrbiter/Merged/OMAG_OPA/CDF/PT10M,10.48322/ey7t-8763
https://spase-metadata.org/NASA/NumericalData/PioneerVenusOrbiter/OMAG/PT1H,10.48322/d046-sc88
https://spase-metadata.org/NASA/NumericalData/PioneerVenusOrbiter/OPA/PT1H,10.48322/6c44-as03
https://spase-metadata.org/NASA/NumericalData/POLAR/Attitude/Definitive/PT10M,10.48322/r4rq-sq24
https://spase-metadata.org/NASA/NumericalData/POLAR/CAMMICE/Fluxes/PT204S,10.48322/bdjc-7g81
https://spase-metadata.org/NASA/NumericalData/POLAR/CAMMICE/KeyParameters/PT204S,10.48322/88r3-b823
https://spase-metadata.org/NASA/NumericalData/POLAR/CEPPAD/PT100S,10.48322/gav4-4v68
https://spase-metadata.org/NASA/NumericalData/POLAR/CEPPAD/PT24S,10.48322/gt0x-6660
https://spase-metadata.org/NASA/NumericalData/POLAR/EFI/Despun/PT6S,10.48322/vkpj-6n73
https://spase-metadata.org/NASA/NumericalData/POLAR/EFI/EField/E0/GSE/Burst/PT0.000625S,10.48322/xkfp-pv27
https://spase-metadata.org/NASA/NumericalData/POLAR/EFI/EField/E0/GSE/Realtime/PT0.025S,10.48322/v1k0-sz36
https://spase-metadata.org/NASA/NumericalData/POLAR/EFI/EField/E0/GSE/Spin/PT6S,10.48322/1pr5-a107
https://spase-metadata.org/NASA/NumericalData/POLAR/EFI/EField/E0/GSM/Burst/PT0.000625S,10.48322/5yrt-4r96
https://spase-metadata.org/NASA/NumericalData/POLAR/EFI/EField/E0/GSM/Realtime/PT0.025S,10.48322/mzsr-kt70
https://spase-metadata.org/NASA/NumericalData/POLAR/EFI/EField/E0/GSM/Spin/PT6S,10.48322/f65x-sq70
https://spase-metadata.org/NASA/NumericalData/POLAR/EFI/EField/EDot0/GSE/Burst/PT0.000625S,10.48322/bf75-vg23
https://spase-metadata.org/NASA/NumericalData/POLAR/EFI/EField/EDot0/GSE/Realtime/PT0.025S,10.48322/tjm2-2y16
https://spase-metadata.org/NASA/NumericalData/POLAR/EFI/EField/EDot0/GSE/Spin/PT6S,10.48322/httt-2030
https://spase-metadata.org/NASA/NumericalData/POLAR/EFI/EField/EDot0/GSM/Burst/PT0.000625S,10.48322/6506-4n80
https://spase-metadata.org/NASA/NumericalData/POLAR/EFI/EField/EDot0/GSM/Realtime/PT0.025S,10.48322/stvm-xc28
https://spase-metadata.org/NASA/NumericalData/POLAR/EFI/EField/EDot0/GSM/Spin/PT6S,10.48322/4cd4-s179
https://spase-metadata.org/NASA/NumericalData/POLAR/EFI/KeyParameters/PT6S,10.48322/6n18-vn30
https://spase-metadata.org/NASA/NumericalData/POLAR/EFI/SC/GEI/Attitude/PT600S,10.48322/91kz-pd98
https://spase-metadata.org/NASA/NumericalData/POLAR/EFI/SC/GEI/Position/PT60S,10.48322/898v-f228
https://spase-metadata.org/NASA/NumericalData/POLAR/EFI/SC/GEI/Velocity/PT60S,10.48322/9d1b-qq84
https://spase-metadata.org/NASA/NumericalData/POLAR/EFI/SC/GSE/Attitude/PT600S,10.48322/a4sb-1d04
https://spase-metadata.org/NASA/NumericalData/POLAR/EFI/SC/GSE/Position/PT60S,10.48322/5neq-y981
https://spase-metadata.org/NASA/NumericalData/POLAR/EFI/SC/GSE/Velocity/PT60S,10.48322/ekbh-h316
https://spase-metadata.org/NASA/NumericalData/POLAR/EFI/SC/GSM/Attitude/PT600S,10.48322/rtw7-7q90
https://spase-metadata.org/NASA/NumericalData/POLAR/EFI/SC/GSM/Position/PT60S,10.48322/rk6r-qz49
https://spase-metadata.org/NASA/NumericalData/POLAR/EFI/SC/GSM/Velocity/PT60S,10.48322/m13j-z678
https://spase-metadata.org/NASA/NumericalData/POLAR/EFI/SC/OtherOrbit/PT60S,10.48322/v7n0-9k56
https://spase-metadata.org/NASA/NumericalData/POLAR/EFI/SC/Potential_PlasmaDensity/Burst/PT6S,10.48322/52h4-gz91
https://spase-metadata.org/NASA/NumericalData/POLAR/EFI/SC/Potential_PlasmaDensity/Realtime/PT6S,10.48322/ea8z-j280
https://spase-metadata.org/NASA/NumericalData/POLAR/EFI/SC/Potential_PlasmaDensity/Spin/PT6S,10.48322/ttha-dc31
https://spase-metadata.org/NASA/NumericalData/POLAR/Ephemeris/Attitude/PT10M,10.48322/rt6a-2a02
https://spase-metadata.org/NASA/NumericalData/POLAR/Ephemeris/Attitude/PT24H,10.48322/akgc-de65
https://spase-metadata.org/NASA/NumericalData/POLAR/Ephemeris/Definitive/PT1M,10.48322/x2af-pn51
https://spase-metadata.org/NASA/NumericalData/POLAR/Ephemeris/KeyParameters/PT24H,10.48322/f58f-3y50
https://spase-metadata.org/NASA/NumericalData/POLAR/Ephemeris/PT3M,10.48322/mdn9-pa40
https://spase-metadata.org/NASA/NumericalData/POLAR/Ephemeris/PT60S,10.48322/5tsm-w805
https://spase-metadata.org/NASA/NumericalData/POLAR/HYDRA/Moments/PT14S,10.48322/gvf7-x480
https://spase-metadata.org/NASA/NumericalData/POLAR/HYDRA/PT13.8S,10.48322/rpbf-wd36
https://spase-metadata.org/NASA/NumericalData/POLAR/HYDRA/PT55S,10.48322/8ksp-p425
https://spase-metadata.org/NASA/NumericalData/POLAR/MFE/PT55S,10.48322/vsfk-ph35
https://spase-metadata.org/NASA/NumericalData/POLAR/PIXIE/PT60.00S,10.48322/87h3-e660
https://spase-metadata.org/NASA/NumericalData/POLAR/PWI/HFWR/25kHz/Interferometry/PT0.000014S,10.48322/06zn-yc02
https://spase-metadata.org/NASA/NumericalData/POLAR/PWI/HFWR/25kHz/PT0.000014S,10.48322/7vp8-5w49
https://spase-metadata.org/NASA/NumericalData/POLAR/PWI/KeyParameters/PT300S,10.48322/0zmq-1b63
https://spase-metadata.org/NASA/NumericalData/POLAR/PWI/LFWR/PT0.01S,10.48322/xbm6-4c53
https://spase-metadata.org/NASA/NumericalData/POLAR/PWI/LHFWR/16kHz/Interferometry/PT0.000028S,10.48322/kvvt-2c42
https://spase-metadata.org/NASA/NumericalData/POLAR/PWI/LHFWR/16kHz/PT0000028S,10.48322/zvyr-jh19
https://spase-metadata.org/NASA/NumericalData/POLAR/PWI/LHFWR/2kHz/PT0.000224S,10.48322/32d0-db83
https://spase-metadata.org/NASA/NumericalData/POLAR/PWI/MCA/PT1.3S,10.48322/879x-0r04
https://spase-metadata.org/NASA/NumericalData/POLAR/PWI/SFR/AB/PT2S,10.48322/k1kt-d028
https://spase-metadata.org/NASA/NumericalData/POLAR/PWI/WBR/PT0.000004016S,10.48322/ybd2-7a47
https://spase-metadata.org/NASA/NumericalData/POLAR/TIDE/H0_CDF,10.48322/zkvp-5751
https://spase-metadata.org/NASA/NumericalData/POLAR/TIDE/H1_CDF,10.48322/t5sd-r305
https://spase-metadata.org/NASA/NumericalData/POLAR/TIDE/Level-zero,10.48322/argz-4y41
https://spase-metadata.org/NASA/NumericalData/POLAR/TIMAS/H0/PT12S,10.48322/khhg-8859
https://spase-metadata.org/NASA/NumericalData/POLAR/TIMAS/H2/PT12S,10.48322/5hsz-5423
https://spase-metadata.org/NASA/NumericalData/POLAR/TIMAS/K1/PT96S,10.48322/qzm5-9r79
https://spase-metadata.org/NASA/NumericalData/POLAR/TIMAS/K2/PT192S,10.48322/xm8x-tc98
https://spase-metadata.org/NASA/NumericalData/POLAR/UVI/K0_CDF,10.48322/1ac1-5c88
https://spase-metadata.org/NASA/NumericalData/POLAR/UVI/L1_CDF,10.48322/kchw-gw93
https://spase-metadata.org/NASA/NumericalData/POLAR/VIS/EarthCameraCalibrated/PT4M,10.48322/ma2e-tm75
https://spase-metadata.org/NASA/NumericalData/POLAR/VIS/VisibleImagerCalibrated/PT24S,10.48322/1mkd-p917
https://spase-metadata.org/NASA/NumericalData/PUNCH/NFI/Level0/CR4/PT8M,10.48322/rdxc-x144
https://spase-metadata.org/NASA/NumericalData/PUNCH/NFI/Level0/PM4/PT4M,10.48322/d23m-1943
https://spase-metadata.org/NASA/NumericalData/PUNCH/NFI/Level0/PZ4/PT4M,10.48322/snkc-vw59
https://spase-metadata.org/NASA/NumericalData/PUNCH/NFI/Level1/CR4/PT8M,10.48322/q3ap-jw02
https://spase-metadata.org/NASA/NumericalData/PUNCH/NFI/Level1/PM4/PT4M,10.48322/7xqq-en92
https://spase-metadata.org/NASA/NumericalData/PUNCH/NFI/Level1/PP4/PT4M,10.48322/8d1c-z963
https://spase-metadata.org/NASA/NumericalData/PUNCH/NFI/Level1/PZ4/PT4M,10.48322/j7f6-3891
https://spase-metadata.org/NASA/NumericalData/PUNCH/NFI_WFI_Mosaic/Level2/CTM/PT8M,10.48322/sv88-z093
https://spase-metadata.org/NASA/NumericalData/PUNCH/NFI_WFI_Mosaic/Level2/PTM/PT4M,10.48322/z829-zy89
https://spase-metadata.org/NASA/NumericalData/PUNCH/NFI_WFI_Mosaic/Level3/CAM/PT32M,10.48322/bbrw-k528
https://spase-metadata.org/NASA/NumericalData/PUNCH/NFI_WFI_Mosaic/Level3/CFM/PT24H,10.48322/dy2y-je98
https://spase-metadata.org/NASA/NumericalData/PUNCH/NFI_WFI_Mosaic/Level3/CIM/PT8M,10.48322/kxpb-q477
https://spase-metadata.org/NASA/NumericalData/PUNCH/NFI_WFI_Mosaic/Level3/PAM/PT32M,10.48322/5gmz-ka58
https://spase-metadata.org/NASA/NumericalData/PUNCH/NFI_WFI_Mosaic/Level3/PFM/PT24H,10.48322/dcpx-4r68
https://spase-metadata.org/NASA/NumericalData/PUNCH/NFI_WFI_Mosaic/Level3/PIM/PT4M,10.48322/f6tk-sm20
https://spase-metadata.org/NASA/NumericalData/PUNCH/WFI/1/Level0/CR1/PT8M,10.48322/fkmt-dc86
https://spase-metadata.org/NASA/NumericalData/PUNCH/WFI/1/Level0/PM1/PT4M,10.48322/rw5m-qm29
https://spase-metadata.org/NASA/NumericalData/PUNCH/WFI/1/Level0/PP1/PT4M,10.48322/4bf8-rn78
https://spase-metadata.org/NASA/NumericalData/PUNCH/WFI/1/Level0/PZ1/PT4M,10.48322/qjbk-w851
https://spase-metadata.org/NASA/NumericalData/PUNCH/WFI/1/Level1/CR1/PT8M,10.48322/0sh7-0305
https://spase-metadata.org/NASA/NumericalData/PUNCH/WFI/1/Level1/PM1/PT4M,10.48322/pb0y-sk87
https://spase-metadata.org/NASA/NumericalData/PUNCH/WFI/1/Level1/PP1/PT4M,10.48322/29d8-ex57
https://spase-metadata.org/NASA/NumericalData/PUNCH/WFI/1/Level1/PZ1/PT4M,10.48322/g2n0-2615
https://spase-metadata.org/NASA/NumericalData/PUNCH/WFI/2/Level0/CR2/PT8M,10.48322/mm0r-tp04
https://spase-metadata.org/NASA/NumericalData/PUNCH/WFI/2/Level0/PM2/PT4M,10.48322/gztn-bp08
https://spase-metadata.org/NASA/NumericalData/PUNCH/WFI/2/Level0/PP2/PT4M,10.48322/553p-pm90
https://spase-metadata.org/NASA/NumericalData/PUNCH/WFI/2/Level0/PZ2/PT4M,10.48322/mxc0-0t72
https://spase-metadata.org/NASA/NumericalData/PUNCH/WFI/2/Level1/CR2/PT8M,10.48322/s1h4-8b87
https://spase-metadata.org/NASA/NumericalData/PUNCH/WFI/2/Level1/PM2/PT4M,10.48322/13yg-5s75
https://spase-metadata.org/NASA/NumericalData/PUNCH/WFI/2/Level1/PP2/PT4M,10.48322/smdy-e012
https://spase-metadata.org/NASA/NumericalData/PUNCH/WFI/2/Level1/PZ2/PT4M,10.48322/ba0t-hb24
https://spase-metadata.org/NASA/NumericalData/PUNCH/WFI/3/Level0/CR3/PT8M,10.48322/wwep-rq13
https://spase-metadata.org/NASA/NumericalData/PUNCH/WFI/3/Level0/PM3/PT4M,10.48322/337y-yr97
https://spase-metadata.org/NASA/NumericalData/PUNCH/WFI/3/Level0/PP3/PT4M,10.48322/1psr-xf64
https://spase-metadata.org/NASA/NumericalData/PUNCH/WFI/3/Level0/PZ3/PT4M,10.48322/d9d6-yy72
https://spase-metadata.org/NASA/NumericalData/PUNCH/WFI/3/Level1/CR3/PT8M,10.48322/ssj7-kw56
https://spase-metadata.org/NASA/NumericalData/PUNCH/WFI/3/Level1/PM3/PT4M,10.48322/q2pz-tr06
https://spase-metadata.org/NASA/NumericalData/PUNCH/WFI/3/Level1/PP3/PT4M,10.48322/n8x9-5v15
https://spase-metadata.org/NASA/NumericalData/PUNCH/WFI/3/Level1/PZ3/PT4M,10.48322/2gry-kg12
https://spase-metadata.org/NASA/NumericalData/RBSP/A/ECT/HOPE/L2/Sectors/Release04/PT24S,10.48322/34q8-8q26
https://spase-metadata.org/NASA/NumericalData/RBSP/A/ECT/HOPE/L2/SpinAverage/Release04/PT24S,10.48322/rcxw-mm23
https://spase-metadata.org/NASA/NumericalData/RBSP/A/ECT/HOPE/L3/Moments/Release04/PT24.35S,10.48322/egeg-7005
https://spase-metadata.org/NASA/NumericalData/RBSP/A/ECT/HOPE/L3/PitchAngle/Release04/PT11.35S,10.48322/17p9-rf75
https://spase-metadata.org/NASA/NumericalData/RBSP/A/ECT/MagEIS/L2/Sectors/Release03/PT10.9S,10.48322/dhj8-f337
https://spase-metadata.org/NASA/NumericalData/RBSP/A/ECT/MagEIS/L3/Sectors/Release04/PT10.9S,10.48322/09qz-tf17
https://spase-metadata.org/NASA/NumericalData/RBSP/A/ECT/REPT/L2/Sectors/Release03/PT4.2S,10.48322/hpp2-yy26
https://spase-metadata.org/NASA/NumericalData/RBSP/A/ECT/REPT/L3/Sectors/Release03/PT4.2S,10.48322/4x5t-th95
https://spase-metadata.org/NASA/NumericalData/RBSP/A/EFW/L1/B1/UVW/ElectricField/PT0.00195S,10.48322/zceq-cp51
https://spase-metadata.org/NASA/NumericalData/RBSP/A/EFW/L1/B1/UVW/ElectricPotential/PT0.00195S,10.48322/74b4-b607
https://spase-metadata.org/NASA/NumericalData/RBSP/A/EFW/L1/B1/UVW/PT0.00195S,10.48322/jcd5-kf50
https://spase-metadata.org/NASA/NumericalData/RBSP/A/EFW/L1/B1/UVW/SearchCoilMagneticField/PT0.00195S,10.48322/eqsr-6m86
https://spase-metadata.org/NASA/NumericalData/RBSP/A/EFW/L1/B2/PT0.00006S,10.48322/fw8h-f481
https://spase-metadata.org/NASA/NumericalData/RBSP/A/EFW/L1/B2/UVW/ElectricField/PT0.00006S,10.48322/rabf-ch30
https://spase-metadata.org/NASA/NumericalData/RBSP/A/EFW/L1/B2/UVW/ElectricPotential/PT0.00006S,10.48322/9mqq-sj92
https://spase-metadata.org/NASA/NumericalData/RBSP/A/EFW/L1/B2/UVW/SearchCoilMagneticField/PT0.00006S,10.48322/0b3q-e327
https://spase-metadata.org/NASA/NumericalData/RBSP/A/EFW/L2/ESVY_DESPUN/PT0.031S,10.48322/t40m-em97
https://spase-metadata.org/NASA/NumericalData/RBSP/A/EFW/L2/FBK/PT0.125S,10.48322/6a7j-p736
https://spase-metadata.org/NASA/NumericalData/RBSP/A/EFW/L2/MGSE/PT11S,10.48322/rhve-mz23
https://spase-metadata.org/NASA/NumericalData/RBSP/A/EFW/L2/SPEC/PT4S,10.48322/78pf-4k59
https://spase-metadata.org/NASA/NumericalData/RBSP/A/EFW/L2/UVW/Hires,10.48322/qtvb-dd97
https://spase-metadata.org/NASA/NumericalData/RBSP/A/EFW/L2/VSVY/PT1S,10.48322/7mwt-de58
https://spase-metadata.org/NASA/NumericalData/RBSP/A/EFW/L3/MGSE/PT11S,10.48322/4k9n-gs06
https://spase-metadata.org/NASA/NumericalData/RBSP/A/EMFISIS/HFR/L2/SPECTRA/PT6S,10.48322/2gay-q957
https://spase-metadata.org/NASA/NumericalData/RBSP/A/EMFISIS/HFR/L2/SPECTRA-BURST/PT6S,10.48322/18b2-kt74
https://spase-metadata.org/NASA/NumericalData/RBSP/A/EMFISIS/HFR/L2/SPECTRA-MERGED/PT6S,10.48322/j4rf-2n06
https://spase-metadata.org/NASA/NumericalData/RBSP/A/EMFISIS/HFR/L2/WAVEFORM,10.48322/pg1z-7a92
https://spase-metadata.org/NASA/NumericalData/RBSP/A/EMFISIS/HOUSEKEEPING/L2/PT1S,10.48322/1tza-fw09
https://spase-metadata.org/NASA/NumericalData/RBSP/A/EMFISIS/MAGNETOMETER/L2/UVW,10.48322/8ttw-6h90
https://spase-metadata.org/NASA/NumericalData/RBSP/A/EMFISIS/MAGNETOMETER/L3/GEI/PT0.015625S,10.48322/q8rs-hg23
https://spase-metadata.org/NASA/NumericalData/RBSP/A/EMFISIS/MAGNETOMETER/L3/GEI/PT1S,10.48322/esgw-y164
https://spase-metadata.org/NASA/NumericalData/RBSP/A/EMFISIS/MAGNETOMETER/L3/GEI/PT4S,10.48322/hnyz-nk70
https://spase-metadata.org/NASA/NumericalData/RBSP/A/EMFISIS/MAGNETOMETER/L3/GEO/PT0.015625S,10.48322/yhbp-n321
https://spase-metadata.org/NASA/NumericalData/RBSP/A/EMFISIS/MAGNETOMETER/L3/GEO/PT1S,10.48322/2913-5d64
https://spase-metadata.org/NASA/NumericalData/RBSP/A/EMFISIS/MAGNETOMETER/L3/GEO/PT4S,10.48322/zgv3-5m40
https://spase-metadata.org/NASA/NumericalData/RBSP/A/EMFISIS/MAGNETOMETER/L3/GSE/PT0.015625S,10.48322/hn0a-s943
https://spase-metadata.org/NASA/NumericalData/RBSP/A/EMFISIS/MAGNETOMETER/L3/GSE/PT1S,10.48322/s5sk-bm30
https://spase-metadata.org/NASA/NumericalData/RBSP/A/EMFISIS/MAGNETOMETER/L3/GSE/PT4S,10.48322/6f9r-x856
https://spase-metadata.org/NASA/NumericalData/RBSP/A/EMFISIS/MAGNETOMETER/L3/GSM/PT0.015625S,10.48322/2tyy-s986
https://spase-metadata.org/NASA/NumericalData/RBSP/A/EMFISIS/MAGNETOMETER/L3/GSM/PT1S,10.48322/w6r4-fp76
https://spase-metadata.org/NASA/NumericalData/RBSP/A/EMFISIS/MAGNETOMETER/L3/GSM/PT4S,10.48322/zrvq-vt55
https://spase-metadata.org/NASA/NumericalData/RBSP/A/EMFISIS/MAGNETOMETER/L3/SM/PT0.015625S,10.48322/h47r-sf90
https://spase-metadata.org/NASA/NumericalData/RBSP/A/EMFISIS/MAGNETOMETER/L3/SM/PT1S,10.48322/4kbj-9183
https://spase-metadata.org/NASA/NumericalData/RBSP/A/EMFISIS/MAGNETOMETER/L3/SM/PT4S,10.48322/d15r-3a05
https://spase-metadata.org/NASA/NumericalData/RBSP/A/EMFISIS/WFR/L2/SPECTRAL-MATRIX/PT6S,10.48322/be1v-n754
https://spase-metadata.org/NASA/NumericalData/RBSP/A/EMFISIS/WFR/L2/SPECTRAL-MATRIX-BURST/PT1S,10.48322/bxxh-z037
https://spase-metadata.org/NASA/NumericalData/RBSP/A/EMFISIS/WFR/L2/SPECTRAL-MATRIX-DIAGONAL/PT6S,10.48322/3v2f-af86
https://spase-metadata.org/NASA/NumericalData/RBSP/A/EMFISIS/WFR/L2/SPECTRAL-MATRIX-DIAGONAL-MERGED/PT6S,10.48322/at6y-vy38
https://spase-metadata.org/NASA/NumericalData/RBSP/A/EMFISIS/WFR/L2/WAVEFORM/PT6S,10.48322/13vc-c837
https://spase-metadata.org/NASA/NumericalData/RBSP/A/EMFISIS/WFR/L2/WaveformContinuousBurst/PT6S,10.48322/czxv-qx38
https://spase-metadata.org/NASA/NumericalData/RBSP/A/EMFISIS/WFR/L4/ElectronDensity/PT0.5S,10.48322/c4ha-xj50
https://spase-metadata.org/NASA/NumericalData/RBSP/A/Ephemeris/PT12M,10.48322/77kw-4j43
https://spase-metadata.org/NASA/NumericalData/RBSP/A/RBSPICE/L2/ESRHELT,10.48322/50xk-gg39
https://spase-metadata.org/NASA/NumericalData/RBSP/A/RBSPICE/L2/ESRLEHT,10.48322/x715-ah28
https://spase-metadata.org/NASA/NumericalData/RBSP/A/RBSPICE/L2/ISRHELT,10.48322/0ak3-z198
https://spase-metadata.org/NASA/NumericalData/RBSP/A/RBSPICE/L2/TOFXEH,10.48322/ydv2-ch72
https://spase-metadata.org/NASA/NumericalData/RBSP/A/RBSPICE/L2/TOFXEION,10.48322/p4m2-9k90
https://spase-metadata.org/NASA/NumericalData/RBSP/A/RBSPICE/L2/TOFXENONH,10.48322/w5ye-vm77
https://spase-metadata.org/NASA/NumericalData/RBSP/A/RBSPICE/L2/TOFXPHHHELT,10.48322/5sqy-kb23
https://spase-metadata.org/NASA/NumericalData/RBSP/A/RBSPICE/L2/TOFXPHHLEHT,10.48322/qkk5-r037
https://spase-metadata.org/NASA/NumericalData/RBSP/A/RBSPICE/L3/ESRHELT,10.48322/zcrq-hj26
https://spase-metadata.org/NASA/NumericalData/RBSP/A/RBSPICE/L3/ESRLEHT,10.48322/n221-vw77
https://spase-metadata.org/NASA/NumericalData/RBSP/A/RBSPICE/L3/ISRHELT,10.48322/daqq-gk90
https://spase-metadata.org/NASA/NumericalData/RBSP/A/RBSPICE/L3/PAP/ESRHELT/PT10.9S,10.48322/7mxy-dn25
https://spase-metadata.org/NASA/NumericalData/RBSP/A/RBSPICE/L3/PAP/ESRLEHT/PT10.9S,10.48322/ezsz-e525
https://spase-metadata.org/NASA/NumericalData/RBSP/A/RBSPICE/L3/PAP/TOFXEH/PT10.9S,10.48322/t323-cd86
https://spase-metadata.org/NASA/NumericalData/RBSP/A/RBSPICE/L3/PAP/TOFXEHE/PT10.9S,10.48322/knbt-qb86
https://spase-metadata.org/NASA/NumericalData/RBSP/A/RBSPICE/L3/PAP/TOFXEHE-0/PT10.9S,10.48322/z9kh-tp03
https://spase-metadata.org/NASA/NumericalData/RBSP/A/RBSPICE/L3/PAP/TOFXEION/PT10.9S,10.48322/3wy7-bv28
https://spase-metadata.org/NASA/NumericalData/RBSP/A/RBSPICE/L3/PAP/TOFXEO/PT10.9S,10.48322/gg52-1338
https://spase-metadata.org/NASA/NumericalData/RBSP/A/RBSPICE/L3/PAP/TOFXEO-0/PT10.9S,10.48322/nw9y-vj72
https://spase-metadata.org/NASA/NumericalData/RBSP/A/RBSPICE/L3/PAP/TOFXPHHHELT/PT10.9S,10.48322/9j1k-re84
https://spase-metadata.org/NASA/NumericalData/RBSP/A/RBSPICE/L3/PAP/TOFXPHHLEHT/PT10.9S,10.48322/1393-6m93
https://spase-metadata.org/NASA/NumericalData/RBSP/A/RBSPICE/L3/PAP/TOFXPHOHELT/PT10.9S,10.48322/wsp2-ds36
https://spase-metadata.org/NASA/NumericalData/RBSP/A/RBSPICE/L3/PAP/TOFXPHOLEHT/PT10.9S,10.48322/q87a-tn74
https://spase-metadata.org/NASA/NumericalData/RBSP/A/RBSPICE/L3/TOFXEH,10.48322/e889-c285
https://spase-metadata.org/NASA/NumericalData/RBSP/A/RBSPICE/L3/TOFXEION,10.48322/ee6n-x567
https://spase-metadata.org/NASA/NumericalData/RBSP/A/RBSPICE/L3/TOFXENONH,10.48322/qghx-dt80
https://spase-metadata.org/NASA/NumericalData/RBSP/A/RBSPICE/L3/TOFXPHHHELT,10.48322/nj27-cf05
https://spase-metadata.org/NASA/NumericalData/RBSP/A/RBSPICE/L3/TOFXPHHLEHT,10.48322/jstq-z957
https://spase-metadata.org/NASA/NumericalData/RBSP/A/RPS/L2/PT0.058S,10.48322/a587-0r70
https://spase-metadata.org/NASA/NumericalData/RBSP/A/RPS/L2/PT1M,10.48322/h4my-4k78
https://spase-metadata.org/NASA/NumericalData/RBSP/B/ECT/HOPE/L2/Sectors/Release04/PT24S,10.48322/1xw2-1868
https://spase-metadata.org/NASA/NumericalData/RBSP/B/ECT/HOPE/L2/SpinAverage/Release04/PT24S,10.48322/68w5-kh78
https://spase-metadata.org/NASA/NumericalData/RBSP/B/ECT/HOPE/L3/Moments/Release04/PT24.35S,10.48322/ndtr-v928
https://spase-metadata.org/NASA/NumericalData/RBSP/B/ECT/HOPE/L3/PitchAngle/Release04/PT11.35S,10.48322/4671-8e02
https://spase-metadata.org/NASA/NumericalData/RBSP/B/ECT/MagEIS/L2/Sectors/Release03/PT10.9S,10.48322/mfa4-z841
https://spase-metadata.org/NASA/NumericalData/RBSP/B/ECT/MagEIS/L3/Sectors/Release04/PT10.9S,10.48322/6qrc-aq80
https://spase-metadata.org/NASA/NumericalData/RBSP/B/ECT/REPT/L2/Sectors/Release03/PT4.2S,10.48322/nzhx-1t77
https://spase-metadata.org/NASA/NumericalData/RBSP/B/ECT/REPT/L3/Sectors/Release03/PT4.2S,10.48322/5t1q-9z75
https://spase-metadata.org/NASA/NumericalData/RBSP/B/EFW/L1/B1/UVW/ElectricField/PT0.00195S,10.48322/d068-0077
https://spase-metadata.org/NASA/NumericalData/RBSP/B/EFW/L1/B1/UVW/ElectricPotential/PT0.00195S,10.48322/wc7z-gn15
https://spase-metadata.org/NASA/NumericalData/RBSP/B/EFW/L1/B1/UVW/PT0.00195S,10.48322/zbw6-0626
https://spase-metadata.org/NASA/NumericalData/RBSP/B/EFW/L1/B1/UVW/SearchCoilMagneticField/PT0.00195S,10.48322/0g4g-yj29
https://spase-metadata.org/NASA/NumericalData/RBSP/B/EFW/L1/B2/PT0.00006S,10.48322/d7kd-r546
https://spase-metadata.org/NASA/NumericalData/RBSP/B/EFW/L1/B2/UVW/ElectricField/PT0.00006S,10.48322/hwyb-7a93
https://spase-metadata.org/NASA/NumericalData/RBSP/B/EFW/L1/B2/UVW/ElectricPotential/PT0.00006S,10.48322/q5r0-ed59
https://spase-metadata.org/NASA/NumericalData/RBSP/B/EFW/L1/B2/UVW/SearchCoilMagneticField/PT0.00006S,10.48322/w2rd-8p41
https://spase-metadata.org/NASA/NumericalData/RBSP/B/EFW/L2/ESVY_DESPUN/PT0.031S,10.48322/036a-q517
https://spase-metadata.org/NASA/NumericalData/RBSP/B/EFW/L2/FBK/PT0.125S,10.48322/m9dn-c472
https://spase-metadata.org/NASA/NumericalData/RBSP/B/EFW/L2/MGSE/PT11S,10.48322/s0hb-rp21
https://spase-metadata.org/NASA/NumericalData/RBSP/B/EFW/L2/SPEC/PT4S,10.48322/hdnm-mh60
https://spase-metadata.org/NASA/NumericalData/RBSP/B/EFW/L2/UVW/Hires,10.48322/64bn-y776
https://spase-metadata.org/NASA/NumericalData/RBSP/B/EFW/L2/VSVY/PT1S,10.48322/e9bt-8x09
https://spase-metadata.org/NASA/NumericalData/RBSP/B/EFW/L3/PT11S,10.48322/p4ze-4247
https://spase-metadata.org/NASA/NumericalData/RBSP/B/EMFISIS/HFR/L2/SPECTRA/PT6S,10.48322/zpmq-qm18
https://spase-metadata.org/NASA/NumericalData/RBSP/B/EMFISIS/HFR/L2/SPECTRA-BURST/PT6S,10.48322/prbv-3b62
https://spase-metadata.org/NASA/NumericalData/RBSP/B/EMFISIS/HFR/L2/SPECTRA-MERGED/PT6S,10.48322/g03f-pz86
https://spase-metadata.org/NASA/NumericalData/RBSP/B/EMFISIS/HFR/L2/WAVEFORM,10.48322/dz64-x875
https://spase-metadata.org/NASA/NumericalData/RBSP/B/EMFISIS/HOUSEKEEPING/L2/PT1S,10.48322/y6hj-sc04
https://spase-metadata.org/NASA/NumericalData/RBSP/B/EMFISIS/MAGNETOMETER/L2/UVW,10.48322/66f8-6c92
https://spase-metadata.org/NASA/NumericalData/RBSP/B/EMFISIS/MAGNETOMETER/L3/GEI/PT0.015625S,10.48322/b30v-s029
https://spase-metadata.org/NASA/NumericalData/RBSP/B/EMFISIS/MAGNETOMETER/L3/GEI/PT1S,10.48322/8zvn-5753
https://spase-metadata.org/NASA/NumericalData/RBSP/B/EMFISIS/MAGNETOMETER/L3/GEI/PT4S,10.48322/7gy4-qd32
https://spase-metadata.org/NASA/NumericalData/RBSP/B/EMFISIS/MAGNETOMETER/L3/GEO/PT0.015625S,10.48322/y09z-a990
https://spase-metadata.org/NASA/NumericalData/RBSP/B/EMFISIS/MAGNETOMETER/L3/GEO/PT1S,10.48322/9fmv-3p17
https://spase-metadata.org/NASA/NumericalData/RBSP/B/EMFISIS/MAGNETOMETER/L3/GEO/PT4S,10.48322/5zd2-dk98
https://spase-metadata.org/NASA/NumericalData/RBSP/B/EMFISIS/MAGNETOMETER/L3/GSE/PT0.015625S,10.48322/mdts-0y61
https://spase-metadata.org/NASA/NumericalData/RBSP/B/EMFISIS/MAGNETOMETER/L3/GSE/PT1S,10.48322/xhkc-6v40
https://spase-metadata.org/NASA/NumericalData/RBSP/B/EMFISIS/MAGNETOMETER/L3/GSE/PT4S,10.48322/e698-nb28
https://spase-metadata.org/NASA/NumericalData/RBSP/B/EMFISIS/MAGNETOMETER/L3/GSM/PT0.015625S,10.48322/4dx1-s250
https://spase-metadata.org/NASA/NumericalData/RBSP/B/EMFISIS/MAGNETOMETER/L3/GSM/PT1S,10.48322/x429-5310
https://spase-metadata.org/NASA/NumericalData/RBSP/B/EMFISIS/MAGNETOMETER/L3/GSM/PT4S,10.48322/kh8k-hc54
https://spase-metadata.org/NASA/NumericalData/RBSP/B/EMFISIS/MAGNETOMETER/L3/SM/PT0.015625S,10.48322/k10e-1w74
https://spase-metadata.org/NASA/NumericalData/RBSP/B/EMFISIS/MAGNETOMETER/L3/SM/PT1S,10.48322/fg6n-yr78
https://spase-metadata.org/NASA/NumericalData/RBSP/B/EMFISIS/MAGNETOMETER/L3/SM/PT4S,10.48322/knn2-mp16
https://spase-metadata.org/NASA/NumericalData/RBSP/B/EMFISIS/WFR/L2/SPECTRAL-MATRIX/PT6S,10.48322/abqk-a365
https://spase-metadata.org/NASA/NumericalData/RBSP/B/EMFISIS/WFR/L2/SPECTRAL-MATRIX-DIAGONAL/PT6S,10.48322/dafd-6p95
https://spase-metadata.org/NASA/NumericalData/RBSP/B/EMFISIS/WFR/L2/SPECTRAL-MATRIX-DIAGONAL-MERGED/PT6S,10.48322/0ch5-t113
https://spase-metadata.org/NASA/NumericalData/RBSP/B/EMFISIS/WFR/L2/WAVEFORM/PT6S,10.48322/mf9b-6r41
https://spase-metadata.org/NASA/NumericalData/RBSP/B/EMFISIS/WFR/L2/WAVEFORM-CONTINUOUS-BURST/PT6S,10.48322/gm07-2739
https://spase-metadata.org/NASA/NumericalData/RBSP/B/EMFISIS/WFR/L4/ElectronDensity/PT0.5S,10.48322/c6s1-wg66
https://spase-metadata.org/NASA/NumericalData/RBSP/B/Ephemeris/PT12M,10.48322/b7mr-ks84
https://spase-metadata.org/NASA/NumericalData/RBSP/B/RBSPICE/L2/ESRHELT,10.48322/2zcv-0b61
https://spase-metadata.org/NASA/NumericalData/RBSP/B/RBSPICE/L2/ESRLEHT,10.48322/btrq-0a49
https://spase-metadata.org/NASA/NumericalData/RBSP/B/RBSPICE/L2/ISRHELT,10.48322/gd0d-6e49
https://spase-metadata.org/NASA/NumericalData/RBSP/B/RBSPICE/L2/TOFXEH,10.48322/49dp-jw39
https://spase-metadata.org/NASA/NumericalData/RBSP/B/RBSPICE/L2/TOFXEION,10.48322/jt55-m188
https://spase-metadata.org/NASA/NumericalData/RBSP/B/RBSPICE/L2/TOFXENONH,10.48322/v4tx-ej55
https://spase-metadata.org/NASA/NumericalData/RBSP/B/RBSPICE/L2/TOFXPHHHELT,10.48322/4qe2-5145
https://spase-metadata.org/NASA/NumericalData/RBSP/B/RBSPICE/L2/TOFXPHHLEHT,10.48322/2jc4-tb70
https://spase-metadata.org/NASA/NumericalData/RBSP/B/RBSPICE/L3/ESRHELT,10.48322/vn20-5g44
https://spase-metadata.org/NASA/NumericalData/RBSP/B/RBSPICE/L3/ESRLEHT,10.48322/nxsw-2k50
https://spase-metadata.org/NASA/NumericalData/RBSP/B/RBSPICE/L3/ISRHELT,10.48322/1t5a-gm85
https://spase-metadata.org/NASA/NumericalData/RBSP/B/RBSPICE/L3/PAP/ESRHELT/PT10.9S,10.48322/yean-0a44
https://spase-metadata.org/NASA/NumericalData/RBSP/B/RBSPICE/L3/PAP/ESRLEHT/PT10.9S,10.48322/yq1a-4q76
https://spase-metadata.org/NASA/NumericalData/RBSP/B/RBSPICE/L3/PAP/TOFXEH/PT10.9S,10.48322/6n22-6807
https://spase-metadata.org/NASA/NumericalData/RBSP/B/RBSPICE/L3/PAP/TOFXEHE/PT10.9S,10.48322/0nfn-gt73
https://spase-metadata.org/NASA/NumericalData/RBSP/B/RBSPICE/L3/PAP/TOFXEHE-0/PT10.9S,10.48322/dkyf-gz14
https://spase-metadata.org/NASA/NumericalData/RBSP/B/RBSPICE/L3/PAP/TOFXEION/PT10.9S,10.48322/ke3e-5s15
https://spase-metadata.org/NASA/NumericalData/RBSP/B/RBSPICE/L3/PAP/TOFXEO/PT10.9S,10.48322/7bnw-z839
https://spase-metadata.org/NASA/NumericalData/RBSP/B/RBSPICE/L3/PAP/TOFXEO-0/PT10.9S,10.48322/2c4e-dk29
https://spase-metadata.org/NASA/NumericalData/RBSP/B/RBSPICE/L3/PAP/TOFXPHHHELT/PT10.9S,10.48322/7dg0-7h47
https://spase-metadata.org/NASA/NumericalData/RBSP/B/RBSPICE/L3/PAP/TOFXPHHLEHT/PT10.9S,10.48322/njhg-7j22
https://spase-metadata.org/NASA/NumericalData/RBSP/B/RBSPICE/L3/PAP/TOFXPHOHELT/PT10.9S,10.48322/hrv9-ec37
https://spase-metadata.org/NASA/NumericalData/RBSP/B/RBSPICE/L3/PAP/TOFXPHOLEHT/PT10.9S,10.48322/bwm7-5m36
https://spase-metadata.org/NASA/NumericalData/RBSP/B/RBSPICE/L3/TOFXEH,10.48322/6crc-aj02
https://spase-metadata.org/NASA/NumericalData/RBSP/B/RBSPICE/L3/TOFXEION,10.48322/1qnv-8c11
https://spase-metadata.org/NASA/NumericalData/RBSP/B/RBSPICE/L3/TOFXENONH,10.48322/w7nq-kz93
https://spase-metadata.org/NASA/NumericalData/RBSP/B/RBSPICE/L3/TOFXPHHHELT,10.48322/6wj8-zz20
https://spase-metadata.org/NASA/NumericalData/RBSP/B/RBSPICE/L3/TOFXPHHLEHT,10.48322/9f4c-2b63
https://spase-metadata.org/NASA/NumericalData/RBSP/B/RPS/L2/PT0.058S,10.48322/b5me-tj22
https://spase-metadata.org/NASA/NumericalData/RBSP/B/RPS/L2/PT1M,10.48322/r0b5-m046
https://spase-metadata.org/NASA/NumericalData/RBSP/ECT/REPT/SelesnickModel/L3/P1M,10.48322/0qyz-h276
https://spase-metadata.org/NASA/NumericalData/RENU2/COWBOY/ElectricField/PT0.001S,10.48322/35v3-c331
https://spase-metadata.org/NASA/NumericalData/RENU2/COWBOY/VLF/PT0.001S,10.48322/7pss-6w70
https://spase-metadata.org/NASA/NumericalData/RENU2/EPLAS/PT0.042S,10.48322/5zvf-1q82
https://spase-metadata.org/NASA/NumericalData/RENU2/ERPA/MAIN/PT0.0005S,10.48322/7hy6-k889
https://spase-metadata.org/NASA/NumericalData/RENU2/ERPA/SUB/PT0.0005S,10.48322/cy19-2944
https://spase-metadata.org/NASA/NumericalData/RENU2/FGM/PT0.001S,10.48322/ndrv-ds51
https://spase-metadata.org/NASA/NumericalData/RENU2/IG2/PT0.001S,10.48322/k3hd-7y51
https://spase-metadata.org/NASA/NumericalData/RENU2/PMT/PT0.004S,10.48322/hwz5-q486
https://spase-metadata.org/NASA/NumericalData/RENU2/UVPMT/PT0.042S,10.48322/f1c4-b375
https://spase-metadata.org/NASA/NumericalData/RHESSI/Ephemeris/PT1M,10.48322/g6q6-gh30
https://spase-metadata.org/NASA/NumericalData/RHESSI/HESSI/PT0.1S,10.48322/t50r-yc53
https://spase-metadata.org/NASA/NumericalData/ROCSAT-1/IPEI/PT1s,10.48322/jz5h-kr21
https://spase-metadata.org/NASA/NumericalData/SAMPEX/DailyAveragedLvsTime/PT24H,10.48322/esz9-6245
https://spase-metadata.org/NASA/NumericalData/SAMPEX/Ephemeris/PT1M,10.48322/3xj0-pr31
https://spase-metadata.org/NASA/NumericalData/SAMPEX/PCA/PT48M,10.48322/m7w8-8d83
https://spase-metadata.org/NASA/NumericalData/SAMPEX/PT30.00S,10.48322/2x9v-jv02
https://spase-metadata.org/NASA/NumericalData/SDO/AIA/EUV094/PT12S,10.48322/3jya-jk44
https://spase-metadata.org/NASA/NumericalData/SDO/AIA/EUV131/PT12S,10.48322/pbyp-4d90
https://spase-metadata.org/NASA/NumericalData/SDO/AIA/EUV171/PT12S,10.48322/n41j-hy30
https://spase-metadata.org/NASA/NumericalData/SDO/AIA/EUV193/PT12S,10.48322/094z-2d40
https://spase-metadata.org/NASA/NumericalData/SDO/AIA/EUV211/PT12S,10.48322/dpmb-xg29
https://spase-metadata.org/NASA/NumericalData/SDO/AIA/EUV304/PT12S,10.48322/z1ks-mk18
https://spase-metadata.org/NASA/NumericalData/SDO/AIA/EUV335/PT12S,10.48322/asmp-nf13
https://spase-metadata.org/NASA/NumericalData/SDO/AIA/NWRA/AARP/PT12S,10.48322/50td-nz33
https://spase-metadata.org/NASA/NumericalData/SDO/AIA/PT12S,10.48322/51e0-hf62
https://spase-metadata.org/NASA/NumericalData/SDO/AIA/SSC/CarringtonMaps,10.48322/v66w-8e77
https://spase-metadata.org/NASA/NumericalData/SDO/AIA/Synoptic/NearRealTime/PT180S,10.48322/1ccf-bb24
https://spase-metadata.org/NASA/NumericalData/SDO/AIA/Synoptic/PT120S,10.48322/mjpe-e089
https://spase-metadata.org/NASA/NumericalData/SDO/AIA/UV1600/PT24S,10.48322/fwtc-3d78
https://spase-metadata.org/NASA/NumericalData/SDO/AIA/UV1700/PT24S,10.48322/4k86-r913
https://spase-metadata.org/NASA/NumericalData/SDO/AIA/VIS4500/PT60M,10.48322/xze3-9s15
https://spase-metadata.org/NASA/NumericalData/SDO/EVE/Level1/Version8/PT0.25S,10.48322/3v9b-4p18
https://spase-metadata.org/NASA/NumericalData/SDO/EVE/Level2/Version8/PT10S,10.48322/6y24-z443
https://spase-metadata.org/NASA/NumericalData/SDO/EVE/Level2B/Version8/PT60S,10.48322/fsck-0y31
https://spase-metadata.org/NASA/NumericalData/SDO/EVE/Level3/Merged/Version8/PT0.25S,10.48322/tc3q-qk29
https://spase-metadata.org/NASA/NumericalData/SDO/EVE/Level3/Version8/PT0.25S,10.48322/qnr8-jw83
https://spase-metadata.org/NASA/NumericalData/SDO/EVE/Level4/Version8/PT60S,10.48322/w599-ep25
https://spase-metadata.org/NASA/NumericalData/SDO/EVE/PT10S,10.48322/5sg2-y345
https://spase-metadata.org/NASA/NumericalData/SDO/HMI/Continuum_Intensity/PT45S,10.48322/jdkz-xv95
https://spase-metadata.org/NASA/NumericalData/SDO/HMI/Continuum_Intensity/PT720S,10.48322/ze6r-3m97
https://spase-metadata.org/NASA/NumericalData/SDO/HMI/Linedepth_Data/PT45S,10.48322/2q9m-hj09
https://spase-metadata.org/NASA/NumericalData/SDO/HMI/Linedepth_Data/PT720S,10.48322/mebd-jv40
https://spase-metadata.org/NASA/NumericalData/SDO/HMI/Linewidth_Data/PT45S,10.48322/k5gw-7c10
https://spase-metadata.org/NASA/NumericalData/SDO/HMI/Linewidth_Data/PT720S,10.48322/v6me-8w52
https://spase-metadata.org/NASA/NumericalData/SDO/HMI/LOS_Dopplergram/PT45S,10.48322/e9dg-yp34
https://spase-metadata.org/NASA/NumericalData/SDO/HMI/LOS_Dopplergram/PT720S,10.48322/mn3e-wv09
https://spase-metadata.org/NASA/NumericalData/SDO/HMI/LOS_Magnetogram/PT45S,10.48322/f2z0-rs29
https://spase-metadata.org/NASA/NumericalData/SDO/HMI/LOS_Magnetogram/PT720S,10.48322/f9tw-dz15
https://spase-metadata.org/NASA/NumericalData/SDO/HMI/PT45S,10.48322/r8ty-4s63
https://spase-metadata.org/NASA/NumericalData/SDO/HMI/SHARP/CEA/NRT/PT720S,10.48322/ejj7-n105
https://spase-metadata.org/NASA/NumericalData/SDO/HMI/SHARP/CEA/PT720S,10.48322/m97j-0816
https://spase-metadata.org/NASA/NumericalData/SDO/HMI/SHARP/NRT/PT720S,10.48322/hsx6-rz81
https://spase-metadata.org/NASA/NumericalData/SDO/HMI/SHARP/PT720S,10.48322/m86t-bh26
https://spase-metadata.org/NASA/NumericalData/SDO/HMI/Synoptic/LOS_Magnetic_Field,10.48322/8bnw-ag97
https://spase-metadata.org/NASA/NumericalData/SDO/HMI/Synoptic/LOS_Magnetic_Field_Small,10.48322/sjvb-rb76
https://spase-metadata.org/NASA/NumericalData/SDO/HMI/Synoptic/Radial_Magnetic_Field,10.48322/pbwn-9t13
https://spase-metadata.org/NASA/NumericalData/SDO/HMI/Synoptic/Radial_Magnetic_Field_Small,10.48322/f3t3-n879
https://spase-metadata.org/NASA/NumericalData/SDO/HMI/Vector_Magnetic_Field/PT720S,10.48322/qa09-xp16
https://spase-metadata.org/NASA/NumericalData/Skylab/Spectroheliometer/RasterFITS/PT330S,10.48322/d4f6-aj92
https://spase-metadata.org/NASA/NumericalData/Skylab/WhiteLightCoronograph,10.48322/07fv-b008
https://spase-metadata.org/NASA/NumericalData/SNOE/Ephemeris/PT1M,10.48322/sxy2-xv97
https://spase-metadata.org/NASA/NumericalData/SNOE/SXP/2-7nm_Irradiance/PT1D,10.48322/jm2x-9503
https://spase-metadata.org/NASA/NumericalData/SNOE/UVS/GEO/PT1S,10.48322/nst7-j547
https://spase-metadata.org/NASA/NumericalData/SNOE/UVS/GEO/PT24H,10.48322/p0rn-3r92
https://spase-metadata.org/NASA/NumericalData/SNOE/UVS/GEO/PT96M,10.48322/jsvn-5y55
https://spase-metadata.org/NASA/NumericalData/SNOE/UVS/MAG/PT1S,10.48322/b06s-ny55
https://spase-metadata.org/NASA/NumericalData/SNOE/UVS/MAG/PT24H,10.48322/pjdh-s013
https://spase-metadata.org/NASA/NumericalData/SNOE/UVS/MAG/PT96M,10.48322/2601-sh08
https://spase-metadata.org/NASA/NumericalData/SOHO/Attitude/Definitive/PT10M,10.48322/cb1y-v431
https://spase-metadata.org/NASA/NumericalData/SOHO/CELIAS/PM/CDF/PT30S,10.48322/nb4b-f027
https://spase-metadata.org/NASA/NumericalData/SOHO/CELIAS/PM/CDF/PT5M,10.48322/a1m9-qh25
https://spase-metadata.org/NASA/NumericalData/SOHO/CELIAS/PM/PT30S,10.48322/260x-bv84
https://spase-metadata.org/NASA/NumericalData/SOHO/CELIAS/PM/PT3600.00S,10.48322/skgd-e036
https://spase-metadata.org/NASA/NumericalData/SOHO/CELIAS/PM/PT5M,10.48322/t23z-yb11
https://spase-metadata.org/NASA/NumericalData/SOHO/CELIAS/SEM/CDF/P1D,10.48322/d93q-e053
https://spase-metadata.org/NASA/NumericalData/SOHO/CELIAS/SEM/CDF/PT15S,10.48322/perq-dq14
https://spase-metadata.org/NASA/NumericalData/SOHO/Ephemeris/Definitive/PT10M,10.48322/51x1-ns05
https://spase-metadata.org/NASA/NumericalData/SOHO/Ephemeris/Predicted/PT10M,10.48322/zd0n-5q76
https://spase-metadata.org/NASA/NumericalData/SOHO/Ephemeris/PT12M,10.48322/rwjk-v666
https://spase-metadata.org/NASA/NumericalData/SOHO/LASCO/C1/Level_05/PT10M,10.48322/a8q8-am07
https://spase-metadata.org/NASA/NumericalData/SOHO/LASCO/C2/Level_05/PT12M,10.48322/8t0t-we11
https://spase-metadata.org/NASA/NumericalData/SOHO/LASCO/C2/Level_10/PT12M,10.48322/h5kj-3939
https://spase-metadata.org/NASA/NumericalData/SOHO/LASCO/C2/Level_20/PercentPolarized/PT6H,10.48322/r515-1367
https://spase-metadata.org/NASA/NumericalData/SOHO/LASCO/C2/Level_20/PolarizedBrightness/PT6H,10.48322/vkfc-zw89
https://spase-metadata.org/NASA/NumericalData/SOHO/LASCO/C3/Level_05/PT12M,10.48322/6q0p-cj91
https://spase-metadata.org/NASA/NumericalData/SOHO/LASCO/C3/Level_10/PT12M,10.48322/78a3-pg24
https://spase-metadata.org/NASA/NumericalData/SOHO/LASCO/C3/Level_20/PercentPolarized/PT24H,10.48322/n7aj-3053
https://spase-metadata.org/NASA/NumericalData/SOHO/LASCO/C3/Level_20/PolarizedBrightness/PT24H,10.48322/897w-pq47
https://spase-metadata.org/NASA/NumericalData/SOHO/LASCO/Near_Real_Time,10.48322/dr6t-wx65
https://spase-metadata.org/NASA/NumericalData/SOHO/MDI/LOS_MagneticField/Level_1/PT96M,10.48322/22dk-a715
https://spase-metadata.org/NASA/NumericalData/SOHO/MDI/LOS_Velocity/Level_1/PT60S,10.48322/4x4p-sr85
https://spase-metadata.org/NASA/NumericalData/SOHO/MDI/PT1H,10.48322/jkxt-8330
https://spase-metadata.org/NASA/NumericalData/SOHO/MDI/VSO,10.48322/nvsm-n779
https://spase-metadata.org/NASA/NumericalData/SOHO/UVCS/PT9M,10.48322/a1pz-bm40
https://spase-metadata.org/NASA/NumericalData/SolarOrbiter/SoloHI/FITS/Level1/PT8M,10.48322/ng2n-yc31
https://spase-metadata.org/NASA/NumericalData/SolarOrbiter/SoloHI/FITS/Level2/PT8M,10.48322/kej7-fa74
https://spase-metadata.org/NASA/NumericalData/SolarOrbiter/SoloHI/MVI/PT48M,10.48322/kfr5-w650
https://spase-metadata.org/NASA/NumericalData/SORCE/SSI/PT6H,10.48322/7aap-9825
https://spase-metadata.org/NASA/NumericalData/SORCE/TIM/PT6H,10.48322/dnbh-x286
https://spase-metadata.org/NASA/NumericalData/STEREO/SECCHI,10.48322/vcym-ex97
https://spase-metadata.org/NASA/NumericalData/STEREO/SWAVES/DS/Combined/PT1M,10.48322/6ra3-pg21
https://spase-metadata.org/NASA/NumericalData/STEREO-A/Ephemeris/GEI/PT05M,10.48322/hdv9-3939
https://spase-metadata.org/NASA/NumericalData/STEREO-A/Ephemeris/GSE/PT05M,10.48322/gbca-e396
https://spase-metadata.org/NASA/NumericalData/STEREO-A/Ephemeris/GSM/PT05M,10.48322/k0tm-hj85
https://spase-metadata.org/NASA/NumericalData/STEREO-A/Ephemeris/HCI/PT05M,10.48322/4m9a-ge57
https://spase-metadata.org/NASA/NumericalData/STEREO-A/Ephemeris/HEE/PT05M,10.48322/a3w0-2e24
https://spase-metadata.org/NASA/NumericalData/STEREO-A/Ephemeris/HEEQ/PT05M,10.48322/mvnr-st29
https://spase-metadata.org/NASA/NumericalData/STEREO-A/Ephemeris/PT12M,10.48322/scbd-3f30
https://spase-metadata.org/NASA/NumericalData/STEREO-A/HelioWeb/Ephemeris/P1D,10.48322/4ekf-zt68
https://spase-metadata.org/NASA/NumericalData/STEREO-A/HelioWeb/Ephemeris/PT1H,10.48322/b89q-8765
https://spase-metadata.org/NASA/NumericalData/STEREO-A/IMPACT/Burst/L1/PT2S,10.48322/g42g-y966
https://spase-metadata.org/NASA/NumericalData/STEREO-A/IMPACT/HET/L1/PT1M,10.48322/12as-eq92
https://spase-metadata.org/NASA/NumericalData/STEREO-A/IMPACT/Housekeeping/L1/PT2S,10.48322/ze43-sh27
https://spase-metadata.org/NASA/NumericalData/STEREO-A/IMPACT/LB/PT1M,10.48322/w8k5-zt97
https://spase-metadata.org/NASA/NumericalData/STEREO-A/IMPACT/LET/L1/PT1M,10.48322/pnje-7988
https://spase-metadata.org/NASA/NumericalData/STEREO-A/IMPACT/MAG/L1/Burst/RTN/PT0.031S,10.48322/vetc-cx72
https://spase-metadata.org/NASA/NumericalData/STEREO-A/IMPACT/MAG/L1/Burst/SC/PT0.031S,10.48322/s8mc-9x35
https://spase-metadata.org/NASA/NumericalData/STEREO-A/IMPACT/MAG/L1/PT0.125S,10.48322/200r-rj72
https://spase-metadata.org/NASA/NumericalData/STEREO-A/IMPACT/MAG/RTN/LevelBeacon/PT0.125S,10.48322/trbb-ff59
https://spase-metadata.org/NASA/NumericalData/STEREO-A/IMPACT/MAG/SC/L1/PT0.125S,10.48322/a8eg-e811
https://spase-metadata.org/NASA/NumericalData/STEREO-A/IMPACT/PT1M,10.48322/a9g1-8x37
https://spase-metadata.org/NASA/NumericalData/STEREO-A/IMPACT/SEPT/L1/PT1M,10.48322/b6fb-a452
https://spase-metadata.org/NASA/NumericalData/STEREO-A/IMPACT/SIT/L1/PT1M,10.48322/sp7s-tp20
https://spase-metadata.org/NASA/NumericalData/STEREO-A/IMPACT/STE/L1/PT10S,10.48322/c1sh-f024
https://spase-metadata.org/NASA/NumericalData/STEREO-A/IMPACT/SWEA/L1/PT2S,10.48322/h0g4-j046
https://spase-metadata.org/NASA/NumericalData/STEREO-A/IMPACT/SWEA/L1/PT30S,10.48322/p3vt-z848
https://spase-metadata.org/NASA/NumericalData/STEREO-A/IMPACT/SWEA/PAD/L2/PT30S,10.48322/2y16-0t29
https://spase-metadata.org/NASA/NumericalData/STEREO-A/IMPACT/SWEA/Spectra/L1/PT10S,10.48322/fd9e-bg75
https://spase-metadata.org/NASA/NumericalData/STEREO-A/IMPACT_PLASTIC/COHOWEB/PT1H,10.48322/mdxq-sr08
https://spase-metadata.org/NASA/NumericalData/STEREO-A/MAGPLASMA/L2/PT1M,10.48322/2qaz-wv11
https://spase-metadata.org/NASA/NumericalData/STEREO-A/PLASTIC/AlfvenWaveList,10.48322/f92s-yr19
https://spase-metadata.org/NASA/NumericalData/STEREO-A/PLASTIC/AlphaParticle/PhaseSpaceDensities/PT1H,10.48322/kvfg-ca60
https://spase-metadata.org/NASA/NumericalData/STEREO-A/PLASTIC/Fe-abundance/PT2H,10.48322/8gb9-1w75
https://spase-metadata.org/NASA/NumericalData/STEREO-A/PLASTIC/He/PT10M,10.48322/b28f-8272
https://spase-metadata.org/NASA/NumericalData/STEREO-A/PLASTIC/He/PT1H,10.48322/7rng-de64
https://spase-metadata.org/NASA/NumericalData/STEREO-A/PLASTIC/HeliumPlus/PhaseSpaceDensities/PT10M,10.48322/gm12-v076
https://spase-metadata.org/NASA/NumericalData/STEREO-A/PLASTIC/HeliumPlus/VelocityCountDistributions/PT5M,10.48322/3sk0-f028
https://spase-metadata.org/NASA/NumericalData/STEREO-A/PLASTIC/HeliumPlusParameter/P1D,10.48322/p8nz-hw11
https://spase-metadata.org/NASA/NumericalData/STEREO-A/PLASTIC/L3/P1D,10.48322/0svp-2j12
https://spase-metadata.org/NASA/NumericalData/STEREO-A/PLASTIC/L3/PT1H,10.48322/f1zg-ac02
https://spase-metadata.org/NASA/NumericalData/STEREO-A/PLASTIC/LB/Browse/PT1M,10.48322/xbf2-ga61
https://spase-metadata.org/NASA/NumericalData/STEREO-A/PLASTIC/LB/PT1M,10.48322/00fp-pk25
https://spase-metadata.org/NASA/NumericalData/STEREO-A/PLASTIC/Protons/PT10M,10.48322/ka9p-x087
https://spase-metadata.org/NASA/NumericalData/STEREO-A/PLASTIC/Protons/PT1H,10.48322/nax5-0024
https://spase-metadata.org/NASA/NumericalData/STEREO-A/PLASTIC/Protons/PT1M,10.48322/1kfn-q976
https://spase-metadata.org/NASA/NumericalData/STEREO-A/PLASTIC/SmallTransientsList,10.48322/hyhj-y505
https://spase-metadata.org/NASA/NumericalData/STEREO-A/PLASTIC/SuprathermalEventList,10.48322/8q5p-cf91
https://spase-metadata.org/NASA/NumericalData/STEREO-A/SECCHI/Cor1/CarringtonMaps,10.48322/fwyw-zm37
https://spase-metadata.org/NASA/NumericalData/STEREO-A/SECCHI/Cor1/PT5M,10.48322/9fer-5m90
https://spase-metadata.org/NASA/NumericalData/STEREO-A/SECCHI/Cor2/CarringtonMaps,10.48322/hb3q-pk89
https://spase-metadata.org/NASA/NumericalData/STEREO-A/SECCHI/Cor2/PercentPolarized/PT1H,10.48322/a2dg-3757
https://spase-metadata.org/NASA/NumericalData/STEREO-A/SECCHI/Cor2/PT15M,10.48322/qfy4-7q03
https://spase-metadata.org/NASA/NumericalData/STEREO-A/SECCHI/Cor2/TotalBrightness/PT1H,10.48322/vez4-eg30
https://spase-metadata.org/NASA/NumericalData/STEREO-A/SECCHI/EUVI/171/PT5M,10.48322/sapp-rx54
https://spase-metadata.org/NASA/NumericalData/STEREO-A/SECCHI/EUVI/195/PT5M,10.48322/7ecd-vv25
https://spase-metadata.org/NASA/NumericalData/STEREO-A/SECCHI/EUVI/284/PT5M,10.48322/rk9z-xx59
https://spase-metadata.org/NASA/NumericalData/STEREO-A/SECCHI/EUVI/304/PT5M,10.48322/w6c9-eb08
https://spase-metadata.org/NASA/NumericalData/STEREO-A/SECCHI/EUVI/CarringtonMaps,10.48322/cj40-9w84
https://spase-metadata.org/NASA/NumericalData/STEREO-A/SECCHI/EUVI/PT5M,10.48322/260z-fs61
https://spase-metadata.org/NASA/NumericalData/STEREO-A/SECCHI/HI/Images,10.48322/ej1e-xm38
https://spase-metadata.org/NASA/NumericalData/STEREO-A/SECCHI/HI/L2_RAL,10.48322/bg2g-y235
https://spase-metadata.org/NASA/NumericalData/STEREO-A/SECCHI/HI/L2_SWRI,10.48322/ddc8-hk30
https://spase-metadata.org/NASA/NumericalData/STEREO-A/SECCHI/HI-1/PT40M,10.48322/r6hf-y883
https://spase-metadata.org/NASA/NumericalData/STEREO-A/SECCHI/HI-2/PT120M,10.48322/kpme-9k35
https://spase-metadata.org/NASA/NumericalData/STEREO-A/SECCHI/Wavelets,10.48322/d2zc-7t90
https://spase-metadata.org/NASA/NumericalData/STEREO-A/SWAVES/average_hfr/PT60S,10.48322/a0zp-0w27
https://spase-metadata.org/NASA/NumericalData/STEREO-A/SWAVES/average_lfr/PT60S,10.48322/bwpj-k958
https://spase-metadata.org/NASA/NumericalData/STEREO-A/SWAVES/new_average_hfr/PT60S,10.48322/b0fv-1n30
https://spase-metadata.org/NASA/NumericalData/STEREO-A/SWAVES/new_average_lfr/PT60S,10.48322/jcdr-hx32
https://spase-metadata.org/NASA/NumericalData/STEREO-A/SWAVES/sta_l3_wav_hfr/PT15S,10.48322/8avt-jw56
https://spase-metadata.org/NASA/NumericalData/STEREO-A/SWAVES/sta_l3_wav_lfr/PT15S,10.48322/x8s7-j459
https://spase-metadata.org/NASA/NumericalData/STEREO-A/SWAVES/TDS/PT60S,10.48322/46h0-6259
https://spase-metadata.org/NASA/NumericalData/STEREO-B/Ephemeris/GEI/PT05M,10.48322/1jdr-4d51
https://spase-metadata.org/NASA/NumericalData/STEREO-B/Ephemeris/GSE/PT05M,10.48322/3gqp-yr83
https://spase-metadata.org/NASA/NumericalData/STEREO-B/Ephemeris/GSM/PT05M,10.48322/7e5n-zc49
https://spase-metadata.org/NASA/NumericalData/STEREO-B/Ephemeris/HCI/PT05M,10.48322/29wr-a977
https://spase-metadata.org/NASA/NumericalData/STEREO-B/Ephemeris/HEE/PT05M,10.48322/4596-ka20
https://spase-metadata.org/NASA/NumericalData/STEREO-B/Ephemeris/HEEQ/PT05M,10.48322/6kev-6p91
https://spase-metadata.org/NASA/NumericalData/STEREO-B/Ephemeris/PT12M,10.48322/48zw-g527
https://spase-metadata.org/NASA/NumericalData/STEREO-B/HelioWeb/Ephemeris/P1D,10.48322/wf40-pg89
https://spase-metadata.org/NASA/NumericalData/STEREO-B/HelioWeb/Ephemeris/PT1H,10.48322/7yg5-tr93
https://spase-metadata.org/NASA/NumericalData/STEREO-B/IMPACT/Burst/L1/PT2S,10.48322/5yvh-ye26
https://spase-metadata.org/NASA/NumericalData/STEREO-B/IMPACT/HET/L1/PT1M,10.48322/ar6g-kf51
https://spase-metadata.org/NASA/NumericalData/STEREO-B/IMPACT/Housekeeping/L1/PT2S,10.48322/b6qg-8460
https://spase-metadata.org/NASA/NumericalData/STEREO-B/IMPACT/LB/PT1M,10.48322/14sd-tb45
https://spase-metadata.org/NASA/NumericalData/STEREO-B/IMPACT/LET/L1/PT1M,10.48322/d7cp-tn07
https://spase-metadata.org/NASA/NumericalData/STEREO-B/IMPACT/MAG/L1/Burst/RTN/PT0.031S,10.48322/qhwc-kx12
https://spase-metadata.org/NASA/NumericalData/STEREO-B/IMPACT/MAG/L1/Burst/SC/PT0.031S,10.48322/jtam-nx76
https://spase-metadata.org/NASA/NumericalData/STEREO-B/IMPACT/MAG/L1/PT0.125S,10.48322/y8qa-7k94
https://spase-metadata.org/NASA/NumericalData/STEREO-B/IMPACT/MAG/SC/L1/PT0.125S,10.48322/621j-bb27
https://spase-metadata.org/NASA/NumericalData/STEREO-B/IMPACT/PT1M,10.48322/wk25-2t19
https://spase-metadata.org/NASA/NumericalData/STEREO-B/IMPACT/SEPT/L1/PT1M,10.48322/y2fy-vb66
https://spase-metadata.org/NASA/NumericalData/STEREO-B/IMPACT/SIT/L1/PT1M,10.48322/5xz1-cj09
https://spase-metadata.org/NASA/NumericalData/STEREO-B/IMPACT/STE/L1/PT10S,10.48322/zpas-wt14
https://spase-metadata.org/NASA/NumericalData/STEREO-B/IMPACT/SWEA/L1/PT2S,10.48322/9n2r-ch29
https://spase-metadata.org/NASA/NumericalData/STEREO-B/IMPACT/SWEA/L1/PT30S,10.48322/qxwm-ja11
https://spase-metadata.org/NASA/NumericalData/STEREO-B/IMPACT/SWEA/PAD/L2/PT30S,10.48322/spcw-2b07
https://spase-metadata.org/NASA/NumericalData/STEREO-B/IMPACT/SWEA/Spectra/L1/PT10S,10.48322/6pf0-rj33
https://spase-metadata.org/NASA/NumericalData/STEREO-B/IMPACT_PLASTIC/COHOWEB/PT1H,10.48322/ebxv-sx24
https://spase-metadata.org/NASA/NumericalData/STEREO-B/MAGPLASMA/L2/PT1M,10.48322/qhr7-rz23
https://spase-metadata.org/NASA/NumericalData/STEREO-B/PLASTIC/AlfvenWaveList,10.48322/45xk-5p11
https://spase-metadata.org/NASA/NumericalData/STEREO-B/PLASTIC/Fe-abundance/PT2H,10.48322/zvvy-0f37
https://spase-metadata.org/NASA/NumericalData/STEREO-B/PLASTIC/He/PT10M,10.48322/7k5w-jx22
https://spase-metadata.org/NASA/NumericalData/STEREO-B/PLASTIC/He/PT1H,10.48322/0g8c-fk02
https://spase-metadata.org/NASA/NumericalData/STEREO-B/PLASTIC/LB/Browse/PT1M,10.48322/8tpm-vt97
https://spase-metadata.org/NASA/NumericalData/STEREO-B/PLASTIC/LB/PT1M,10.48322/ftmd-qy82
https://spase-metadata.org/NASA/NumericalData/STEREO-B/PLASTIC/Protons/PT10M,10.48322/fz6m-r327
https://spase-metadata.org/NASA/NumericalData/STEREO-B/PLASTIC/Protons/PT1H,10.48322/68d1-dm95
https://spase-metadata.org/NASA/NumericalData/STEREO-B/PLASTIC/Protons/PT1M,10.48322/jvzd-xj39
https://spase-metadata.org/NASA/NumericalData/STEREO-B/PLASTIC/SmallTransientsList,10.48322/twn2-5953
https://spase-metadata.org/NASA/NumericalData/STEREO-B/PLASTIC/SuprathermalEventList,10.48322/bzjv-my14
https://spase-metadata.org/NASA/NumericalData/STEREO-B/SECCHI/Cor1/CarringtonMaps,10.48322/2z40-m758
https://spase-metadata.org/NASA/NumericalData/STEREO-B/SECCHI/Cor1/PT5M,10.48322/yscr-4569
https://spase-metadata.org/NASA/NumericalData/STEREO-B/SECCHI/Cor2/CarringtonMaps,10.48322/v805-kd62
https://spase-metadata.org/NASA/NumericalData/STEREO-B/SECCHI/Cor2/PercentPolarized/PT1H,10.48322/fw1y-a708
https://spase-metadata.org/NASA/NumericalData/STEREO-B/SECCHI/Cor2/PT15M,10.48322/9vgj-vd27
https://spase-metadata.org/NASA/NumericalData/STEREO-B/SECCHI/Cor2/TotalBrightness/PT1H,10.48322/pnmm-k233
https://spase-metadata.org/NASA/NumericalData/STEREO-B/SECCHI/EUVI/171/PT5M,10.48322/tnmw-d119
https://spase-metadata.org/NASA/NumericalData/STEREO-B/SECCHI/EUVI/195/PT5M,10.48322/qh19-an25
https://spase-metadata.org/NASA/NumericalData/STEREO-B/SECCHI/EUVI/284/PT5M,10.48322/7205-tw12
https://spase-metadata.org/NASA/NumericalData/STEREO-B/SECCHI/EUVI/304/PT5M,10.48322/dsa9-d761
https://spase-metadata.org/NASA/NumericalData/STEREO-B/SECCHI/EUVI/CarringtonMaps,10.48322/a7m2-xj84
https://spase-metadata.org/NASA/NumericalData/STEREO-B/SECCHI/EUVI/PT5M,10.48322/xd10-f786
https://spase-metadata.org/NASA/NumericalData/STEREO-B/SECCHI/HI/L2_RAL,10.48322/svhd-aw52
https://spase-metadata.org/NASA/NumericalData/STEREO-B/SECCHI/HI-1/PT40M,10.48322/zstc-3d34
https://spase-metadata.org/NASA/NumericalData/STEREO-B/SECCHI/HI-2/PT120M,10.48322/jf22-9311
https://spase-metadata.org/NASA/NumericalData/STEREO-B/SWAVES/average_hfr/PT60S,10.48322/4w42-zk66
https://spase-metadata.org/NASA/NumericalData/STEREO-B/SWAVES/average_lfr/PT60S,10.48322/phhx-mc08
https://spase-metadata.org/NASA/NumericalData/STEREO-B/SWAVES/new_average_hfr/PT60S,10.48322/z93x-sk16
https://spase-metadata.org/NASA/NumericalData/STEREO-B/SWAVES/new_average_lfr/PT60S,10.48322/wc6y-7m20
https://spase-metadata.org/NASA/NumericalData/STEREO-B/SWAVES/stb_l3_wav_hfr/PT15S,10.48322/5e9v-xg43
https://spase-metadata.org/NASA/NumericalData/STEREO-B/SWAVES/stb_l3_wav_lfr/PT15S,10.48322/fpgg-t127
https://spase-metadata.org/NASA/NumericalData/STEREO-B/SWAVES/TDS/PT60S,10.48322/cn1z-0y69
https://spase-metadata.org/NASA/NumericalData/STPSat1/SHIMMER/OH/P1D,10.48322/7s4h-ta58
https://spase-metadata.org/NASA/NumericalData/STPSat1/SHIMMER/PMC/PT1D,10.48322/pj0d-rz59
https://spase-metadata.org/NASA/NumericalData/THEMIS/A/EFI/PT3S,10.48322/3mhg-q627
https://spase-metadata.org/NASA/NumericalData/THEMIS/A/Ephemeris/PT01M,10.48322/mft0-m790
https://spase-metadata.org/NASA/NumericalData/THEMIS/A/Ephemeris/SSCWeb/PT1M,10.48322/2dtd-tf28
https://spase-metadata.org/NASA/NumericalData/THEMIS/A/ESA/PT3S,10.48322/t16r-s286
https://spase-metadata.org/NASA/NumericalData/THEMIS/A/FBK/PT4S,10.48322/ed7r-tt72
https://spase-metadata.org/NASA/NumericalData/THEMIS/A/FFT/PT0.0556S,10.48322/yj87-yy65
https://spase-metadata.org/NASA/NumericalData/THEMIS/A/Fits/PT3S,10.48322/6nb7-ze78
https://spase-metadata.org/NASA/NumericalData/THEMIS/A/GMOM/PT3S,10.48322/xfmr-rk71
https://spase-metadata.org/NASA/NumericalData/THEMIS/A/MOM/PT3S,10.48322/pfsr-hk98
https://spase-metadata.org/NASA/NumericalData/THEMIS/A/SCM/PT0.125S,10.48322/48b9-0860
https://spase-metadata.org/NASA/NumericalData/THEMIS/A/SST/PT3S,10.48322/99yq-8g75
https://spase-metadata.org/NASA/NumericalData/THEMIS/B/EFI/PT3S,10.48322/hadn-2t57
https://spase-metadata.org/NASA/NumericalData/THEMIS/B/Ephemeris/PT01M,10.48322/4j3q-aj70
https://spase-metadata.org/NASA/NumericalData/THEMIS/B/Ephemeris/SSCWeb/PT1M,10.48322/hycc-em64
https://spase-metadata.org/NASA/NumericalData/THEMIS/B/ESA.FGM/PT96S,10.48322/kyn5-0772
https://spase-metadata.org/NASA/NumericalData/THEMIS/B/ESA/PT3S,10.48322/7g3t-f085
https://spase-metadata.org/NASA/NumericalData/THEMIS/B/FBK/PT4S,10.48322/zbwc-cf09
https://spase-metadata.org/NASA/NumericalData/THEMIS/B/FFT/PT0.0556S,10.48322/6mg1-y797
https://spase-metadata.org/NASA/NumericalData/THEMIS/B/Fits/PT3S,10.48322/my2g-dj63
https://spase-metadata.org/NASA/NumericalData/THEMIS/B/GMOM/PT3S,10.48322/q8kq-gj70
https://spase-metadata.org/NASA/NumericalData/THEMIS/B/HelioWeb/Ephemeris/P1D,10.48322/bqr4-cj65
https://spase-metadata.org/NASA/NumericalData/THEMIS/B/HelioWeb/Ephemeris/PT1H,10.48322/pzss-x008
https://spase-metadata.org/NASA/NumericalData/THEMIS/B/MOM/PT3S,10.48322/2z69-n961
https://spase-metadata.org/NASA/NumericalData/THEMIS/B/SCM/PT0.125S,10.48322/rwch-kk19
https://spase-metadata.org/NASA/NumericalData/THEMIS/B/SST/PT3S,10.48322/gmq5-6h27
https://spase-metadata.org/NASA/NumericalData/THEMIS/C/EFI/PT3S,10.48322/gmr7-8198
https://spase-metadata.org/NASA/NumericalData/THEMIS/C/Ephemeris/PT01M,10.48322/8c98-ds28
https://spase-metadata.org/NASA/NumericalData/THEMIS/C/Ephemeris/SSCWeb/PT1M,10.48322/tyjx-5g19
https://spase-metadata.org/NASA/NumericalData/THEMIS/C/ESA.FGM/PT96S,10.48322/szem-vt65
https://spase-metadata.org/NASA/NumericalData/THEMIS/C/ESA/PT3S,10.48322/scc7-mj94
https://spase-metadata.org/NASA/NumericalData/THEMIS/C/FBK/PT4S,10.48322/ken1-sn21
https://spase-metadata.org/NASA/NumericalData/THEMIS/C/FFT/PT0.0556S,10.48322/mb5w-e618
https://spase-metadata.org/NASA/NumericalData/THEMIS/C/Fits/PT3S,10.48322/jg03-4q46
https://spase-metadata.org/NASA/NumericalData/THEMIS/C/GMOM/PT3S,10.48322/svt8-nb52
https://spase-metadata.org/NASA/NumericalData/THEMIS/C/HelioWeb/Ephemeris/P1D,10.48322/axy8-z379
https://spase-metadata.org/NASA/NumericalData/THEMIS/C/HelioWeb/Ephemeris/PT1H,10.48322/vxpk-5c48
https://spase-metadata.org/NASA/NumericalData/THEMIS/C/MOM/PT3S,10.48322/y91r-j665
https://spase-metadata.org/NASA/NumericalData/THEMIS/C/SCM/PT0.125S,10.48322/dw9h-k139
https://spase-metadata.org/NASA/NumericalData/THEMIS/C/SST/PT3S,10.48322/hj63-0x15
https://spase-metadata.org/NASA/NumericalData/THEMIS/D/EFI/PT3S,10.48322/5bb0-by57
https://spase-metadata.org/NASA/NumericalData/THEMIS/D/Ephemeris/PT01M,10.48322/xzx6-3311
https://spase-metadata.org/NASA/NumericalData/THEMIS/D/Ephemeris/SSCWeb/PT1M,10.48322/nf5n-ew50
https://spase-metadata.org/NASA/NumericalData/THEMIS/D/ESA/PT3S,10.48322/05m2-0k28
https://spase-metadata.org/NASA/NumericalData/THEMIS/D/FBK/PT4S,10.48322/dj1x-mv94
https://spase-metadata.org/NASA/NumericalData/THEMIS/D/FFT/PT0.0556S,10.48322/jj19-0q58
https://spase-metadata.org/NASA/NumericalData/THEMIS/D/Fits/PT3S,10.48322/2acz-ef84
https://spase-metadata.org/NASA/NumericalData/THEMIS/D/GMOM/PT3S,10.48322/2j4s-8p65
https://spase-metadata.org/NASA/NumericalData/THEMIS/D/MOM/PT3S,10.48322/ryqr-m277
https://spase-metadata.org/NASA/NumericalData/THEMIS/D/SCM/PT0.125S,10.48322/m5dr-nh16
https://spase-metadata.org/NASA/NumericalData/THEMIS/D/SST/PT3S,10.48322/7fcg-ej20
https://spase-metadata.org/NASA/NumericalData/THEMIS/E/EFI/PT3S,10.48322/vd0m-3766
https://spase-metadata.org/NASA/NumericalData/THEMIS/E/Ephemeris/PT01M,10.48322/gksw-6n04
https://spase-metadata.org/NASA/NumericalData/THEMIS/E/Ephemeris/SSCWeb/PT1M,10.48322/srak-qw30
https://spase-metadata.org/NASA/NumericalData/THEMIS/E/ESA/PT3S,10.48322/ma73-rz55
https://spase-metadata.org/NASA/NumericalData/THEMIS/E/FBK/PT4S,10.48322/x1a6-8d82
https://spase-metadata.org/NASA/NumericalData/THEMIS/E/FFT/PT0.0556S,10.48322/424d-q741
https://spase-metadata.org/NASA/NumericalData/THEMIS/E/Fits/PT3S,10.48322/5g5k-ry70
https://spase-metadata.org/NASA/NumericalData/THEMIS/E/GMOM/PT3S,10.48322/h36y-ta68
https://spase-metadata.org/NASA/NumericalData/THEMIS/E/MOM/PT3S,10.48322/x7y9-hx44
https://spase-metadata.org/NASA/NumericalData/THEMIS/E/SCM/PT0.125S,10.48322/bbh4-cv70
https://spase-metadata.org/NASA/NumericalData/THEMIS/E/SST/PT3S,10.48322/5xv8-hc40
https://spase-metadata.org/NASA/NumericalData/THEMIS/Ground/Akulivik/Magnetometer/PT0.5S,10.48322/3y2q-2228
https://spase-metadata.org/NASA/NumericalData/THEMIS/Ground/Amderma/Magnetometer/PT1M,10.48322/9pjw-pc58
https://spase-metadata.org/NASA/NumericalData/THEMIS/Ground/Americus/Magnetometer/PT0.5S,10.48322/qpwn-6769
https://spase-metadata.org/NASA/NumericalData/THEMIS/Ground/Andenes/Magnetometer/PT1M,10.48322/5wqx-w755
https://spase-metadata.org/NASA/NumericalData/THEMIS/Ground/Arctic.Village/Magnetometer/PT1S,10.48322/qwjs-gm05
https://spase-metadata.org/NASA/NumericalData/THEMIS/Ground/ASI/PT3S,10.48322/sksz-8704
https://spase-metadata.org/NASA/NumericalData/THEMIS/Ground/ASK/PT3S,10.48322/a2pk-b377
https://spase-metadata.org/NASA/NumericalData/THEMIS/Ground/Athabasca/ASI/full_PT3S,10.48322/8xek-2e75
https://spase-metadata.org/NASA/NumericalData/THEMIS/Ground/Athabasca/ASI/thumb_PT3S,10.48322/kf6x-8x48
https://spase-metadata.org/NASA/NumericalData/THEMIS/Ground/Athabasca/Magnetometer/PT0.5S,10.48322/z960-2d21
https://spase-metadata.org/NASA/NumericalData/THEMIS/Ground/Attu/Magnetometer/PT20S,10.48322/fnna-f309
https://spase-metadata.org/NASA/NumericalData/THEMIS/Ground/Baker.Lake/Magnetometer/PT1S,10.48322/k1db-pw22
https://spase-metadata.org/NASA/NumericalData/THEMIS/Ground/Baranov/Magnetometer/PT1M,10.48322/9s0q-4927
https://spase-metadata.org/NASA/NumericalData/THEMIS/Ground/Barentsburg/Magnetometer/PT1M,10.48322/025w-tb57
https://spase-metadata.org/NASA/NumericalData/THEMIS/Ground/Barrow/Magnetometer/PT1S,10.48322/fa7r-g588
https://spase-metadata.org/NASA/NumericalData/THEMIS/Ground/Bay.Mills/Magnetometer/PT0.5S,10.48322/0h9h-5536
https://spase-metadata.org/NASA/NumericalData/THEMIS/Ground/Bennington/Magnetometer/PT0.5S,10.48322/sph7-yk94
https://spase-metadata.org/NASA/NumericalData/THEMIS/Ground/Bettles/Magnetometer/PT1S,10.48322/4c18-7q57
https://spase-metadata.org/NASA/NumericalData/THEMIS/Ground/Bjorn/Magnetometer/PT1M,10.48322/ydyw-hg07
https://spase-metadata.org/NASA/NumericalData/THEMIS/Ground/Boulder/Magnetometer/PT1S,10.48322/ad0r-pm72
https://spase-metadata.org/NASA/NumericalData/THEMIS/Ground/Brorfelde/Magnetometer/PT1M,10.48322/acyc-yg85
https://spase-metadata.org/NASA/NumericalData/THEMIS/Ground/Cambridge.Bay/Magnetometer/PT1S,10.48322/7t4e-r942
https://spase-metadata.org/NASA/NumericalData/THEMIS/Ground/Cape.Dorset/Magnetometer/PT0.5S,10.48322/wzt9-6n82
https://spase-metadata.org/NASA/NumericalData/THEMIS/Ground/Carson.City/Magnetometer/PT0.5S,10.48322/s8rk-7s97
https://spase-metadata.org/NASA/NumericalData/THEMIS/Ground/Cayey/Magnetometer/PT1S,10.48322/p94k-8f79
https://spase-metadata.org/NASA/NumericalData/THEMIS/Ground/Chibougamau/ASI/full_PT3S,10.48322/ys2b-6x13
https://spase-metadata.org/NASA/NumericalData/THEMIS/Ground/Chibougamau/ASI/thumb_PT3S,10.48322/xfeq-fg06
https://spase-metadata.org/NASA/NumericalData/THEMIS/Ground/Chibougamau/Magnetometer/PT0.5S,10.48322/4h6z-9h23
https://spase-metadata.org/NASA/NumericalData/THEMIS/Ground/Clyde.River/Magnetometer/PT0.5S,10.48322/wrwz-fs47
https://spase-metadata.org/NASA/NumericalData/THEMIS/Ground/College.International.Geophysical.Observatory/Magnetometer/PT1S,10.48322/wz4n-kj76
https://spase-metadata.org/NASA/NumericalData/THEMIS/Ground/Colville.National.Forest/Magnetometer/PT1S,10.48322/vmkr-9r79
https://spase-metadata.org/NASA/NumericalData/THEMIS/Ground/Coral.Harbour/Magnetometer/PT0.5S,10.48322/4v7c-qc94
https://spase-metadata.org/NASA/NumericalData/THEMIS/Ground/Corbin/Magnetometer/PT1S,10.48322/1xpx-v270
https://spase-metadata.org/NASA/NumericalData/THEMIS/Ground/Daneborg/Magnetometer/PT20S,10.48322/1ahm-hm81
https://spase-metadata.org/NASA/NumericalData/THEMIS/Ground/Danmarkshavn/Magnetometer/PT20S,10.48322/8amt-aa15
https://spase-metadata.org/NASA/NumericalData/THEMIS/Ground/Dead.Horse/Magnetometer/PT1S,10.48322/7hxr-ey55
https://spase-metadata.org/NASA/NumericalData/THEMIS/Ground/Dededo/Magnetometer/PT1S,10.48322/xjz5-vd24
https://spase-metadata.org/NASA/NumericalData/THEMIS/Ground/Derby/Magnetometer/PT0.5S,10.48322/b47e-ta41
https://spase-metadata.org/NASA/NumericalData/THEMIS/Ground/Dikson/Magnetometer/PT1M,10.48322/7bjs-dn15
https://spase-metadata.org/NASA/NumericalData/THEMIS/Ground/Dombas/Magnetometer/PT1M,10.48322/x2vb-kq56
https://spase-metadata.org/NASA/NumericalData/THEMIS/Ground/Donna/Magnetometer/PT1M,10.48322/5k4p-k337
https://spase-metadata.org/NASA/NumericalData/THEMIS/Ground/Eagle/Magnetometer/PT1S,10.48322/vfeb-r152
https://spase-metadata.org/NASA/NumericalData/THEMIS/Ground/Ekati/ASI/full_PT3S,10.48322/ka0x-ec65
https://spase-metadata.org/NASA/NumericalData/THEMIS/Ground/Ekati/ASI/thumb_PT3S,10.48322/ajcy-kj49
https://spase-metadata.org/NASA/NumericalData/THEMIS/Ground/Ekati/Magnetometer/PT0.5S,10.48322/fa8n-0e03
https://spase-metadata.org/NASA/NumericalData/THEMIS/Ground/Ewa.Beach/Magnetometer/PT1S,10.48322/bd4v-8y55
https://spase-metadata.org/NASA/NumericalData/THEMIS/Ground/Fairbanks/Magnetometer/PT1S,10.48322/9zr0-g518
https://spase-metadata.org/NASA/NumericalData/THEMIS/Ground/Fort.Churchill/Magnetometer/PT1S,10.48322/48we-mh64
https://spase-metadata.org/NASA/NumericalData/THEMIS/Ground/Fort.Nelson/Magnetometer/PT1S,10.48322/1ph3-gt78
https://spase-metadata.org/NASA/NumericalData/THEMIS/Ground/Fort.Simpson/ASI/full_PT3S,10.48322/0484-c113
https://spase-metadata.org/NASA/NumericalData/THEMIS/Ground/Fort.Simpson/ASI/thumb_PT3S,10.48322/j9mz-n391
https://spase-metadata.org/NASA/NumericalData/THEMIS/Ground/Fort.Simpson/Magnetometer/PT0.5S,10.48322/x5x8-yz98
https://spase-metadata.org/NASA/NumericalData/THEMIS/Ground/Fort.Smith/ASI/full_PT3S,10.48322/cetf-sh30
https://spase-metadata.org/NASA/NumericalData/THEMIS/Ground/Fort.Smith/ASI/thumb_PT3S,10.48322/0tfn-6q79
https://spase-metadata.org/NASA/NumericalData/THEMIS/Ground/Fort.Smith/Magnetometer/PT0.5S,10.48322/hh0a-6414
https://spase-metadata.org/NASA/NumericalData/THEMIS/Ground/Fort.St.John/Magnetometer/PT1S,10.48322/sawq-yr43
https://spase-metadata.org/NASA/NumericalData/THEMIS/Ground/Fort.Yates/Magnetometer/PT0.5S,10.48322/px5c-kg42
https://spase-metadata.org/NASA/NumericalData/THEMIS/Ground/Fort.Yukon/ASI/full_PT3S,10.48322/11n7-1m27
https://spase-metadata.org/NASA/NumericalData/THEMIS/Ground/Fort.Yukon/ASI/thumb_PT3S,10.48322/g4ey-p890
https://spase-metadata.org/NASA/NumericalData/THEMIS/Ground/Fort.Yukon/Magnetometer/PT0.5S,10.48322/f2zw-5d69
https://spase-metadata.org/NASA/NumericalData/THEMIS/Ground/Fresno/Magnetometer/PT1S,10.48322/ptx0-aw90
https://spase-metadata.org/NASA/NumericalData/THEMIS/Ground/Gakona/ASI/full_PT3S,10.48322/vpb7-yq61
https://spase-metadata.org/NASA/NumericalData/THEMIS/Ground/Gakona/ASI/thumb_PT3S,10.48322/9e5x-ma21
https://spase-metadata.org/NASA/NumericalData/THEMIS/Ground/Gakona/Magnetometer/PT1S,10.48322/1ewb-6655
https://spase-metadata.org/NASA/NumericalData/THEMIS/Ground/Gillam/ASI/full_PT3S,10.48322/vwqd-3e17
https://spase-metadata.org/NASA/NumericalData/THEMIS/Ground/Gillam/ASI/thumb_PT3S,10.48322/zwds-3121
https://spase-metadata.org/NASA/NumericalData/THEMIS/Ground/Gillam/Magnetometer/PT0.5S,10.48322/9xm5-8c66
https://spase-metadata.org/NASA/NumericalData/THEMIS/Ground/Gjoa.Haven/Magnetometer/PT0.5S,10.48322/zx06-jp03
https://spase-metadata.org/NASA/NumericalData/THEMIS/Ground/Glyndon/Magnetometer/PT0.5S,10.48322/qhv4-p471
https://spase-metadata.org/NASA/NumericalData/THEMIS/Ground/Goose.Bay/ASI/full_PT3S,10.48322/m9mh-kg02
https://spase-metadata.org/NASA/NumericalData/THEMIS/Ground/Goose.Bay/ASI/thumb_PT3S,10.48322/mz3m-w975
https://spase-metadata.org/NASA/NumericalData/THEMIS/Ground/Goose.Bay/Magnetometer/PT0.5S,10.48322/q12f-vd18
https://spase-metadata.org/NASA/NumericalData/THEMIS/Ground/Hankasalmi/Magnetometer/PT10S,10.48322/k9tp-k722
https://spase-metadata.org/NASA/NumericalData/THEMIS/Ground/Harris/Magnetometer/PT0.5S,10.48322/2ha6-a158
https://spase-metadata.org/NASA/NumericalData/THEMIS/Ground/High.Latitude.Monitoring.Station/Magnetometer/PT1S,10.48322/4ye5-h612
https://spase-metadata.org/NASA/NumericalData/THEMIS/Ground/Homer/Magnetometer/PT1S,10.48322/hxbv-p964
https://spase-metadata.org/NASA/NumericalData/THEMIS/Ground/Hopen/Magnetometer/PT1M,10.48322/c4y8-yv80
https://spase-metadata.org/NASA/NumericalData/THEMIS/Ground/Hornepayne/Magnetometer/PT1S,10.48322/qcq3-yk70
https://spase-metadata.org/NASA/NumericalData/THEMIS/Ground/Hot.Springs/Magnetometer/PT0.5S,10.48322/432t-4h88
https://spase-metadata.org/NASA/NumericalData/THEMIS/Ground/Hov.Faroe.Islands/Magnetometer/PT1M,10.48322/5y78-g044
https://spase-metadata.org/NASA/NumericalData/THEMIS/Ground/Igloolik/Magnetometer/PT0.5S,10.48322/7rwj-3d14
https://spase-metadata.org/NASA/NumericalData/THEMIS/Ground/Inukjuak/Magnetometer/PT0.5S,10.48322/9rwj-pm24
https://spase-metadata.org/NASA/NumericalData/THEMIS/Ground/Inuvik/ASI/full_PT3S,10.48322/94br-x792
https://spase-metadata.org/NASA/NumericalData/THEMIS/Ground/Inuvik/ASI/thumb_PT3S,10.48322/0j26-6468
https://spase-metadata.org/NASA/NumericalData/THEMIS/Ground/Inuvik/Magnetometer/PT0.5S,10.48322/3mqm-k396
https://spase-metadata.org/NASA/NumericalData/THEMIS/Ground/Iqaluit/Magnetometer/PT1S,10.48322/3q61-db38
https://spase-metadata.org/NASA/NumericalData/THEMIS/Ground/Ittoqqortoormiit/Magnetometer/PT1M,10.48322/zqjd-ej54
https://spase-metadata.org/NASA/NumericalData/THEMIS/Ground/Ivalo/Magnetometer/PT10S,10.48322/8bm9-d262
https://spase-metadata.org/NASA/NumericalData/THEMIS/Ground/Jackvik/Magnetometer/PT1M,10.48322/28c1-fc43
https://spase-metadata.org/NASA/NumericalData/THEMIS/Ground/Jan.Mayen/Magnetometer/PT1M,10.48322/vy43-w448
https://spase-metadata.org/NASA/NumericalData/THEMIS/Ground/Kaktovik/Magnetometer/PT1S,10.48322/93qm-w650
https://spase-metadata.org/NASA/NumericalData/THEMIS/Ground/Kangerlussuaq/Magnetometer/PT1M,10.48322/frwd-xa34
https://spase-metadata.org/NASA/NumericalData/THEMIS/Ground/Kapuskasing/ASI/full_PT3S,10.48322/6xrn-xw70
https://spase-metadata.org/NASA/NumericalData/THEMIS/Ground/Kapuskasing/ASI/thumb_PT3S,10.48322/hjr7-x746
https://spase-metadata.org/NASA/NumericalData/THEMIS/Ground/Kapuskasing/Magnetometer/PT0.5S,10.48322/gwgx-qh96
https://spase-metadata.org/NASA/NumericalData/THEMIS/Ground/Karmoy/Magnetometer/PT1M,10.48322/ta3s-w676
https://spase-metadata.org/NASA/NumericalData/THEMIS/Ground/Kenai/Magnetometer/PT1S,10.48322/kq36-wm23
https://spase-metadata.org/NASA/NumericalData/THEMIS/Ground/Kevo/Magnetometer/PT10S,10.48322/1kx2-m636
https://spase-metadata.org/NASA/NumericalData/THEMIS/Ground/Kiana/ASI/full_PT3S,10.48322/1qfc-zj85
https://spase-metadata.org/NASA/NumericalData/THEMIS/Ground/Kiana/ASI/thumb_PT3S,10.48322/8873-yv37
https://spase-metadata.org/NASA/NumericalData/THEMIS/Ground/Kiana/Magnetometer/PT0.5S,10.48322/btns-pp34
https://spase-metadata.org/NASA/NumericalData/THEMIS/Ground/Kilpisjarvi/Magnetometer/PT10S,10.48322/5h8z-np37
https://spase-metadata.org/NASA/NumericalData/THEMIS/Ground/Kodiak/Magnetometer/PT0.5S,10.48322/41ah-a907
https://spase-metadata.org/NASA/NumericalData/THEMIS/Ground/Kullorsuaq/Magnetometer/PT1M,10.48322/25vt-f385
https://spase-metadata.org/NASA/NumericalData/THEMIS/Ground/Kuujjuaq/ASI/full_PT3S,10.48322/bzpw-dj97
https://spase-metadata.org/NASA/NumericalData/THEMIS/Ground/Kuujjuaq/ASI/thumb_PT3S,10.48322/qbnj-0002
https://spase-metadata.org/NASA/NumericalData/THEMIS/Ground/Kuujjuaq/Magnetometer/PT0.5S,10.48322/y6f6-tk74
https://spase-metadata.org/NASA/NumericalData/THEMIS/Ground/Kuujjuarapik/Magnetometer/PT0.5S,10.48322/xryx-zv10
https://spase-metadata.org/NASA/NumericalData/THEMIS/Ground/La.Ronge/Magnetometer/PT0.5S,10.48322/cwz0-sc68
https://spase-metadata.org/NASA/NumericalData/THEMIS/Ground/La.Ronge/Magnetometer/PT1S,10.48322/61y4-ae86
https://spase-metadata.org/NASA/NumericalData/THEMIS/Ground/Laurel/Magnetometer/PT0.5S,10.48322/6zy4-as95
https://spase-metadata.org/NASA/NumericalData/THEMIS/Ground/Leirvogur/Magnetometer/PT10S,10.48322/9gpd-8a88
https://spase-metadata.org/NASA/NumericalData/THEMIS/Ground/Lethbridge/Magnetometer/PT0.5S,10.48322/jkfh-p173
https://spase-metadata.org/NASA/NumericalData/THEMIS/Ground/Linares/Magnetometer/PT0.5S,10.48322/zfgn-je71
https://spase-metadata.org/NASA/NumericalData/THEMIS/Ground/Longyearbyen/Magnetometer/PT1M,10.48322/7gkb-9t94
https://spase-metadata.org/NASA/NumericalData/THEMIS/Ground/Lovozero/Magnetometer/PT1M,10.48322/d220-xb50
https://spase-metadata.org/NASA/NumericalData/THEMIS/Ground/Loysburg/Magnetometer/PT0.5S,10.48322/e18e-kc57
https://spase-metadata.org/NASA/NumericalData/THEMIS/Ground/Lucky.Lake/Magnetometer/PT1S,10.48322/6d38-jb12
https://spase-metadata.org/NASA/NumericalData/THEMIS/Ground/Lyford/Magnetometer/PT0.5S,10.48322/tc23-d740
https://spase-metadata.org/NASA/NumericalData/THEMIS/Ground/Maniitsoq/Magnetometer/PT1M,10.48322/y7gj-2430
https://spase-metadata.org/NASA/NumericalData/THEMIS/Ground/Masi/Magnetometer/PT10S,10.48322/4dsx-6f90
https://spase-metadata.org/NASA/NumericalData/THEMIS/Ground/McGrath/ASI/full_PT3S,10.48322/cppx-4148
https://spase-metadata.org/NASA/NumericalData/THEMIS/Ground/McGrath/ASI/thumb_PT3S,10.48322/ep3w-4p06
https://spase-metadata.org/NASA/NumericalData/THEMIS/Ground/McGrath/Magnetometer/PT0.5S,10.48322/h90e-yw44
https://spase-metadata.org/NASA/NumericalData/THEMIS/Ground/Meanook/Magnetometer/PT1S,10.48322/7cw7-xg89
https://spase-metadata.org/NASA/NumericalData/THEMIS/Ground/Mekrijarvi/Magnetometer/PT10S,10.48322/0x54-sg48
https://spase-metadata.org/NASA/NumericalData/THEMIS/Ground/Muono/Magnetometer/PT10S,10.48322/drgc-5b91
https://spase-metadata.org/NASA/NumericalData/THEMIS/Ground/Nain/Magnetometer/PT0.5S,10.48322/gkna-v460
https://spase-metadata.org/NASA/NumericalData/THEMIS/Ground/Narsarsuaq/ASI/full_PT3S,10.48322/btjs-v428
https://spase-metadata.org/NASA/NumericalData/THEMIS/Ground/Narsarsuaq/ASI/thumb_PT3S,10.48322/t5pw-7e79
https://spase-metadata.org/NASA/NumericalData/THEMIS/Ground/Narsarsuaq/Magnetometer/PT1M,10.48322/w3qe-k466
https://spase-metadata.org/NASA/NumericalData/THEMIS/Ground/Narsarsuaq/Magnetometer/PT20S,10.48322/6b02-9009
https://spase-metadata.org/NASA/NumericalData/THEMIS/Ground/NASA.Stennis.Space.Center/Magnetometer/PT1S,10.48322/2gwx-z353
https://spase-metadata.org/NASA/NumericalData/THEMIS/Ground/Nord/Magnetometer/PT20S,10.48322/6ywk-ja53
https://spase-metadata.org/NASA/NumericalData/THEMIS/Ground/Nordkapp/Magnetometer/PT1M,10.48322/pnt6-1m31
https://spase-metadata.org/NASA/NumericalData/THEMIS/Ground/Nurmijarvi/Magnetometer/PT10S,10.48322/jbx1-za55
https://spase-metadata.org/NASA/NumericalData/THEMIS/Ground/Nuuk/Magnetometer/PT1M,10.48322/jz41-9972
https://spase-metadata.org/NASA/NumericalData/THEMIS/Ground/Nyalesund/Magnetometer/PT1M,10.48322/6v7a-8645
https://spase-metadata.org/NASA/NumericalData/THEMIS/Ground/Ottawa/Magnetometer/PT1S,10.48322/d1rf-a974
https://spase-metadata.org/NASA/NumericalData/THEMIS/Ground/Oulujarvi/Magnetometer/PT10S,10.48322/2cmv-e979
https://spase-metadata.org/NASA/NumericalData/THEMIS/Ground/Paamiut/Magnetometer/PT1M,10.48322/j9m8-3k65
https://spase-metadata.org/NASA/NumericalData/THEMIS/Ground/Pangnirtung/Magnetometer/PT0.5S,10.48322/h2j7-1x13
https://spase-metadata.org/NASA/NumericalData/THEMIS/Ground/Park.Site/Magnetometer/PT1S,10.48322/ftjm-0g23
https://spase-metadata.org/NASA/NumericalData/THEMIS/Ground/Pello/Magnetometer/PT10S,10.48322/qehh-fe61
https://spase-metadata.org/NASA/NumericalData/THEMIS/Ground/PENGUIn.0/Magnetometer/PT1S,10.48322/870b-pj49
https://spase-metadata.org/NASA/NumericalData/THEMIS/Ground/PENGUIn.1/Magnetometer/PT1S,10.48322/zk2w-6f34
https://spase-metadata.org/NASA/NumericalData/THEMIS/Ground/PENGUIn.2/Magnetometer/PT1S,10.48322/q06y-h567
https://spase-metadata.org/NASA/NumericalData/THEMIS/Ground/PENGUIn.3/Magnetometer/PT1S,10.48322/684a-c538
https://spase-metadata.org/NASA/NumericalData/THEMIS/Ground/PENGUIn.4/Magnetometer/PT1S,10.48322/qwtb-3133
https://spase-metadata.org/NASA/NumericalData/THEMIS/Ground/PENGUIn.5/Magnetometer/PT1S,10.48322/xt02-9750
https://spase-metadata.org/NASA/NumericalData/THEMIS/Ground/Petersburg/Magnetometer/PT0.5S,10.48322/b066-pr48
https://spase-metadata.org/NASA/NumericalData/THEMIS/Ground/Pevek/Magnetometer/PT1M,10.48322/th5e-5477
https://spase-metadata.org/NASA/NumericalData/THEMIS/Ground/Pinawa/ASI/full_PT3S,10.48322/k1gw-hj74
https://spase-metadata.org/NASA/NumericalData/THEMIS/Ground/Pinawa/ASI/thumb_PT3S,10.48322/w5gk-5392
https://spase-metadata.org/NASA/NumericalData/THEMIS/Ground/Pinawa/Magnetometer/PT0.5S,10.48322/zhgb-tm93
https://spase-metadata.org/NASA/NumericalData/THEMIS/Ground/Pine.Ridge/Magnetometer/PT0.5S,10.48322/yxac-ha85
https://spase-metadata.org/NASA/NumericalData/THEMIS/Ground/Poker.Flat/Magnetometer/PT1S,10.48322/2mwd-0b93
https://spase-metadata.org/NASA/NumericalData/THEMIS/Ground/Priddis/Magnetometer/PT0.5S,10.48322/4w47-kg29
https://spase-metadata.org/NASA/NumericalData/THEMIS/Ground/Prince.George/ASI/full_PT3S,10.48322/efvk-vm05
https://spase-metadata.org/NASA/NumericalData/THEMIS/Ground/Prince.George/ASI/thumb_PT3S,10.48322/dk7p-sa38
https://spase-metadata.org/NASA/NumericalData/THEMIS/Ground/Prince.George/Magnetometer/PT0.5S,10.48322/mfda-0y07
https://spase-metadata.org/NASA/NumericalData/THEMIS/Ground/Pueblo/Magnetometer/PT0.5S,10.48322/03g1-jx95
https://spase-metadata.org/NASA/NumericalData/THEMIS/Ground/Purcell/Magnetometer/PT0.5S,10.48322/35k3-m683
https://spase-metadata.org/NASA/NumericalData/THEMIS/Ground/Puvirnituq/Magnetometer/PT0.5S,10.48322/hqg9-fh29
https://spase-metadata.org/NASA/NumericalData/THEMIS/Ground/Qaanaaq/Magnetometer/PT1M,10.48322/r9kd-4071
https://spase-metadata.org/NASA/NumericalData/THEMIS/Ground/Qeqertarsuaq/Magnetometer/PT1M,10.48322/jnvs-4q81
https://spase-metadata.org/NASA/NumericalData/THEMIS/Ground/Radisson/Magnetometer/PT0.5S,10.48322/mnpt-6993
https://spase-metadata.org/NASA/NumericalData/THEMIS/Ground/Rankin.Inlet/ASI/full_PT3S,10.48322/3qy9-bs91
https://spase-metadata.org/NASA/NumericalData/THEMIS/Ground/Rankin.Inlet/ASI/thumb_PT3S,10.48322/yg6g-sw88
https://spase-metadata.org/NASA/NumericalData/THEMIS/Ground/Rankin.Inlet/Magnetometer/PT0.5S,10.48322/rv8j-xt36
https://spase-metadata.org/NASA/NumericalData/THEMIS/Ground/Ranua/Magnetometer/PT10S,10.48322/0qbt-p065
https://spase-metadata.org/NASA/NumericalData/THEMIS/Ground/Red.Deer/Magnetometer/PT0.5S,10.48322/swe9-bz27
https://spase-metadata.org/NASA/NumericalData/THEMIS/Ground/Remus/Magnetometer/PT0.5S,10.48322/qp3z-ar59
https://spase-metadata.org/NASA/NumericalData/THEMIS/Ground/Repulse.Bay/Magnetometer/PT0.5S,10.48322/gc1q-9m38
https://spase-metadata.org/NASA/NumericalData/THEMIS/Ground/Richardson/Magnetometer/PT0.5S,10.48322/wkpr-mj03
https://spase-metadata.org/NASA/NumericalData/THEMIS/Ground/Roemoe/Magnetometer/PT1M,10.48322/jvfw-p866
https://spase-metadata.org/NASA/NumericalData/THEMIS/Ground/Rorvik/Magnetometer/PT1M,10.48322/w5gb-h148
https://spase-metadata.org/NASA/NumericalData/THEMIS/Ground/Saint.Felicien/Magnetometer/PT0.5S,10.48322/5qq5-sz78
https://spase-metadata.org/NASA/NumericalData/THEMIS/Ground/Salluit/Magnetometer/PT0.5S,10.48322/hj03-gx95
https://spase-metadata.org/NASA/NumericalData/THEMIS/Ground/San.Antonio/Magnetometer/PT0.5S,10.48322/dm5c-am32
https://spase-metadata.org/NASA/NumericalData/THEMIS/Ground/Sand.Point/Magnetometer/PT1S,10.48322/w2t2-v658
https://spase-metadata.org/NASA/NumericalData/THEMIS/Ground/Sanikiluaq/ASI/full_PT3S,10.48322/h7g5-9331
https://spase-metadata.org/NASA/NumericalData/THEMIS/Ground/Sanikiluaq/ASI/thumb_PT3S,10.48322/6fpv-6g31
https://spase-metadata.org/NASA/NumericalData/THEMIS/Ground/Sanikiluaq/Magnetometer/PT0.5S,10.48322/vgh0-dc91
https://spase-metadata.org/NASA/NumericalData/THEMIS/Ground/Savissivik/Magnetometer/PT20S,10.48322/bq1b-jj23
https://spase-metadata.org/NASA/NumericalData/THEMIS/Ground/Schefferville/Magnetometer/PT0.5S,10.48322/tkkb-8h83
https://spase-metadata.org/NASA/NumericalData/THEMIS/Ground/Sept.Iles/Magnetometer/PT0.5S,10.48322/zz15-k541
https://spase-metadata.org/NASA/NumericalData/THEMIS/Ground/Shawano/Magnetometer/PT0.5S,10.48322/9rbb-9287
https://spase-metadata.org/NASA/NumericalData/THEMIS/Ground/Sitka/Magnetometer/PT1S,10.48322/1mn4-kn89
https://spase-metadata.org/NASA/NumericalData/THEMIS/Ground/Snap.Lake/ASI/full_PT3S,10.48322/9h4m-d618
https://spase-metadata.org/NASA/NumericalData/THEMIS/Ground/Snap.Lake/ASI/thumb_PT3S,10.48322/ky1c-6116
https://spase-metadata.org/NASA/NumericalData/THEMIS/Ground/Snap.Lake/Magnetometer/PT0.5S,10.48322/hgae-es63
https://spase-metadata.org/NASA/NumericalData/THEMIS/Ground/Solund/Magnetometer/PT1M,10.48322/9g5v-sb20
https://spase-metadata.org/NASA/NumericalData/THEMIS/Ground/Soroya/Magnetometer/PT1M,10.48322/t7wr-t979
https://spase-metadata.org/NASA/NumericalData/THEMIS/Ground/St.Johns/Magnetometer/PT1S,10.48322/0d48-8w66
https://spase-metadata.org/NASA/NumericalData/THEMIS/Ground/Stanford/Magnetometer/PT0.5S,10.48322/9dmy-2p51
https://spase-metadata.org/NASA/NumericalData/THEMIS/Ground/Summit/Magnetometer/PT1M,10.48322/0q9m-6f92
https://spase-metadata.org/NASA/NumericalData/THEMIS/Ground/Taloyoak/ASI/full_PT3S,10.48322/nc09-wt52
https://spase-metadata.org/NASA/NumericalData/THEMIS/Ground/Taloyoak/ASI/thumb_PT3S,10.48322/1m0a-ha51
https://spase-metadata.org/NASA/NumericalData/THEMIS/Ground/Tartu/Magnetometer/PT10S,10.48322/8cmp-0162
https://spase-metadata.org/NASA/NumericalData/THEMIS/Ground/Tasiilaq/Magnetometer/PT1M,10.48322/2h21-ep86
https://spase-metadata.org/NASA/NumericalData/THEMIS/Ground/The.Pas/ASI/full_PT3S,10.48322/m8v5-b539
https://spase-metadata.org/NASA/NumericalData/THEMIS/Ground/The.Pas/ASI/thumb_PT3S,10.48322/497n-4p75
https://spase-metadata.org/NASA/NumericalData/THEMIS/Ground/The.Pas/Magnetometer/PT0.5S,10.48322/6k2w-zf06
https://spase-metadata.org/NASA/NumericalData/THEMIS/Ground/Thule.Air.Base/Magnetometer/PT1M,10.48322/1kex-bg51
https://spase-metadata.org/NASA/NumericalData/THEMIS/Ground/Tiksi/Magnetometer/PT1M,10.48322/km0g-cq16
https://spase-metadata.org/NASA/NumericalData/THEMIS/Ground/Toolik.Lake/Magnetometer/PT1S,10.48322/4mrh-va47
https://spase-metadata.org/NASA/NumericalData/THEMIS/Ground/Trapper.Creek/Magnetometer/PT1S,10.48322/x87k-fy69
https://spase-metadata.org/NASA/NumericalData/THEMIS/Ground/Tristan.da.Cunha/Magnetometer/PT1M,10.48322/m7cj-rz83
https://spase-metadata.org/NASA/NumericalData/THEMIS/Ground/Tromso/Magnetometer/PT1M,10.48322/zb23-2583
https://spase-metadata.org/NASA/NumericalData/THEMIS/Ground/Tucson/Magnetometer/PT1S,10.48322/rxcb-bs74
https://spase-metadata.org/NASA/NumericalData/THEMIS/Ground/Ukiah/Magnetometer/PT0.5S,10.48322/hbr1-zv19
https://spase-metadata.org/NASA/NumericalData/THEMIS/Ground/Upernavik/Magnetometer/PT1M,10.48322/bbat-6g35
https://spase-metadata.org/NASA/NumericalData/THEMIS/Ground/Uummannaq/Magnetometer/PT1M,10.48322/gf9b-gb66
https://spase-metadata.org/NASA/NumericalData/THEMIS/Ground/Val.dOr/Magnetometer/PT0.5S,10.48322/hx6b-2f20
https://spase-metadata.org/NASA/NumericalData/THEMIS/Ground/Victoria/Magnetometer/PT1S,10.48322/1ep7-k022
https://spase-metadata.org/NASA/NumericalData/THEMIS/Ground/Vize.Island/Magnetometer/PT1M,10.48322/vwqt-mq35
https://spase-metadata.org/NASA/NumericalData/THEMIS/Ground/Wallops.Island/Magnetometer/PT0.5S,10.48322/bfjt-9v74
https://spase-metadata.org/NASA/NumericalData/THEMIS/Ground/Whitehorse/ASI/full_PT3S,10.48322/g24n-wa74
https://spase-metadata.org/NASA/NumericalData/THEMIS/Ground/Whitehorse/ASI/thumb_PT3S,10.48322/t925-0n06
https://spase-metadata.org/NASA/NumericalData/THEMIS/Ground/Whitehorse/Magnetometer/PT0.5S,10.48322/20k0-dp16
https://spase-metadata.org/NASA/NumericalData/THEMIS/Ground/Whitehorse/Magnetometer/PT1S,10.48322/ec95-7d95
https://spase-metadata.org/NASA/NumericalData/THEMIS/Ground/Worthington/Magnetometer/PT0.5S,10.48322/jt14-s139
https://spase-metadata.org/NASA/NumericalData/THEMIS/Ground/Yellowknife/ASI/full_PT3S,10.48322/9kf9-0617
https://spase-metadata.org/NASA/NumericalData/THEMIS/Ground/Yellowknife/ASI/thumb_PT3S,10.48322/bvgj-1440
https://spase-metadata.org/NASA/NumericalData/THEMIS/Ground/Yellowknife/Magnetometer/PT0.5S,10.48322/dctt-r668
https://spase-metadata.org/NASA/NumericalData/THEMIS/Ground/Yellowknife/Magnetometer/PT1S,10.48322/8st3-qf10
https://spase-metadata.org/NASA/NumericalData/TIMED/GUVI/Aurora_Products,10.48322/0k1n-nf70
https://spase-metadata.org/NASA/NumericalData/TIMED/GUVI/Electron_Density_Product,10.48322/pzbn-gq12
https://spase-metadata.org/NASA/NumericalData/TIMED/GUVI/Imaging/L1B_Disk,10.48322/dqfm-g937
https://spase-metadata.org/NASA/NumericalData/TIMED/GUVI/Imaging/L1B_Limb,10.48322/5sj3-9w89
https://spase-metadata.org/NASA/NumericalData/TIMED/GUVI/Imaging/L1B_Spectrograph,10.48322/gpa4-cd51
https://spase-metadata.org/NASA/NumericalData/TIMED/GUVI/Imaging/L1C_Disk,10.48322/91h6-7w03
https://spase-metadata.org/NASA/NumericalData/TIMED/GUVI/L1C/Disk/1216A/Mercator/Movies/P1D,10.48322/01h4-f268
https://spase-metadata.org/NASA/NumericalData/TIMED/GUVI/L1C/Disk/1216A/NorthPolar/Movies/P1D,10.48322/6154-6423
https://spase-metadata.org/NASA/NumericalData/TIMED/GUVI/L1C/Disk/1216A/SouthPolar/Movies/P1D,10.48322/bm5z-yr54
https://spase-metadata.org/NASA/NumericalData/TIMED/GUVI/L1C/Disk/1304A/Mercator/Movies/P1D,10.48322/axbx-mz18
https://spase-metadata.org/NASA/NumericalData/TIMED/GUVI/L1C/Disk/1304A/NorthPolar/Movies/P1D,10.48322/vvkt-am30
https://spase-metadata.org/NASA/NumericalData/TIMED/GUVI/L1C/Disk/1304A/SouthPolar/Movies/P1D,10.48322/y8xm-6j61
https://spase-metadata.org/NASA/NumericalData/TIMED/GUVI/L1C/Disk/1356A/Mercator/Movies/P1D,10.48322/v5mt-mm05
https://spase-metadata.org/NASA/NumericalData/TIMED/GUVI/L1C/Disk/1356A/NorthPolar/Movies/P1D,10.48322/nkhj-b417
https://spase-metadata.org/NASA/NumericalData/TIMED/GUVI/L1C/Disk/1356A/SouthPolar/Movies/P1D,10.48322/nc6p-gx92
https://spase-metadata.org/NASA/NumericalData/TIMED/GUVI/L1C/Disk/LBH1/Mercator/Movies/P1D,10.48322/3pg9-1k40
https://spase-metadata.org/NASA/NumericalData/TIMED/GUVI/L1C/Disk/LBH1/NorthPolar/Movies/P1D,10.48322/1jgs-as21
https://spase-metadata.org/NASA/NumericalData/TIMED/GUVI/L1C/Disk/LBH1/SouthPolar/Movies/P1D,10.48322/xge7-0c55
https://spase-metadata.org/NASA/NumericalData/TIMED/GUVI/L1C/Disk/LBH2/Mercator/Movies/P1D,10.48322/13ey-2t41
https://spase-metadata.org/NASA/NumericalData/TIMED/GUVI/L1C/Disk/LBH2/NorthPolar/Movies/P1D,10.48322/tkj8-4v93
https://spase-metadata.org/NASA/NumericalData/TIMED/GUVI/L1C/Disk/LBH2/SouthPolar/Movies/P1D,10.48322/8gse-9m53
https://spase-metadata.org/NASA/NumericalData/TIMED/GUVI/L3_Thermospheric_O-N2,10.48322/nvfx-3509
https://spase-metadata.org/NASA/NumericalData/TIMED/GUVI/Neutral_Density_Product,10.48322/4j7t-0x48
https://spase-metadata.org/NASA/NumericalData/TIMED/SABER/L1B/V20/PT42S,10.48322/4sth-3w84
https://spase-metadata.org/NASA/NumericalData/TIMED/SABER/L2A/V20/PT42S,10.48322/2src-g677
https://spase-metadata.org/NASA/NumericalData/TIMED/SABER/L2A/V207/PT42S,10.48322/tpvk-q783
https://spase-metadata.org/NASA/NumericalData/TIMED/SABER/L2B/V20/PT42S,10.48322/p4pt-ny72
https://spase-metadata.org/NASA/NumericalData/TIMED/SEE/L2_EGS,10.48322/tszg-dg15
https://spase-metadata.org/NASA/NumericalData/TIMED/SEE/L2_XPS,10.48322/t15r-g320
https://spase-metadata.org/NASA/NumericalData/TIMED/SEE/L2A_EGS,10.48322/m1q1-9q56
https://spase-metadata.org/NASA/NumericalData/TIMED/SEE/L2A_XPS,10.48322/e00z-ym77
https://spase-metadata.org/NASA/NumericalData/TIMED/SEE/L2B_EGS,10.48322/5685-c721
https://spase-metadata.org/NASA/NumericalData/TIMED/SEE/L3,10.48322/62p4-es92
https://spase-metadata.org/NASA/NumericalData/TIMED/SEE/L3A,10.48322/3x4k-mx60
https://spase-metadata.org/NASA/NumericalData/TIMED/SEE/L4_XSP,10.48322/v1q7-1836
https://spase-metadata.org/NASA/NumericalData/TIMED/TIDI/L1_LOS,10.48322/5gnt-w961
https://spase-metadata.org/NASA/NumericalData/TIMED/TIDI/L2_Profiles,10.48322/ch49-j871
https://spase-metadata.org/NASA/NumericalData/TIMED/TIDI/L3_Vectors,10.48322/s9se-kb27
https://spase-metadata.org/NASA/NumericalData/TIMED/TIDI/WindVectors/PT82.28S,10.48322/9pec-k333
https://spase-metadata.org/NASA/NumericalData/TRACE/Ephemeris/PT1M,10.48322/axxn-vf13
https://spase-metadata.org/NASA/NumericalData/TRACE/Telescope/DATA,10.48322/yefz-fz04
https://spase-metadata.org/NASA/NumericalData/TRACERS/TRACERS2/Level2/AnalyzerCuspElectrons/DEF/Variable,10.48322/vfwx-4a76
https://spase-metadata.org/NASA/NumericalData/TWINS/ENA/MagnetosphericIonTemperatures/ModifiedData/PT10M,10.48322/grxp-5t19
https://spase-metadata.org/NASA/NumericalData/TWINS1/ENA/L1/PT15M,10.48322/pcsr-8685
https://spase-metadata.org/NASA/NumericalData/TWINS1/ENA/TISTORM/PT72S,10.48322/cre5-4g28
https://spase-metadata.org/NASA/NumericalData/TWINS1/Ephemeris/Attitude/Definitive/PT0.512S,10.48322/ze5g-gm91
https://spase-metadata.org/NASA/NumericalData/TWINS1/Ephemeris/PT1M45S,10.48322/be9m-4f27
https://spase-metadata.org/NASA/NumericalData/TWINS1/LAD/L1/PT1.333S,10.48322/3ywd-rq04
https://spase-metadata.org/NASA/NumericalData/TWINS2/ENA/L1/PT15M,10.48322/1tsg-7729
https://spase-metadata.org/NASA/NumericalData/TWINS2/ENA/TISTORM/PT72S,10.48322/6g4w-d971
https://spase-metadata.org/NASA/NumericalData/TWINS2/Ephemeris/Attitude/Definitive/PT0.512S,10.48322/btg2-gm95
https://spase-metadata.org/NASA/NumericalData/TWINS2/Ephemeris/PT1M45S,10.48322/psgy-3e13
https://spase-metadata.org/NASA/NumericalData/TWINS2/LAD/L1/PT1.333S,10.48322/yvt8-0a64
https://spase-metadata.org/NASA/NumericalData/UARS/Ephemeris/PT1M,10.48322/kjea-5v15
https://spase-metadata.org/NASA/NumericalData/UCLA/MHD-IPIC3D/2008-02-15/PT0S,10.21978/p8890c
https://spase-metadata.org/NASA/NumericalData/Ulysses/COSPIN/HET/Housekeeping/PT256S,10.48322/c62d-wz36
https://spase-metadata.org/NASA/NumericalData/Ulysses/COSPIN/HET/PHA/Ion/Fluxes/P1D,10.48322/6rab-aq50
https://spase-metadata.org/NASA/NumericalData/Ulysses/COSPIN/HET/PHA/PT5S,10.48322/bp9x-bv45
https://spase-metadata.org/NASA/NumericalData/Ulysses/COSPIN/HET/Rates/Omni1/PT12S,10.48322/ycvd-ag55
https://spase-metadata.org/NASA/NumericalData/Ulysses/COSPIN/HET/Rates/Omni2/PT128S,10.48322/78qg-8e67
https://spase-metadata.org/NASA/NumericalData/Ulysses/COSPIN/HET/Rates/Sect1/PT64S,10.48322/6c81-ad62
https://spase-metadata.org/NASA/NumericalData/Ulysses/COSPIN/HET/Rates/Sect2/PT128S,10.48322/ha0m-9v06
https://spase-metadata.org/NASA/NumericalData/Ulysses/COSPIN/HET/Rates/Sectored/PT10M,10.48322/wtn4-ka79
https://spase-metadata.org/NASA/NumericalData/Ulysses/COSPIN/HET/Rates/SpinAveraged/PT10M,10.48322/s9mg-he04
https://spase-metadata.org/NASA/NumericalData/Ulysses/COSPIN/KET/PHA/Fluxes/P1D,10.48322/6440-ss34
https://spase-metadata.org/NASA/NumericalData/Ulysses/COSPIN/KET/Rates/PT10M,10.48322/2exb-w252
https://spase-metadata.org/NASA/NumericalData/Ulysses/COSPIN/LET/Fluxes/PT10M,10.48322/vnzr-5v17
https://spase-metadata.org/NASA/NumericalData/Ulysses/COSPIN/LET/PHA/HeavyIon/Fluxes/P20D,10.48322/aqeb-8b51
https://spase-metadata.org/NASA/NumericalData/Ulysses/COSPIN/LET/PHA/Ion/Fluxes/P1D,10.48322/6tyg-xb48
https://spase-metadata.org/NASA/NumericalData/Ulysses/DUST/PT1M,10.48322/27sk-1v19
https://spase-metadata.org/NASA/NumericalData/Ulysses/EPAC/GSFC/SPDF/PT1H,10.48322/gfwr-5j21
https://spase-metadata.org/NASA/NumericalData/Ulysses/EPAC/GSFC/SPDF/PT3600.00S,10.48322/g3r8-tw82
https://spase-metadata.org/NASA/NumericalData/Ulysses/EPAC/UFA/PHA/PT1H,10.48322/yar4-c661
https://spase-metadata.org/NASA/NumericalData/Ulysses/EPAC/UFA/PT1H,10.48322/ktas-g518
https://spase-metadata.org/NASA/NumericalData/Ulysses/Ephemeris/Geocentric/P1D,10.48322/rscj-5m88
https://spase-metadata.org/NASA/NumericalData/Ulysses/Ephemeris/Heliocentric/P1D,10.48322/t7ee-hg40
https://spase-metadata.org/NASA/NumericalData/Ulysses/Ephemeris/Jupiter/P1D,10.48322/kbax-m823
https://spase-metadata.org/NASA/NumericalData/Ulysses/Ephemeris/P1D,10.48322/8h6z-ar27
https://spase-metadata.org/NASA/NumericalData/Ulysses/Ephemeris/PT1H,10.48322/xxft-q445
https://spase-metadata.org/NASA/NumericalData/Ulysses/FGM/GSFC/SPDF/PT1M,10.48322/4y36-ya33
https://spase-metadata.org/NASA/NumericalData/Ulysses/FGM/GSFC/SPDF/PT3600S,10.48322/kdyd-tx13
https://spase-metadata.org/NASA/NumericalData/Ulysses/FGM/PT01S,10.48322/mzqv-2n56
https://spase-metadata.org/NASA/NumericalData/Ulysses/FGM/UFA/PT1M,10.48322/m29k-nx46
https://spase-metadata.org/NASA/NumericalData/Ulysses/GAS/Full-Sky/PT24H,10.48322/90zn-mv12
https://spase-metadata.org/NASA/NumericalData/Ulysses/GAS/Interstellar-Helium/PT24H,10.48322/m0b0-fg03
https://spase-metadata.org/NASA/NumericalData/Ulysses/HISCALE/CA60/W_Channels/SpacecraftFrame/Sectored/Ion/CountRates/P1D,10.48322/0aa6-r577
https://spase-metadata.org/NASA/NumericalData/Ulysses/HISCALE/CA60/W_Channels/SpacecraftFrame/Sectored/Ion/CountRates/PT11.5S,10.48322/6kyt-4a84
https://spase-metadata.org/NASA/NumericalData/Ulysses/HISCALE/CA60/W_Channels/SpacecraftFrame/Sectored/Ion/CountRates/PT1H,10.48322/hnbf-kf94
https://spase-metadata.org/NASA/NumericalData/Ulysses/HISCALE/CA60/W_Channels/SpacecraftFrame/Sectored/Ion/CountRates/PT5M,10.48322/cjtm-jx75
https://spase-metadata.org/NASA/NumericalData/Ulysses/HISCALE/CA60/Z_Channels/SpacecraftFrame/Sectored/Ion/CountRates/P1D,10.48322/nt9b-d510
https://spase-metadata.org/NASA/NumericalData/Ulysses/HISCALE/CA60/Z_Channels/SpacecraftFrame/Sectored/Ion/CountRates/PT11.5S,10.48322/32zn-dw27
https://spase-metadata.org/NASA/NumericalData/Ulysses/HISCALE/CA60/Z_Channels/SpacecraftFrame/Sectored/Ion/CountRates/PT1H,10.48322/rnfd-4v43
https://spase-metadata.org/NASA/NumericalData/Ulysses/HISCALE/CA60/Z_Channels/SpacecraftFrame/Sectored/Ion/CountRates/PT5M,10.48322/ajq9-ww47
https://spase-metadata.org/NASA/NumericalData/Ulysses/HISCALE/FTECS/PT12S,10.48322/ay9d-6623
https://spase-metadata.org/NASA/NumericalData/Ulysses/HISCALE/GSFC/SPFD/ELECTRON120_COUNTS/PT2M,10.48322/xpsw-g004
https://spase-metadata.org/NASA/NumericalData/Ulysses/HISCALE/GSFC/SPFD/ELECTRON150_COUNTS/PT2M,10.48322/66bw-pp17
https://spase-metadata.org/NASA/NumericalData/Ulysses/HISCALE/GSFC/SPFD/ELECTRON30_COUNTS/PT2M,10.48322/yq68-e458
https://spase-metadata.org/NASA/NumericalData/Ulysses/HISCALE/GSFC/SPFD/ELECTRON30D_COUNTS/PT2M,10.48322/txc7-w438
https://spase-metadata.org/NASA/NumericalData/Ulysses/HISCALE/GSFC/SPFD/ELECTRON60_COUNTS/PT2M,10.48322/6ed8-h760
https://spase-metadata.org/NASA/NumericalData/Ulysses/HISCALE/GSFC/SPFD/ION60_COUNTS/PT2M,10.48322/3hn7-hc82
https://spase-metadata.org/NASA/NumericalData/Ulysses/HISCALE/GSFC/SPFD/PROTON60_COUNTS/PT2M,10.48322/g487-b498
https://spase-metadata.org/NASA/NumericalData/Ulysses/HISCALE/LEFS/MFSA/SpacecraftFrame/SpinAveraged/Electron/Fluxes/P1D,10.48322/56r8-5m62
https://spase-metadata.org/NASA/NumericalData/Ulysses/HISCALE/LEFS/MFSA/SpacecraftFrame/SpinAveraged/Electron/Fluxes/PT17M,10.48322/ds06-g710
https://spase-metadata.org/NASA/NumericalData/Ulysses/HISCALE/LEFS/MFSA/SpacecraftFrame/SpinAveraged/Electron/Fluxes/PT1H,10.48322/9d2n-8221
https://spase-metadata.org/NASA/NumericalData/Ulysses/HISCALE/LEFS/SolarWindFrame/SpinAveraged/Electron/Fluxes/P1D,10.48322/mrjj-hy97
https://spase-metadata.org/NASA/NumericalData/Ulysses/HISCALE/LEFS/SolarWindFrame/SpinAveraged/Electron/Fluxes/PT17M,10.48322/8zga-rk60
https://spase-metadata.org/NASA/NumericalData/Ulysses/HISCALE/LEFS/SolarWindFrame/SpinAveraged/Electron/Fluxes/PT1H,10.48322/m130-4z79
https://spase-metadata.org/NASA/NumericalData/Ulysses/HISCALE/LEFS_LEMS/MFSA/SpacecraftFrame/SpinAveraged/HeavyIon/Fluxes/P1D,10.48322/hzqh-9g31
https://spase-metadata.org/NASA/NumericalData/Ulysses/HISCALE/LEFS_LEMS/MFSA/SpacecraftFrame/SpinAveraged/HeavyIon/Fluxes/PT17M,10.48322/6g6p-en49
https://spase-metadata.org/NASA/NumericalData/Ulysses/HISCALE/LEFS_LEMS/MFSA/SpacecraftFrame/SpinAveraged/HeavyIon/Fluxes/PT1H,10.48322/z6bx-wj23
https://spase-metadata.org/NASA/NumericalData/Ulysses/HISCALE/LEFS_LEMS/MFSA/SpacecraftFrame/SpinAveraged/Proton/Fluxes/P1D,10.48322/90ph-cz57
https://spase-metadata.org/NASA/NumericalData/Ulysses/HISCALE/LEFS_LEMS/MFSA/SpacecraftFrame/SpinAveraged/Proton/Fluxes/PT17M,10.48322/ty14-2p26
https://spase-metadata.org/NASA/NumericalData/Ulysses/HISCALE/LEFS_LEMS/MFSA/SpacecraftFrame/SpinAveraged/Proton/Fluxes/PT1H,10.48322/98f8-sf84
https://spase-metadata.org/NASA/NumericalData/Ulysses/HISCALE/LEFS_LEMS/SolarWindFrame/SpinAveraged/HeavyIon/Fluxes/P1D,10.48322/vd74-nb35
https://spase-metadata.org/NASA/NumericalData/Ulysses/HISCALE/LEFS_LEMS/SolarWindFrame/SpinAveraged/HeavyIon/Fluxes/PT17M,10.48322/hee0-9p65
https://spase-metadata.org/NASA/NumericalData/Ulysses/HISCALE/LEFS_LEMS/SolarWindFrame/SpinAveraged/HeavyIon/Fluxes/PT1H,10.48322/xgjb-fc26
https://spase-metadata.org/NASA/NumericalData/Ulysses/HISCALE/LEFS_LEMS/SolarWindFrame/SpinAveraged/Proton/Fluxes/P1D,10.48322/wr2g-b659
https://spase-metadata.org/NASA/NumericalData/Ulysses/HISCALE/LEFS_LEMS/SolarWindFrame/SpinAveraged/Proton/Fluxes/PT17M,10.48322/d7dm-7s63
https://spase-metadata.org/NASA/NumericalData/Ulysses/HISCALE/LEFS_LEMS/SolarWindFrame/SpinAveraged/Proton/Fluxes/PT1H,10.48322/f1t7-q172
https://spase-metadata.org/NASA/NumericalData/Ulysses/HISCALE/LEFS120/SpacecraftFrame/Sectored/Ion/CountRates/P1D,10.48322/aa52-dy41
https://spase-metadata.org/NASA/NumericalData/Ulysses/HISCALE/LEFS120/SpacecraftFrame/Sectored/Ion/CountRates/PT11.5S,10.48322/286z-xe08
https://spase-metadata.org/NASA/NumericalData/Ulysses/HISCALE/LEFS120/SpacecraftFrame/Sectored/Ion/CountRates/PT5M,10.48322/wac0-1347
https://spase-metadata.org/NASA/NumericalData/Ulysses/HISCALE/LEFS150/MFSA/SolarWindFrame/Sectored/Electron/Fluxes/P1D,10.48322/085p-k947
https://spase-metadata.org/NASA/NumericalData/Ulysses/HISCALE/LEFS150/MFSA/SolarWindFrame/Sectored/Electron/Fluxes/PT17M,10.48322/agaf-4215
https://spase-metadata.org/NASA/NumericalData/Ulysses/HISCALE/LEFS150/MFSA/SolarWindFrame/Sectored/Electron/Fluxes/PT1H,10.48322/d40p-8t59
https://spase-metadata.org/NASA/NumericalData/Ulysses/HISCALE/LEFS150/MFSA/SolarWindFrame/Sectored/HeavyIon/Fluxes/P1D,10.48322/34q5-ze77
https://spase-metadata.org/NASA/NumericalData/Ulysses/HISCALE/LEFS150/MFSA/SolarWindFrame/Sectored/HeavyIon/Fluxes/PT17M,10.48322/bj0n-tn87
https://spase-metadata.org/NASA/NumericalData/Ulysses/HISCALE/LEFS150/MFSA/SolarWindFrame/Sectored/HeavyIon/Fluxes/PT1H,10.48322/xa82-qm66
https://spase-metadata.org/NASA/NumericalData/Ulysses/HISCALE/LEFS150/MFSA/SolarWindFrame/Sectored/Proton/Fluxes/P1D,10.48322/227y-6m97
https://spase-metadata.org/NASA/NumericalData/Ulysses/HISCALE/LEFS150/MFSA/SolarWindFrame/Sectored/Proton/Fluxes/PT17M,10.48322/sx7r-r993
https://spase-metadata.org/NASA/NumericalData/Ulysses/HISCALE/LEFS150/MFSA/SolarWindFrame/Sectored/Proton/Fluxes/PT1H,10.48322/dwb1-ta03
https://spase-metadata.org/NASA/NumericalData/Ulysses/HISCALE/LEFS150/MFSA/SpacecraftFrame/Sectored/Electron/Fluxes/P1D,10.48322/0caj-h627
https://spase-metadata.org/NASA/NumericalData/Ulysses/HISCALE/LEFS150/MFSA/SpacecraftFrame/Sectored/Electron/Fluxes/PT17M,10.48322/5nvz-7p07
https://spase-metadata.org/NASA/NumericalData/Ulysses/HISCALE/LEFS150/MFSA/SpacecraftFrame/Sectored/Electron/Fluxes/PT1H,10.48322/gw41-nd17
https://spase-metadata.org/NASA/NumericalData/Ulysses/HISCALE/LEFS150/MFSA/SpacecraftFrame/Sectored/HeavyIon/Fluxes/P1D,10.48322/tmsj-5r07
https://spase-metadata.org/NASA/NumericalData/Ulysses/HISCALE/LEFS150/MFSA/SpacecraftFrame/Sectored/HeavyIon/Fluxes/PT17M,10.48322/dfb5-8a56
https://spase-metadata.org/NASA/NumericalData/Ulysses/HISCALE/LEFS150/MFSA/SpacecraftFrame/Sectored/HeavyIon/Fluxes/PT1H,10.48322/3ca6-rg26
https://spase-metadata.org/NASA/NumericalData/Ulysses/HISCALE/LEFS150/MFSA/SpacecraftFrame/Sectored/Proton/Fluxes/P1D,10.48322/2yea-nc49
https://spase-metadata.org/NASA/NumericalData/Ulysses/HISCALE/LEFS150/MFSA/SpacecraftFrame/Sectored/Proton/Fluxes/PT17M,10.48322/bwze-vq91
https://spase-metadata.org/NASA/NumericalData/Ulysses/HISCALE/LEFS150/MFSA/SpacecraftFrame/Sectored/Proton/Fluxes/PT1H,10.48322/fwvg-b792
https://spase-metadata.org/NASA/NumericalData/Ulysses/HISCALE/LEFS150/SpacecraftFrame/Sectored/Ion_Electron/CountRates/P1D,10.48322/564j-fs73
https://spase-metadata.org/NASA/NumericalData/Ulysses/HISCALE/LEFS150/SpacecraftFrame/Sectored/Ion_Electron/CountRates/PT11.5S,10.48322/eb04-r912
https://spase-metadata.org/NASA/NumericalData/Ulysses/HISCALE/LEFS150/SpacecraftFrame/Sectored/Ion_Electron/CountRates/PT1H,10.48322/zker-7e73
https://spase-metadata.org/NASA/NumericalData/Ulysses/HISCALE/LEFS150/SpacecraftFrame/Sectored/Ion_Electron/CountRates/PT5M,10.48322/tv3w-js90
https://spase-metadata.org/NASA/NumericalData/Ulysses/HISCALE/LEFS30-DE/SpacecraftFrame/Sectored/Electron/CountRates/P1D,10.48322/wkx8-yk70
https://spase-metadata.org/NASA/NumericalData/Ulysses/HISCALE/LEFS60/MFSA/SolarWindFrame/Sectored/Electron/Fluxes/P1D,10.48322/xj7v-vb20
https://spase-metadata.org/NASA/NumericalData/Ulysses/HISCALE/LEFS60/MFSA/SolarWindFrame/Sectored/Electron/Fluxes/PT17M,10.48322/jexv-6935
https://spase-metadata.org/NASA/NumericalData/Ulysses/HISCALE/LEFS60/MFSA/SolarWindFrame/Sectored/Electron/Fluxes/PT1H,10.48322/1sfb-zm11
https://spase-metadata.org/NASA/NumericalData/Ulysses/HISCALE/LEFS60/MFSA/SolarWindFrame/Sectored/HeavyIon/Fluxes/P1D,10.48322/sjvj-b417
https://spase-metadata.org/NASA/NumericalData/Ulysses/HISCALE/LEFS60/MFSA/SolarWindFrame/Sectored/HeavyIon/Fluxes/PT17M,10.48322/c9dh-bc65
https://spase-metadata.org/NASA/NumericalData/Ulysses/HISCALE/LEFS60/MFSA/SolarWindFrame/Sectored/HeavyIon/Fluxes/PT1H,10.48322/yyh0-we60
https://spase-metadata.org/NASA/NumericalData/Ulysses/HISCALE/LEFS60/MFSA/SolarWindFrame/Sectored/Proton/Fluxes/P1D,10.48322/np6r-hc28
https://spase-metadata.org/NASA/NumericalData/Ulysses/HISCALE/LEFS60/MFSA/SolarWindFrame/Sectored/Proton/Fluxes/PT17M,10.48322/dgjt-y170
https://spase-metadata.org/NASA/NumericalData/Ulysses/HISCALE/LEFS60/MFSA/SolarWindFrame/Sectored/Proton/Fluxes/PT1H,10.48322/3zke-f659
https://spase-metadata.org/NASA/NumericalData/Ulysses/HISCALE/LEFS60/MFSA/SpacecraftFrame/Sectored/Electron/Fluxes/P1D,10.48322/rdhk-n391
https://spase-metadata.org/NASA/NumericalData/Ulysses/HISCALE/LEFS60/MFSA/SpacecraftFrame/Sectored/Electron/Fluxes/PT17M,10.48322/x75a-9p97
https://spase-metadata.org/NASA/NumericalData/Ulysses/HISCALE/LEFS60/MFSA/SpacecraftFrame/Sectored/Electron/Fluxes/PT1H,10.48322/dhph-e064
https://spase-metadata.org/NASA/NumericalData/Ulysses/HISCALE/LEFS60/MFSA/SpacecraftFrame/Sectored/HeavyIon/Fluxes/P1D,10.48322/fzhg-pp46
https://spase-metadata.org/NASA/NumericalData/Ulysses/HISCALE/LEFS60/MFSA/SpacecraftFrame/Sectored/HeavyIon/Fluxes/PT17M,10.48322/fydf-zr13
https://spase-metadata.org/NASA/NumericalData/Ulysses/HISCALE/LEFS60/MFSA/SpacecraftFrame/Sectored/HeavyIon/Fluxes/PT1H,10.48322/3ws8-5544
https://spase-metadata.org/NASA/NumericalData/Ulysses/HISCALE/LEFS60/MFSA/SpacecraftFrame/Sectored/Proton/Fluxes/P1D,10.48322/s5b2-rj10
https://spase-metadata.org/NASA/NumericalData/Ulysses/HISCALE/LEFS60/MFSA/SpacecraftFrame/Sectored/Proton/Fluxes/PT17M,10.48322/2bcn-mt10
https://spase-metadata.org/NASA/NumericalData/Ulysses/HISCALE/LEFS60/MFSA/SpacecraftFrame/Sectored/Proton/Fluxes/PT1H,10.48322/bpex-0482
https://spase-metadata.org/NASA/NumericalData/Ulysses/HISCALE/LEFS60/SpacecraftFrame/Sectored/Ion_Electron/CountRates/P1D,10.48322/cxbh-ra04
https://spase-metadata.org/NASA/NumericalData/Ulysses/HISCALE/LEFS60/SpacecraftFrame/Sectored/Ion_Electron/CountRates/PT11.5S,10.48322/4581-vv54
https://spase-metadata.org/NASA/NumericalData/Ulysses/HISCALE/LEFS60/SpacecraftFrame/Sectored/Ion_Electron/CountRates/PT1H,10.48322/76wz-ks55
https://spase-metadata.org/NASA/NumericalData/Ulysses/HISCALE/LEFS60/SpacecraftFrame/Sectored/Ion_Electron/CountRates/PT5M,10.48322/bgtm-bh37
https://spase-metadata.org/NASA/NumericalData/Ulysses/HISCALE/LEMS120/MFSA/SolarWindFrame/Sectored/HeavyIon/Fluxes/P1D,10.48322/7w0a-8934
https://spase-metadata.org/NASA/NumericalData/Ulysses/HISCALE/LEMS120/MFSA/SolarWindFrame/Sectored/HeavyIon/Fluxes/PT17M,10.48322/9kbc-r618
https://spase-metadata.org/NASA/NumericalData/Ulysses/HISCALE/LEMS120/MFSA/SolarWindFrame/Sectored/HeavyIon/Fluxes/PT1H,10.48322/sy0k-e718
https://spase-metadata.org/NASA/NumericalData/Ulysses/HISCALE/LEMS120/MFSA/SolarWindFrame/Sectored/Proton/Fluxes/P1D,10.48322/hst0-ts38
https://spase-metadata.org/NASA/NumericalData/Ulysses/HISCALE/LEMS120/MFSA/SolarWindFrame/Sectored/Proton/Fluxes/PT17M,10.48322/jxjb-et71
https://spase-metadata.org/NASA/NumericalData/Ulysses/HISCALE/LEMS120/MFSA/SolarWindFrame/Sectored/Proton/Fluxes/PT1H,10.48322/gejm-nm60
https://spase-metadata.org/NASA/NumericalData/Ulysses/HISCALE/LEMS120/MFSA/SpacecraftFrame/Sectored/HeavyIon/Fluxes/P1D,10.48322/24sy-sb12
https://spase-metadata.org/NASA/NumericalData/Ulysses/HISCALE/LEMS120/MFSA/SpacecraftFrame/Sectored/HeavyIon/Fluxes/PT17M,10.48322/7gpp-rf74
https://spase-metadata.org/NASA/NumericalData/Ulysses/HISCALE/LEMS120/MFSA/SpacecraftFrame/Sectored/HeavyIon/Fluxes/PT1H,10.48322/xcnn-ps63
https://spase-metadata.org/NASA/NumericalData/Ulysses/HISCALE/LEMS120/MFSA/SpacecraftFrame/Sectored/Proton/Fluxes/P1D,10.48322/qwq2-ya68
https://spase-metadata.org/NASA/NumericalData/Ulysses/HISCALE/LEMS120/MFSA/SpacecraftFrame/Sectored/Proton/Fluxes/PT17M,10.48322/efm1-5s81
https://spase-metadata.org/NASA/NumericalData/Ulysses/HISCALE/LEMS120/MFSA/SpacecraftFrame/Sectored/Proton/Fluxes/PT1H,10.48322/y7dn-3h23
https://spase-metadata.org/NASA/NumericalData/Ulysses/HISCALE/LEMS120/SpacecraftFrame/Sectored/Ion/CountRates/PT1H,10.48322/43j3-9v94
https://spase-metadata.org/NASA/NumericalData/Ulysses/HISCALE/LEMS30/MFSA/SolarWindFrame/Sectored/HeavyIon/Fluxes/P1D,10.48322/kad5-sp77
https://spase-metadata.org/NASA/NumericalData/Ulysses/HISCALE/LEMS30/MFSA/SolarWindFrame/Sectored/HeavyIon/Fluxes/PT17M,10.48322/9kwc-1e16
https://spase-metadata.org/NASA/NumericalData/Ulysses/HISCALE/LEMS30/MFSA/SolarWindFrame/Sectored/HeavyIon/Fluxes/PT1H,10.48322/xjcy-t127
https://spase-metadata.org/NASA/NumericalData/Ulysses/HISCALE/LEMS30/MFSA/SpacecraftFrame/Sectored/HeavyIon/Fluxes/PT1H,10.48322/xpe7-f483
https://spase-metadata.org/NASA/NumericalData/Ulysses/HISCALE/LEMS30/MFSA/SpacecraftFrame/Sectored/Proton/Fluxes/P1D,10.48322/w19y-ry76
https://spase-metadata.org/NASA/NumericalData/Ulysses/HISCALE/LEMS30/MFSA/SpacecraftFrame/Sectored/Proton/Fluxes/PT17M,10.48322/5fx4-2v18
https://spase-metadata.org/NASA/NumericalData/Ulysses/HISCALE/LEMS30/MFSA/SpacecraftFrame/Sectored/Proton/Fluxes/PT1H,10.48322/3qgc-yz14
https://spase-metadata.org/NASA/NumericalData/Ulysses/HISCALE/LEMS30/SpacecraftFrame/Sectored/Ion/CountRates/P1D,10.48322/fkzh-p243
https://spase-metadata.org/NASA/NumericalData/Ulysses/HISCALE/LEMS30/SpacecraftFrame/Sectored/Ion/CountRates/PT11.5S,10.48322/hjv8-xt86
https://spase-metadata.org/NASA/NumericalData/Ulysses/HISCALE/LEMS30/SpacecraftFrame/Sectored/Ion/CountRates/PT1H,10.48322/n521-qz10
https://spase-metadata.org/NASA/NumericalData/Ulysses/HISCALE/LEMS30/SpacecraftFrame/Sectored/Ion/CountRates/PT5M,10.48322/dxjb-m513
https://spase-metadata.org/NASA/NumericalData/Ulysses/HISCALE/LEMS30-DE/SpacecraftFrame/Sectored/Electron/CountRates/PT11.5S,10.48322/t17f-sv68
https://spase-metadata.org/NASA/NumericalData/Ulysses/HISCALE/LEMS30-DE/SpacecraftFrame/Sectored/Electron/CountRates/PT1H,10.48322/m5np-qs71
https://spase-metadata.org/NASA/NumericalData/Ulysses/HISCALE/LEMS30-DE/SpacecraftFrame/Sectored/Electron/CountRates/PT5M,10.48322/xa73-hb65
https://spase-metadata.org/NASA/NumericalData/Ulysses/HISCALE/SpacecraftFrame/SpinAveraged/Ion_Electron/CountRates/P1D,10.48322/mg8x-v153
https://spase-metadata.org/NASA/NumericalData/Ulysses/HISCALE/SpacecraftFrame/SpinAveraged/Ion_Electron/CountRates/PT11.5S,10.48322/02p0-7c57
https://spase-metadata.org/NASA/NumericalData/Ulysses/HISCALE/SpacecraftFrame/SpinAveraged/Ion_Electron/CountRates/PT1H,10.48322/my31-xz02
https://spase-metadata.org/NASA/NumericalData/Ulysses/HISCALE/SpacecraftFrame/SpinAveraged/Ion_Electron/CountRates/PT5M,10.48322/qyb5-y383
https://spase-metadata.org/NASA/NumericalData/Ulysses/HISCALE/UFA/PT2M,10.48322/p9ha-ch06
https://spase-metadata.org/NASA/NumericalData/Ulysses/MAGandPLS/PT1H,10.48322/ak7p-0510
https://spase-metadata.org/NASA/NumericalData/Ulysses/SCE/GRB/PT1S,10.48322/14fy-2640
https://spase-metadata.org/NASA/NumericalData/Ulysses/SCE/RADIO_DOPPLER_C1/PT1S,10.48322/0p84-5946
https://spase-metadata.org/NASA/NumericalData/Ulysses/SCE/RADIO_DOPPLER_C4/PT1S,10.48322/c8rv-fn04
https://spase-metadata.org/NASA/NumericalData/Ulysses/SCE/RADIO_RANGING_C1/PT10M,10.48322/kmxs-6z94
https://spase-metadata.org/NASA/NumericalData/Ulysses/SCE/RADIO_RANGING_C4/PT10M,10.48322/whq0-wq94
https://spase-metadata.org/NASA/NumericalData/Ulysses/SWICS/GSFC/SPDF/ChargeStates/PT3H30M,10.48322/qx8j-rj13
https://spase-metadata.org/NASA/NumericalData/Ulysses/SWICS/GSFC/SPDF/GRB/PT5M,10.48322/rz8e-rm43
https://spase-metadata.org/NASA/NumericalData/Ulysses/SWICS/GSFC/SPDF/PT13M,10.48322/39wd-b341
https://spase-metadata.org/NASA/NumericalData/Ulysses/SWICS/GSFC/SPDF/PT3H,10.48322/6gsv-6k69
https://spase-metadata.org/NASA/NumericalData/Ulysses/SWICS/IonsRatios/PT3H,10.48322/c8ps-gj36
https://spase-metadata.org/NASA/NumericalData/Ulysses/SWICS/Moments/PT3.5H,10.48322/8c4a-c187
https://spase-metadata.org/NASA/NumericalData/Ulysses/SWICS/UFA/PT3H,10.48322/m16y-jt66
https://spase-metadata.org/NASA/NumericalData/Ulysses/SWOOPS/AlphaParticle/FitParameters/PT4M,10.48322/sgf3-hb74
https://spase-metadata.org/NASA/NumericalData/Ulysses/SWOOPS/AlphaParticle/Moments/PT4M,10.48322/1xad-2j98
https://spase-metadata.org/NASA/NumericalData/Ulysses/SWOOPS/AlphaParticle/ParticleDistributions/PT4M,10.48322/zb4k-7w57
https://spase-metadata.org/NASA/NumericalData/Ulysses/SWOOPS/ElectronParams/PT335.00S,10.48322/726t-s412
https://spase-metadata.org/NASA/NumericalData/Ulysses/SWOOPS/IonParams/ASCII/PT1H,10.48322/w9js-6p70
https://spase-metadata.org/NASA/NumericalData/Ulysses/SWOOPS/IonParams/CDF/PT1H,10.48322/0ct5-8096
https://spase-metadata.org/NASA/NumericalData/Ulysses/SWOOPS/IonParams/CDF/PT335S,10.48322/3mjx-gh69
https://spase-metadata.org/NASA/NumericalData/Ulysses/SWOOPS/Proton/FitParameters/PT4M,10.48322/e85v-8y23
https://spase-metadata.org/NASA/NumericalData/Ulysses/SWOOPS/Proton/Moments/PT4M,10.48322/tmpv-yg85
https://spase-metadata.org/NASA/NumericalData/Ulysses/SWOOPS/Proton/ParticleDistributions/PT4M,10.48322/qsjs-3s31
https://spase-metadata.org/NASA/NumericalData/Ulysses/URAP/GSFC/PT144S,10.48322/r3ez-se76
https://spase-metadata.org/NASA/NumericalData/Ulysses/URAP/GSFC/SPDF/PFRA/PT10M,10.48322/kxyh-8989
https://spase-metadata.org/NASA/NumericalData/Ulysses/URAP/GSFC/SPDF/PFRP/PT10M,10.48322/enaf-kt86
https://spase-metadata.org/NASA/NumericalData/Ulysses/URAP/GSFC/SPDF/RAR/ASCII/PT144S,10.48322/49sc-0d06
https://spase-metadata.org/NASA/NumericalData/Ulysses/URAP/GSFC/SPDF/RAR/CDF/PT144S,10.48322/z5p5-7d55
https://spase-metadata.org/NASA/NumericalData/Ulysses/URAP/GSFC/SPDF/RARA/PT10M,10.48322/5jgz-dm61
https://spase-metadata.org/NASA/NumericalData/Ulysses/URAP/GSFC/SPDF/RARP/PT10M,10.48322/30rt-0b77
https://spase-metadata.org/NASA/NumericalData/Ulysses/URAP/GSFC/SPDF/WFBA/PT10M,10.48322/38vz-qp51
https://spase-metadata.org/NASA/NumericalData/Ulysses/URAP/GSFC/SPDF/WFBP/PT10M,10.48322/4xbv-kd68
https://spase-metadata.org/NASA/NumericalData/Ulysses/URAP/GSFC/SPDF/WFEA/PT10M,10.48322/1ny6-4572
https://spase-metadata.org/NASA/NumericalData/Ulysses/URAP/GSFC/SPDF/WFEP/PT10M,10.48322/wrhh-dd09
https://spase-metadata.org/NASA/NumericalData/Ulysses/URAP/UFA/PT144S,10.48322/wpj0-hc47
https://spase-metadata.org/NASA/NumericalData/Vega1/Ephemeris/P1D,10.48322/9ee6-v972
https://spase-metadata.org/NASA/NumericalData/Vega1/MISCHA/FLYBY/PT0.1S,10.48322/f74n-da60
https://spase-metadata.org/NASA/NumericalData/Vega1/MISCHA/FLYBY/PT1M,10.48322/vd3b-2j03
https://spase-metadata.org/NASA/NumericalData/Vega1/MISCHA/PT2M30S,10.48322/763j-fj52
https://spase-metadata.org/NASA/NumericalData/Vega1/PLASMAG/PT20M,10.48322/4wk8-rs73
https://spase-metadata.org/NASA/NumericalData/Vega2/Ephemeris/P1D,10.48322/e9c0-tp46
https://spase-metadata.org/NASA/NumericalData/Vega2/MISCHA/FLYBY/PT0.1S,10.48322/8z1d-2642
https://spase-metadata.org/NASA/NumericalData/Vega2/MISCHA/FLYBY/PT1M,10.48322/5kqt-x628
https://spase-metadata.org/NASA/NumericalData/Vega2/MISCHA/PT2M30S,10.48322/8zwe-0190
https://spase-metadata.org/NASA/NumericalData/Vega2/PLASMAG/PT20M,10.48322/b5t1-b454
https://spase-metadata.org/NASA/NumericalData/Voyager1/CRS/Flux/EnergyFlux/HydrogenHelium/LevelH3/ASCII/P1D,10.48322/s8vs-bt64
https://spase-metadata.org/NASA/NumericalData/Voyager1/CRS/Flux/EnergyFlux/HydrogenHelium/LevelH3/ASCII/PT6H,10.48322/yzk3-5168
https://spase-metadata.org/NASA/NumericalData/Voyager1/CRS/Flux/EnergyFlux/HydrogenHelium/LevelH3/CDF/P1D,10.48322/rmq3-1z61
https://spase-metadata.org/NASA/NumericalData/Voyager1/CRS/Jupiter/PT15M,10.48322/8637-8y51
https://spase-metadata.org/NASA/NumericalData/Voyager1/CRS/RATES/PT15M,10.48322/nq7f-jq35
https://spase-metadata.org/NASA/NumericalData/Voyager1/CRS/Saturn/PT3M12S,10.48322/7j58-j360
https://spase-metadata.org/NASA/NumericalData/Voyager1/Ephemeris/Heliosphere/P1D,10.48322/07mk-y235
https://spase-metadata.org/NASA/NumericalData/Voyager1/Ephemeris/Jupiter/HG/PT96S,10.48322/bpj3-a070
https://spase-metadata.org/NASA/NumericalData/Voyager1/Ephemeris/Jupiter/S3LH/PT96S,10.48322/dy85-6y47
https://spase-metadata.org/NASA/NumericalData/Voyager1/Ephemeris/P1D,10.48322/tax5-8644
https://spase-metadata.org/NASA/NumericalData/Voyager1/Ephemeris/Saturn/PT96S,10.48322/nwsy-tj62
https://spase-metadata.org/NASA/NumericalData/Voyager1/HelioWeb/Ephemeris/P1D,10.48322/rp99-mn92
https://spase-metadata.org/NASA/NumericalData/Voyager1/LECP/Flux/Cosmic-Ray/P1D,10.48322/s6vr-xx77
https://spase-metadata.org/NASA/NumericalData/Voyager1/LECP/Flux/Cosmic-Ray/P26D,10.48322/34e6-cm71
https://spase-metadata.org/NASA/NumericalData/Voyager1/LECP/Flux/Electron/BackgroundCorrectedDifferential/CDF/P1D,10.48322/s65n-9703
https://spase-metadata.org/NASA/NumericalData/Voyager1/LECP/Flux/Ion/P1D,10.48322/eatw-x197
https://spase-metadata.org/NASA/NumericalData/Voyager1/LECP/Flux/Ion/PT1H,10.48322/s5qp-9173
https://spase-metadata.org/NASA/NumericalData/Voyager1/LECP/Flux/Ion/Sectored/PT3H,10.48322/nrrn-7g70
https://spase-metadata.org/NASA/NumericalData/Voyager1/LECP/Flux/Proton/P1D,10.48322/efg6-de66
https://spase-metadata.org/NASA/NumericalData/Voyager1/LECP/Flux/Proton/PT1H,10.48322/9kcn-dz80
https://spase-metadata.org/NASA/NumericalData/Voyager1/LECP/FLUXBOX/HE-Flux/P26D,10.48322/r1a1-hb04
https://spase-metadata.org/NASA/NumericalData/Voyager1/LECP/FLUXBOX/HE-Flux/P5D,10.48322/hrfc-kg60
https://spase-metadata.org/NASA/NumericalData/Voyager1/LECP/FLUXBOX/HE-Rate/P26D,10.48322/2zgp-px85
https://spase-metadata.org/NASA/NumericalData/Voyager1/LECP/FLUXBOX/HE-Rate/P5D,10.48322/3efv-3m26
https://spase-metadata.org/NASA/NumericalData/Voyager1/LECP/FLUXBOX/H-Flux/P26D,10.48322/xhym-jj56
https://spase-metadata.org/NASA/NumericalData/Voyager1/LECP/FLUXBOX/H-Flux/P5D,10.48322/6k5d-6581
https://spase-metadata.org/NASA/NumericalData/Voyager1/LECP/FLUXBOX/H-Rate/P26D,10.48322/wxj3-7237
https://spase-metadata.org/NASA/NumericalData/Voyager1/LECP/FLUXBOX/H-Rate/P5D,10.48322/1tn3-1q22
https://spase-metadata.org/NASA/NumericalData/Voyager1/LECP/FLUXBOX/O-Flux/P26D,10.48322/vzh0-rf17
https://spase-metadata.org/NASA/NumericalData/Voyager1/LECP/FLUXBOX/O-Flux/P5D,10.48322/p88x-2672
https://spase-metadata.org/NASA/NumericalData/Voyager1/LECP/FLUXBOX/O-Rate/P26D,10.48322/94n8-bw39
https://spase-metadata.org/NASA/NumericalData/Voyager1/LECP/FLUXBOX/O-Rate/P5D,10.48322/6a5d-x378
https://spase-metadata.org/NASA/NumericalData/Voyager1/LECP/Jupiter/PT0.4S,10.48322/ctcg-yd77
https://spase-metadata.org/NASA/NumericalData/Voyager1/LECP/Jupiter/PT15M,10.48322/tb1q-e763
https://spase-metadata.org/NASA/NumericalData/Voyager1/LECP/Jupiter/PT3M12S,10.48322/0rx3-1165
https://spase-metadata.org/NASA/NumericalData/Voyager1/LECP/Jupiter/PT48S,10.48322/jaew-0t48
https://spase-metadata.org/NASA/NumericalData/Voyager1/LECP/Particle/PT24H,10.48322/x68v-sd88
https://spase-metadata.org/NASA/NumericalData/Voyager1/LECP/PHA/PT3M12S,10.48322/612a-0p90
https://spase-metadata.org/NASA/NumericalData/Voyager1/LECP/Rates/P1D,10.48322/gac2-a348
https://spase-metadata.org/NASA/NumericalData/Voyager1/LECP/Rates/PT1H,10.48322/dd3a-ax56
https://spase-metadata.org/NASA/NumericalData/Voyager1/LECP/Saturn/PT0.4S,10.48322/411d-nx23
https://spase-metadata.org/NASA/NumericalData/Voyager1/LECP/Saturn/PT15M,10.48322/rzk1-6r94
https://spase-metadata.org/NASA/NumericalData/Voyager1/LECP/Saturn/PT6M24S,10.48322/6y8g-8837
https://spase-metadata.org/NASA/NumericalData/Voyager1/MAG/1977/PT1H,10.48322/4bv3-xg04
https://spase-metadata.org/NASA/NumericalData/Voyager1/MAG/1990/PT1H,10.48322/ynk2-kp70
https://spase-metadata.org/NASA/NumericalData/Voyager1/MAG/ASCII/PT1H,10.48322/f8hm-sb42
https://spase-metadata.org/NASA/NumericalData/Voyager1/MAG/ASCII/PT48S,10.48322/hr6m-np08
https://spase-metadata.org/NASA/NumericalData/Voyager1/MAG/Binary/PT1.92S,10.48322/z63g-rh47
https://spase-metadata.org/NASA/NumericalData/Voyager1/MAG/Binary/PT9.6S,10.48322/ctar-4d05
https://spase-metadata.org/NASA/NumericalData/Voyager1/MAG/CDF/PT1.92S,10.48322/qhrq-xt70
https://spase-metadata.org/NASA/NumericalData/Voyager1/MAG/CDF/PT1H,10.48322/twgn-7226
https://spase-metadata.org/NASA/NumericalData/Voyager1/MAG/CDF/PT48S,10.48322/dz4f-yc17
https://spase-metadata.org/NASA/NumericalData/Voyager1/MAG/CDF/PT9.6S,10.48322/2b60-1b10
https://spase-metadata.org/NASA/NumericalData/Voyager1/MAG/Heliosphere/PT1H,10.48322/0v60-pg07
https://spase-metadata.org/NASA/NumericalData/Voyager1/MAG/Heliosphere/PT48S,10.48322/p30y-c760
https://spase-metadata.org/NASA/NumericalData/Voyager1/MAG/Jupiter/PT48S,10.48322/k5pr-gy64
https://spase-metadata.org/NASA/NumericalData/Voyager1/MAG/Jupiter/PT9.6S,10.48322/5hdj-7r65
https://spase-metadata.org/NASA/NumericalData/Voyager1/MAG/Saturn/HG/PT48S,10.48322/z8f1-bk63
https://spase-metadata.org/NASA/NumericalData/Voyager1/MAG/Saturn/L1/PT48S,10.48322/pq1a-c008
https://spase-metadata.org/NASA/NumericalData/Voyager1/MAG/Saturn/PT1.92S,10.48322/evag-8v93
https://spase-metadata.org/NASA/NumericalData/Voyager1/MAG/Saturn/PT9.6S,10.48322/gmef-dj59
https://spase-metadata.org/NASA/NumericalData/Voyager1/MAG/VIM/ASCII/PT48S,10.48322/4mw8-9e42
https://spase-metadata.org/NASA/NumericalData/Voyager1/MAG/VIM/CDF/PT48S,10.48322/envb-3w78
https://spase-metadata.org/NASA/NumericalData/Voyager1/MAGandPLS/PT1H,10.48322/041p-cv36
https://spase-metadata.org/NASA/NumericalData/Voyager1/Plasma/ASCII/PT12S,10.48322/xr01-hg35
https://spase-metadata.org/NASA/NumericalData/Voyager1/Plasma/PT12S,10.48322/zshm-h924
https://spase-metadata.org/NASA/NumericalData/Voyager1/Plasma/PT1H,10.48322/vvm9-vj48
https://spase-metadata.org/NASA/NumericalData/Voyager1/PLS/Heliosphere/PT1H,10.48322/fdws-6235
https://spase-metadata.org/NASA/NumericalData/Voyager1/PLS/Heliosphere/PT96S,10.48322/ph93-jy46
https://spase-metadata.org/NASA/NumericalData/Voyager1/PLS/HIRES/CDF/PT12S,10.48322/kcn9-y866
https://spase-metadata.org/NASA/NumericalData/Voyager1/PLS/Jupiter/Composition/VIPER/PT96S,10.48322/d7ad-5817
https://spase-metadata.org/NASA/NumericalData/Voyager1/PLS/Jupiter/Electron/CurrentSpectra/HighEnergy/PT96S,10.48322/1gh0-3543
https://spase-metadata.org/NASA/NumericalData/Voyager1/PLS/Jupiter/Electron/CurrentSpectra/LowEnergy/PT96S,10.48322/34jn-sq92
https://spase-metadata.org/NASA/NumericalData/Voyager1/PLS/Jupiter/Ion/CurrentSpectra/HighEnergyResolution/PT96S,10.48322/kk9h-cw52
https://spase-metadata.org/NASA/NumericalData/Voyager1/PLS/Jupiter/Ion/CurrentSpectra/LowEnergyResolution/PT96S,10.48322/50jg-a555
https://spase-metadata.org/NASA/NumericalData/Voyager1/PLS/Jupiter/PT96S,10.48322/062a-1p62
https://spase-metadata.org/NASA/NumericalData/Voyager1/PLS/Saturn/PT96S,10.48322/z28b-kw94
https://spase-metadata.org/NASA/NumericalData/Voyager1/PRA/Jupiter/High/PT48S,10.48322/2ray-v138
https://spase-metadata.org/NASA/NumericalData/Voyager1/PRA/Jupiter/Low/PT6S,10.48322/whbk-4b66
https://spase-metadata.org/NASA/NumericalData/Voyager1/PRA/Jupiter/PT48S,10.48322/tmnj-0d13
https://spase-metadata.org/NASA/NumericalData/Voyager1/PRA/Jupiter/PT6S,10.48322/0rqk-6q95
https://spase-metadata.org/NASA/NumericalData/Voyager1/PRA/Saturn/PT6S,10.48322/a9ej-ky93
https://spase-metadata.org/NASA/NumericalData/Voyager1/PWS/ASCII/PT1H,10.48322/ekd7-g394
https://spase-metadata.org/NASA/NumericalData/Voyager1/PWS/ASCII/PT4S,10.48322/v5b8-bx71
https://spase-metadata.org/NASA/NumericalData/Voyager1/PWS/Jupiter/PT0.0172S,10.48322/pg8h-g643
https://spase-metadata.org/NASA/NumericalData/Voyager1/PWS/Jupiter/PT0.06S,10.48322/3ss8-2e68
https://spase-metadata.org/NASA/NumericalData/Voyager1/PWS/Jupiter/PT1H,10.48322/atpw-e236
https://spase-metadata.org/NASA/NumericalData/Voyager1/PWS/Jupiter/PT1S,10.48322/p4pp-zp75
https://spase-metadata.org/NASA/NumericalData/Voyager1/PWS/Jupiter/PT48S,10.48322/6fzx-qh13
https://spase-metadata.org/NASA/NumericalData/Voyager1/PWS/Jupiter/PT4S,10.48322/djb2-1608
https://spase-metadata.org/NASA/NumericalData/Voyager1/PWS/Saturn/PT48S,10.48322/9hts-z141
https://spase-metadata.org/NASA/NumericalData/Voyager1/PWS/Saturn/PT4S,10.48322/jbzh-n113
https://spase-metadata.org/NASA/NumericalData/Voyager1/RSS/Saturn/PT0.00001S,10.48322/tb45-0p75
https://spase-metadata.org/NASA/NumericalData/Voyager2/CRS/Flux/EnergyFlux/HydrogenHelium/LevelH3/ASCII/P1D,10.48322/83gm-pz70
https://spase-metadata.org/NASA/NumericalData/Voyager2/CRS/Flux/EnergyFlux/HydrogenHelium/LevelH3/ASCII/PT6H,10.48322/vd0n-9416
https://spase-metadata.org/NASA/NumericalData/Voyager2/CRS/Jupiter/PT15M,10.48322/frcx-k575
https://spase-metadata.org/NASA/NumericalData/Voyager2/CRS/Neptune/PT6S,10.48322/35ce-2b24
https://spase-metadata.org/NASA/NumericalData/Voyager2/CRS/Neptune/PT96S,10.48322/4qcd-n405
https://spase-metadata.org/NASA/NumericalData/Voyager2/CRS/RATES/PT15M,10.48322/vxen-yd90
https://spase-metadata.org/NASA/NumericalData/Voyager2/CRS/Uranus/PT96S,10.48322/q27f-rb79
https://spase-metadata.org/NASA/NumericalData/Voyager2/Ephemeris/Heliosphere/P1D,10.48322/9p3h-0c38
https://spase-metadata.org/NASA/NumericalData/Voyager2/Ephemeris/Jupiter/PT96S,10.48322/1vzh-bq32
https://spase-metadata.org/NASA/NumericalData/Voyager2/Ephemeris/Neptune/PT12S,10.48322/tdw6-jt15
https://spase-metadata.org/NASA/NumericalData/Voyager2/Ephemeris/Neptune/PT48S,10.48322/8s5e-6808
https://spase-metadata.org/NASA/NumericalData/Voyager2/Ephemeris/P1D,10.48322/459f-8812
https://spase-metadata.org/NASA/NumericalData/Voyager2/Ephemeris/Saturn/PT96S,10.48322/2277-yf79
https://spase-metadata.org/NASA/NumericalData/Voyager2/Ephemeris/Uranus/PT48S,10.48322/pb1m-jz69
https://spase-metadata.org/NASA/NumericalData/Voyager2/HelioWeb/Ephemeris/P1D,10.48322/me2b-8q74
https://spase-metadata.org/NASA/NumericalData/Voyager2/LECP/Flux/Cosmic-Ray/P1D,10.48322/68pq-jj35
https://spase-metadata.org/NASA/NumericalData/Voyager2/LECP/Flux/Cosmic-Ray/P26D,10.48322/dpnx-fp45
https://spase-metadata.org/NASA/NumericalData/Voyager2/LECP/Flux/Electron/BackgroundCorrectedDifferential/CDF/P1D,10.48322/prhs-g950
https://spase-metadata.org/NASA/NumericalData/Voyager2/LECP/Flux/Ion/P1D,10.48322/stsr-kn11
https://spase-metadata.org/NASA/NumericalData/Voyager2/LECP/Flux/Ion/PT1H,10.48322/s4qw-rg59
https://spase-metadata.org/NASA/NumericalData/Voyager2/LECP/Flux/Ion/Sectored/PT3H,10.48322/rqgn-s031
https://spase-metadata.org/NASA/NumericalData/Voyager2/LECP/Flux/Proton/P1D,10.48322/8d7b-mq11
https://spase-metadata.org/NASA/NumericalData/Voyager2/LECP/Flux/Proton/PT1H,10.48322/hy5z-1729
https://spase-metadata.org/NASA/NumericalData/Voyager2/LECP/FLUXBOX/HE-Flux/P26D,10.48322/qkjd-mz45
https://spase-metadata.org/NASA/NumericalData/Voyager2/LECP/FLUXBOX/HE-Flux/P5D,10.48322/9jfa-py17
https://spase-metadata.org/NASA/NumericalData/Voyager2/LECP/FLUXBOX/HE-Rate/P26D,10.48322/nwws-jk53
https://spase-metadata.org/NASA/NumericalData/Voyager2/LECP/FLUXBOX/HE-Rate/P5D,10.48322/a715-1732
https://spase-metadata.org/NASA/NumericalData/Voyager2/LECP/FLUXBOX/H-Flux/P26D,10.48322/2x18-pv33
https://spase-metadata.org/NASA/NumericalData/Voyager2/LECP/FLUXBOX/H-Flux/P5D,10.48322/9mnt-ym79
https://spase-metadata.org/NASA/NumericalData/Voyager2/LECP/FLUXBOX/H-Rate/P26D,10.48322/kdyv-z359
https://spase-metadata.org/NASA/NumericalData/Voyager2/LECP/FLUXBOX/H-Rate/P5D,10.48322/6ape-xx77
https://spase-metadata.org/NASA/NumericalData/Voyager2/LECP/FLUXBOX/O-Flux/P26D,10.48322/aqr4-6495
https://spase-metadata.org/NASA/NumericalData/Voyager2/LECP/FLUXBOX/O-Flux/P5D,10.48322/m5h1-ck63
https://spase-metadata.org/NASA/NumericalData/Voyager2/LECP/FLUXBOX/O-Rate/P26D,10.48322/2kha-z843
https://spase-metadata.org/NASA/NumericalData/Voyager2/LECP/FLUXBOX/O-Rate/P5D,10.48322/pk3h-7z23
https://spase-metadata.org/NASA/NumericalData/Voyager2/LECP/Jupiter/PT0.4S,10.48322/6nkc-t707
https://spase-metadata.org/NASA/NumericalData/Voyager2/LECP/Jupiter/PT15M,10.48322/fph0-g047
https://spase-metadata.org/NASA/NumericalData/Voyager2/LECP/Jupiter/PT3M12S,10.48322/fw1h-ga74
https://spase-metadata.org/NASA/NumericalData/Voyager2/LECP/Jupiter/PT48S,10.48322/ttbr-xc74
https://spase-metadata.org/NASA/NumericalData/Voyager2/LECP/Neptune/PT0.4S,10.48322/c6s7-xp47
https://spase-metadata.org/NASA/NumericalData/Voyager2/LECP/Neptune/PT12M48S,10.48322/6nps-fg62
https://spase-metadata.org/NASA/NumericalData/Voyager2/LECP/Neptune/PT24S,10.48322/sstn-mf06
https://spase-metadata.org/NASA/NumericalData/Voyager2/LECP/Neptune/PT3M12S,10.48322/ssdr-3e65
https://spase-metadata.org/NASA/NumericalData/Voyager2/LECP/Neptune/PT6M24S,10.48322/rk6m-fv22
https://spase-metadata.org/NASA/NumericalData/Voyager2/LECP/Particle/PT24H,10.48322/gngy-ee60
https://spase-metadata.org/NASA/NumericalData/Voyager2/LECP/PHA/PT3M12S,10.48322/jer0-3z93
https://spase-metadata.org/NASA/NumericalData/Voyager2/LECP/Rates/P1D,10.48322/44vk-vc70
https://spase-metadata.org/NASA/NumericalData/Voyager2/LECP/Rates/PT1H,10.48322/08q8-y997
https://spase-metadata.org/NASA/NumericalData/Voyager2/LECP/Saturn/PT0.4S,10.48322/bekm-xh04
https://spase-metadata.org/NASA/NumericalData/Voyager2/LECP/Saturn/PT15M,10.48322/cpwe-gr29
https://spase-metadata.org/NASA/NumericalData/Voyager2/LECP/Saturn/PT3M12S,10.48322/5e9q-0v47
https://spase-metadata.org/NASA/NumericalData/Voyager2/LECP/Saturn/PT6M24S,10.48322/7arz-b513
https://spase-metadata.org/NASA/NumericalData/Voyager2/LECP/Uranus/PT0.4S,10.48322/yn22-ec50
https://spase-metadata.org/NASA/NumericalData/Voyager2/LECP/Uranus/PT12M48S,10.48322/keg2-0a82
https://spase-metadata.org/NASA/NumericalData/Voyager2/LECP/Uranus/PT15M,10.48322/vaq7-7874
https://spase-metadata.org/NASA/NumericalData/Voyager2/LECP/Uranus/PT6M24S,10.48322/7686-0850
https://spase-metadata.org/NASA/NumericalData/Voyager2/MAG/1977/PT1H,10.48322/v2bp-5460
https://spase-metadata.org/NASA/NumericalData/Voyager2/MAG/1990/PT1H,10.48322/kjh4-sp20
https://spase-metadata.org/NASA/NumericalData/Voyager2/MAG/ASCII/PT1H,10.48322/7chv-fq03
https://spase-metadata.org/NASA/NumericalData/Voyager2/MAG/ASCII/PT48S,10.48322/v23v-rm50
https://spase-metadata.org/NASA/NumericalData/Voyager2/MAG/Binary/PT1.92S,10.48322/tvyz-b160
https://spase-metadata.org/NASA/NumericalData/Voyager2/MAG/Binary/PT9.6S,10.48322/748s-d440
https://spase-metadata.org/NASA/NumericalData/Voyager2/MAG/CDF/PT1.92S,10.48322/d4s2-1q92
https://spase-metadata.org/NASA/NumericalData/Voyager2/MAG/CDF/PT1H,10.48322/3kc2-rh71
https://spase-metadata.org/NASA/NumericalData/Voyager2/MAG/CDF/PT48S,10.48322/rjwx-xr84
https://spase-metadata.org/NASA/NumericalData/Voyager2/MAG/CDF/PT9.6S,10.48322/msk9-qv54
https://spase-metadata.org/NASA/NumericalData/Voyager2/MAG/Heliosphere/PT1H,10.48322/9sgy-bc46
https://spase-metadata.org/NASA/NumericalData/Voyager2/MAG/Heliosphere/PT48S,10.48322/nd0j-2s08
https://spase-metadata.org/NASA/NumericalData/Voyager2/MAG/Jupiter/PT1.92S,10.48322/gbhr-7f92
https://spase-metadata.org/NASA/NumericalData/Voyager2/MAG/Jupiter/PT48S,10.48322/v72c-3p78
https://spase-metadata.org/NASA/NumericalData/Voyager2/MAG/Jupiter/PT9.6S,10.48322/shc7-0911
https://spase-metadata.org/NASA/NumericalData/Voyager2/MAG/Neptune/PT1.92S,10.48322/bj46-y084
https://spase-metadata.org/NASA/NumericalData/Voyager2/MAG/Neptune/PT12S,10.48322/fs22-qv46
https://spase-metadata.org/NASA/NumericalData/Voyager2/MAG/Neptune/PT48S,10.48322/vncq-0s27
https://spase-metadata.org/NASA/NumericalData/Voyager2/MAG/Neptune/PT9.6S,10.48322/wcg6-5044
https://spase-metadata.org/NASA/NumericalData/Voyager2/MAG/Saturn/PT1.92S,10.48322/dran-qp40
https://spase-metadata.org/NASA/NumericalData/Voyager2/MAG/Saturn/PT48S,10.48322/n6qw-5m65
https://spase-metadata.org/NASA/NumericalData/Voyager2/MAG/Saturn/PT9.6S,10.48322/ryze-dq22
https://spase-metadata.org/NASA/NumericalData/Voyager2/MAG/Uranus/PT1.92S,10.48322/t9rb-0770
https://spase-metadata.org/NASA/NumericalData/Voyager2/MAG/Uranus/PT48S,10.48322/a7y5-1r92
https://spase-metadata.org/NASA/NumericalData/Voyager2/MAG/Uranus/PT9.6S,10.48322/16te-d018
https://spase-metadata.org/NASA/NumericalData/Voyager2/MAG/VIM/ASCII/PT48S,10.48322/7ere-5y92
https://spase-metadata.org/NASA/NumericalData/Voyager2/MAG/VIM/CDF/PT48S,10.48322/kgbb-j403
https://spase-metadata.org/NASA/NumericalData/Voyager2/MAGandPLS/PT1H,10.48322/ve5t-hf15
https://spase-metadata.org/NASA/NumericalData/Voyager2/Plasma/ASCII/PT12S,10.48322/caev-rr10
https://spase-metadata.org/NASA/NumericalData/Voyager2/Plasma/P1D,10.48322/rd95-b956
https://spase-metadata.org/NASA/NumericalData/Voyager2/Plasma/PT12S,10.48322/ps5q-aw33
https://spase-metadata.org/NASA/NumericalData/Voyager2/Plasma/PT1H,10.48322/4fwp-cw56
https://spase-metadata.org/NASA/NumericalData/Voyager2/PLS/Heliosphere/P1D,10.48322/sbgk-wr23
https://spase-metadata.org/NASA/NumericalData/Voyager2/PLS/Heliosphere/PT1H,10.48322/t0nm-xg69
https://spase-metadata.org/NASA/NumericalData/Voyager2/PLS/Heliosphere/PT96S,10.48322/6dam-fc89
https://spase-metadata.org/NASA/NumericalData/Voyager2/PLS/HIRES/CDF/PT12S,10.48322/3r7q-jg89
https://spase-metadata.org/NASA/NumericalData/Voyager2/PLS/Jupiter/Composition/VIPER/PT96S,10.48322/mtan-4b60
https://spase-metadata.org/NASA/NumericalData/Voyager2/PLS/Jupiter/Electron/CurrentSpectra/HighEnergy/PT96S,10.48322/jf1r-2081
https://spase-metadata.org/NASA/NumericalData/Voyager2/PLS/Jupiter/Electron/CurrentSpectra/LowEnergy/PT96S,10.48322/5cfc-0j82
https://spase-metadata.org/NASA/NumericalData/Voyager2/PLS/Jupiter/Ion/CurrentSpectra/HighEnergyResolution/PT96S,10.48322/aszh-pk48
https://spase-metadata.org/NASA/NumericalData/Voyager2/PLS/Jupiter/Ion/CurrentSpectra/LowEnergyResolution/PT96S,10.48322/rzv1-7r42
https://spase-metadata.org/NASA/NumericalData/Voyager2/PLS/Jupiter/PT96S,10.48322/j708-t750
https://spase-metadata.org/NASA/NumericalData/Voyager2/PLS/Neptune/PT12M,10.48322/km9e-y428
https://spase-metadata.org/NASA/NumericalData/Voyager2/PLS/Neptune/PT48S,10.48322/130w-7n17
https://spase-metadata.org/NASA/NumericalData/Voyager2/PLS/Neptune/PT96S,10.48322/mk9a-kp53
https://spase-metadata.org/NASA/NumericalData/Voyager2/PLS/Saturn/PT96S,10.48322/x4rq-8w22
https://spase-metadata.org/NASA/NumericalData/Voyager2/PLS/Uranus/PT48S,10.48322/mp1k-7w19
https://spase-metadata.org/NASA/NumericalData/Voyager2/PRA/Jupiter/High/PT48S,10.48322/yggh-9h95
https://spase-metadata.org/NASA/NumericalData/Voyager2/PRA/Jupiter/Low/PT6S,10.48322/qvhw-xp72
https://spase-metadata.org/NASA/NumericalData/Voyager2/PRA/Jupiter/PT48S,10.48322/8drj-ka27
https://spase-metadata.org/NASA/NumericalData/Voyager2/PRA/Jupiter/PT6S,10.48322/y976-c310
https://spase-metadata.org/NASA/NumericalData/Voyager2/PRA/Neptune/PT0.6S,10.48322/yqkw-2w55
https://spase-metadata.org/NASA/NumericalData/Voyager2/PRA/Neptune/PT48S,10.48322/593x-jg56
https://spase-metadata.org/NASA/NumericalData/Voyager2/PRA/Neptune/PT6S,10.48322/yqyb-gj52
https://spase-metadata.org/NASA/NumericalData/Voyager2/PRA/Saturn/PT6S,10.48322/4c16-k656
https://spase-metadata.org/NASA/NumericalData/Voyager2/PRA/Uranus/PT0.6S,10.48322/603y-n889
https://spase-metadata.org/NASA/NumericalData/Voyager2/PRA/Uranus/PT48S,10.48322/pf2s-qa85
https://spase-metadata.org/NASA/NumericalData/Voyager2/PRA/Uranus/PT6S,10.48322/c3j3-6414
https://spase-metadata.org/NASA/NumericalData/Voyager2/PWS/ASCII/PT1H,10.48322/rtt8-v976
https://spase-metadata.org/NASA/NumericalData/Voyager2/PWS/ASCII/PT4S,10.48322/xzhy-d247
https://spase-metadata.org/NASA/NumericalData/Voyager2/PWS/Jupiter/PT0.06S,10.48322/2t2w-7w84
https://spase-metadata.org/NASA/NumericalData/Voyager2/PWS/Jupiter/PT0.132S,10.48322/s99a-3a89
https://spase-metadata.org/NASA/NumericalData/Voyager2/PWS/Jupiter/PT1H,10.48322/0hjd-0m53
https://spase-metadata.org/NASA/NumericalData/Voyager2/PWS/Jupiter/PT1S,10.48322/x551-0k39
https://spase-metadata.org/NASA/NumericalData/Voyager2/PWS/Jupiter/PT48S,10.48322/1b9g-rk95
https://spase-metadata.org/NASA/NumericalData/Voyager2/PWS/Jupiter/PT4S,10.48322/wq9x-m219
https://spase-metadata.org/NASA/NumericalData/Voyager2/PWS/Neptune/PT0.06S,10.48322/a58z-d147
https://spase-metadata.org/NASA/NumericalData/Voyager2/PWS/Neptune/PT48S,10.48322/nwzs-st07
https://spase-metadata.org/NASA/NumericalData/Voyager2/PWS/Neptune/PT4S,10.48322/dnwn-7p80
https://spase-metadata.org/NASA/NumericalData/Voyager2/PWS/Saturn/PT48S,10.48322/394d-8m49
https://spase-metadata.org/NASA/NumericalData/Voyager2/PWS/Saturn/PT4S,10.48322/7xxf-bt45
https://spase-metadata.org/NASA/NumericalData/Voyager2/PWS/Uranus/PT0.06S,10.48322/4n3b-3a37
https://spase-metadata.org/NASA/NumericalData/Voyager2/PWS/Uranus/PT48S,10.48322/mw01-mh06
https://spase-metadata.org/NASA/NumericalData/Voyager2/PWS/Uranus/PT4S,10.48322/d6te-6s08
https://spase-metadata.org/NASA/NumericalData/Voyager2/RSS/Saturn/PT0.00001S,10.48322/6s6z-4m71
https://spase-metadata.org/NASA/NumericalData/Weygand/ACE/MFI/Processed/GSE/PT60S,10.21978/p8pd2w
https://spase-metadata.org/NASA/NumericalData/Weygand/ACE/MFI/Processed/GSM/PT60S,10.21978/p8jk8n
https://spase-metadata.org/NASA/NumericalData/Weygand/ACE/MFI/Propagated.SWEPAM/GSE/PT60S,10.21978/p8dw6r
https://spase-metadata.org/NASA/NumericalData/Weygand/ACE/MFI/Propagated.SWEPAM/GSM/PT60S,10.21978/p8933r
https://spase-metadata.org/NASA/NumericalData/Weygand/ACE/SWEPAM/Processed/GSE/PT60S,10.21978/p85d1v
https://spase-metadata.org/NASA/NumericalData/Weygand/ACE/SWEPAM/Processed/GSM/PT60S,10.21978/p81k9c
https://spase-metadata.org/NASA/NumericalData/Weygand/ACE/SWEPAM/Propagated.SWEPAM/GSE/PT60S,10.21978/p8ww5q
https://spase-metadata.org/NASA/NumericalData/Weygand/ACE/SWEPAM/Propagated.SWEPAM/GSM/PT60S,10.21978/p8s62r
https://spase-metadata.org/NASA/NumericalData/Weygand/ACE/TAP/Propagated.SWEPAM/GSE/PT60S,10.21978/p8hp70
https://spase-metadata.org/NASA/NumericalData/Weygand/Geotail/CPI/Processed/GSE/PT60S,10.21978/p8704g
https://spase-metadata.org/NASA/NumericalData/Weygand/Geotail/CPI/Processed/GSM/PT60S,10.21978/p8392k
https://spase-metadata.org/NASA/NumericalData/Weygand/Geotail/CPI/Propagated.CPI/GSE/PT60S,10.21978/p8zh0n
https://spase-metadata.org/NASA/NumericalData/Weygand/Geotail/CPI/Propagated.CPI/GSM/PT60S,10.21978/p8ts6f
https://spase-metadata.org/NASA/NumericalData/Weygand/Geotail/LEP/Processed/GSE/PT60S,10.21978/p8q33g
https://spase-metadata.org/NASA/NumericalData/Weygand/Geotail/LEP/Processed/GSM/PT60S,10.21978/p8k91j
https://spase-metadata.org/NASA/NumericalData/Weygand/Geotail/LEP/Propagated.LEP/GSE/PT60S,10.21978/p8fk8q
https://spase-metadata.org/NASA/NumericalData/Weygand/Geotail/LEP/Propagated.LEP/GSM/PT60S,10.21978/p89s5d
https://spase-metadata.org/NASA/NumericalData/Weygand/Geotail/MGF/Processed/GSE/PT60S,10.21978/p86346
https://spase-metadata.org/NASA/NumericalData/Weygand/Geotail/MGF/Processed/GSM/PT60S,10.21978/p8290h
https://spase-metadata.org/NASA/NumericalData/Weygand/Geotail/MGF/Propagated.CPI/GSE/PT60S,10.21978/p8xk9f
https://spase-metadata.org/NASA/NumericalData/Weygand/Geotail/MGF/Propagated.CPI/GSM/PT60S,10.21978/p8ss5r
https://spase-metadata.org/NASA/NumericalData/Weygand/Geotail/MGF/Propagated.LEP/GSE/PT60S,10.21978/p8p35x
https://spase-metadata.org/NASA/NumericalData/Weygand/Geotail/MGF/Propagated.LEP/GSM/PT60S,10.21978/p8j917
https://spase-metadata.org/NASA/NumericalData/Weygand/Geotail/TAP/Propagated.CPI/GSE/PT60S,10.21978/p8dk9s
https://spase-metadata.org/NASA/NumericalData/Weygand/Geotail/TAP/Propagated.LEP/GSE/PT60S,10.21978/p88s6g
https://spase-metadata.org/NASA/NumericalData/Weygand/IMP8/MAG/Processed/GSE/PT60S,10.21978/p8cw4p
https://spase-metadata.org/NASA/NumericalData/Weygand/IMP8/MAG/Processed/GSM/PT60S,10.21978/p8863g
https://spase-metadata.org/NASA/NumericalData/Weygand/IMP8/MAG/Propagated.PLS/GSE/PT60S,10.21978/p84c97
https://spase-metadata.org/NASA/NumericalData/Weygand/IMP8/MAG/Propagated.PLS/GSM/PT60S,10.21978/p80p8q
https://spase-metadata.org/NASA/NumericalData/Weygand/IMP8/PLS/Processed/GSE/PT60S,10.21978/p8vw41
https://spase-metadata.org/NASA/NumericalData/Weygand/IMP8/PLS/Processed/GSM/PT60S,10.21978/p8r646
https://spase-metadata.org/NASA/NumericalData/Weygand/IMP8/PLS/Propagated.PLS/GSE/PT60S,10.21978/p8md0h
https://spase-metadata.org/NASA/NumericalData/Weygand/IMP8/PLS/Propagated.PLS/GSM/PT60S,10.21978/p8gp82
https://spase-metadata.org/NASA/NumericalData/Weygand/IMP8/TAP/Propagated.PLS/GSE/PT60S,10.21978/p8bw5r
https://spase-metadata.org/NASA/NumericalData/Weygand/Interball-1/CORALL/Processed/GSE/PT60S,10.21978/p8gg9c
https://spase-metadata.org/NASA/NumericalData/Weygand/Interball-1/FGMI/Processed/GSE/PT60S,10.21978/p8bs7g
https://spase-metadata.org/NASA/NumericalData/Weygand/ISEE1/FPE/Processed/GSE/PT60S,10.21978/p8q624
https://spase-metadata.org/NASA/NumericalData/Weygand/ISEE1/FPE/Processed/GSM/PT60S,10.21978/p8kg99
https://spase-metadata.org/NASA/NumericalData/Weygand/ISEE1/FPE/Propagated.FPE/GSE/PT60S,10.21978/p8fp60
https://spase-metadata.org/NASA/NumericalData/Weygand/ISEE1/FPE/Propagated.FPE/GSM/PT60S,10.21978/p8b05s
https://spase-metadata.org/NASA/NumericalData/Weygand/ISEE1/MAG/Processed/GSE/PT60S,10.21978/p86613
https://spase-metadata.org/NASA/NumericalData/Weygand/ISEE1/MAG/Processed/GSM/PT60S,10.21978/p82h0k
https://spase-metadata.org/NASA/NumericalData/Weygand/ISEE1/MAG/Propagated.FPE/GSE/PT60S,10.21978/p8xp6b
https://spase-metadata.org/NASA/NumericalData/Weygand/ISEE1/MAG/Propagated.FPE/GSM/PT60S,10.21978/p8t054
https://spase-metadata.org/NASA/NumericalData/Weygand/ISEE1/TAP/Propagated.FPE/GSE/PT60S,10.21978/p8p61f
https://spase-metadata.org/NASA/NumericalData/Weygand/ISEE2/FPE/Processed/GSE/PT60S,10.21978/p87635
https://spase-metadata.org/NASA/NumericalData/Weygand/ISEE2/FPE/Processed/GSM/PT60S,10.21978/p83d0v
https://spase-metadata.org/NASA/NumericalData/Weygand/ISEE2/MAG/Processed/GSE/PT60S,10.21978/p8zp71
https://spase-metadata.org/NASA/NumericalData/Weygand/ISEE2/MAG/Processed/GSM/PT60S,10.21978/p8v042
https://spase-metadata.org/NASA/NumericalData/Weygand/ISEE3/MAG/Processed/GSE/PT60S,10.21978/p8s04f
https://spase-metadata.org/NASA/NumericalData/Weygand/ISEE3/MAG/Processed/GSM/PT60S,10.21978/p8n915
https://spase-metadata.org/NASA/NumericalData/Weygand/ISEE3/MAG/Propagated.SWP/GSE/PT60S,10.21978/p8hg9p
https://spase-metadata.org/NASA/NumericalData/Weygand/ISEE3/MAG/Propagated.SWP/GSM/PT60S,10.21978/p8cs6d
https://spase-metadata.org/NASA/NumericalData/Weygand/ISEE3/SWP/Processed/GSE/PT60S,10.21978/p8803d
https://spase-metadata.org/NASA/NumericalData/Weygand/ISEE3/SWP/Processed/GSM/PT60S,10.21978/p8492w
https://spase-metadata.org/NASA/NumericalData/Weygand/ISEE3/SWP/Propagated.SWP/GSE/PT60S,10.21978/p80g8n
https://spase-metadata.org/NASA/NumericalData/Weygand/ISEE3/SWP/Propagated.SWP/GSM/PT60S,10.21978/p8vs74
https://spase-metadata.org/NASA/NumericalData/Weygand/ISEE3/TAP/Propagated.SWP/GSE/PT60S,10.21978/p8r03r
https://spase-metadata.org/NASA/NumericalData/Weygand/Wind/3DP/Processed/GSE/PT60S,10.21978/p8791f
https://spase-metadata.org/NASA/NumericalData/Weygand/Wind/3DP/Processed/GSM/PT60S,10.21978/p83k90
https://spase-metadata.org/NASA/NumericalData/Weygand/Wind/3DP/Propagated.3DP/GSE/PT60S,10.21978/p8zs72
https://spase-metadata.org/NASA/NumericalData/Weygand/Wind/3DP/Propagated.3DP/GSM/PT60S,10.21978/p82k7x
https://spase-metadata.org/NASA/NumericalData/Weygand/Wind/MFI/Processed/GSE/PT60S,10.21978/p86d15
https://spase-metadata.org/NASA/NumericalData/Weygand/Wind/MFI/Processed/GSM/PT60S,10.21978/p8b32p
https://spase-metadata.org/NASA/NumericalData/Weygand/Wind/MFI/Propagated.3DP/GSE/PT60S,10.21978/p8qd0f
https://spase-metadata.org/NASA/NumericalData/Weygand/Wind/MFI/Propagated.3DP/GSM/PT60S,10.21978/p8fw5p
https://spase-metadata.org/NASA/NumericalData/Weygand/Wind/SWE/Processed/GSE/PT60S,10.48322/34kg-ew57
https://spase-metadata.org/NASA/NumericalData/Weygand/Wind/SWE/Processed/GSM/PT60S,10.48322/y111-kc38
https://spase-metadata.org/NASA/NumericalData/Weygand/Wind/SWE/Propagated.SWE/GSE/PT60S,10.48322/8qja-p367
https://spase-metadata.org/NASA/NumericalData/Weygand/Wind/SWE/Propagated.SWE/GSM/PT60S,10.48322/byad-w608
https://spase-metadata.org/NASA/NumericalData/Weygand/Wind/TAP/Propagated.3DP/GSE/PT60S,10.21978/p8t321
https://spase-metadata.org/NASA/NumericalData/Wind/3DP/ECHSFITS_E0-DAY/PT96S,10.48322/nbzq-1w25
https://spase-metadata.org/NASA/NumericalData/Wind/3DP/ECHSFITS_E0-YR/PT96S,10.48322/rgf7-3h67
https://spase-metadata.org/NASA/NumericalData/Wind/3DP/EESA/ElectronSpectra/PT100S,10.48322/cbvx-4034
https://spase-metadata.org/NASA/NumericalData/Wind/3DP/EESA_HIGH/PD/PT24S,10.48322/63fs-yr96
https://spase-metadata.org/NASA/NumericalData/Wind/3DP/EESA_HIGH/SP/PT24S,10.48322/c201-q577
https://spase-metadata.org/NASA/NumericalData/Wind/3DP/EESA_LOW/Moments,10.48322/4tk0-a011
https://spase-metadata.org/NASA/NumericalData/Wind/3DP/ELPD/PT96S,10.48322/kesf-re26
https://spase-metadata.org/NASA/NumericalData/Wind/3DP/EM/PT3S,10.48322/bsy7-7789
https://spase-metadata.org/NASA/NumericalData/Wind/3DP/EMFITS/PT100S,10.48322/ndp9-8t38
https://spase-metadata.org/NASA/NumericalData/Wind/3DP/KP/PT92S,10.48322/kwfz-zk29
https://spase-metadata.org/NASA/NumericalData/Wind/3DP/PLSP/PT24S,10.48322/c4mf-9n52
https://spase-metadata.org/NASA/NumericalData/Wind/3DP/PM/PT03S,10.48322/s8e6-aw08
https://spase-metadata.org/NASA/NumericalData/Wind/3DP/SST_Foil/PD/PT24S,10.48322/aawb-c884
https://spase-metadata.org/NASA/NumericalData/Wind/3DP/SST_Foil/SP/PT24S,10.48322/wd3x-9a34
https://spase-metadata.org/NASA/NumericalData/Wind/3DP/SST_Open/PD/PT24S,10.48322/yw1c-yf03
https://spase-metadata.org/NASA/NumericalData/Wind/3DP/SST_Open/SP/PT24S,10.48322/wkk0-y398
https://spase-metadata.org/NASA/NumericalData/Wind/3DP/UCB/PT24.00S,10.48322/5kyp-x878
https://spase-metadata.org/NASA/NumericalData/Wind/Attitude/Definitive/PT10M,10.48322/b88q-p434
https://spase-metadata.org/NASA/NumericalData/Wind/Attitude/Predicted/PT10M,10.48322/e07a-2494
https://spase-metadata.org/NASA/NumericalData/Wind/EPACT/LEMT/Events/A1S/PT1H,10.48322/atqk-js28
https://spase-metadata.org/NASA/NumericalData/Wind/EPACT/LEMT/Events/OMNI/PT1H,10.48322/jj1a-6j14
https://spase-metadata.org/NASA/NumericalData/Wind/EPACT/LEMT/Events/OMNI/PT5M,10.48322/3a2d-y684
https://spase-metadata.org/NASA/NumericalData/Wind/EPACT/LEMT/Events/SEC/PT1H,10.48322/41h6-gw79
https://spase-metadata.org/NASA/NumericalData/Wind/EPACT/LEMT/L2/PT1H,10.48322/n0f2-3519
https://spase-metadata.org/NASA/NumericalData/Wind/EPACT/LEMT/L2/PT5M,10.48322/5jq3-gs16
https://spase-metadata.org/NASA/NumericalData/Wind/EPACT/PT92S,10.48322/x9am-dd03
https://spase-metadata.org/NASA/NumericalData/Wind/EPACT/SEP/PT1H,10.48322/k50r-er56
https://spase-metadata.org/NASA/NumericalData/Wind/EPACT/STEP/DifferentialFlux/Ion/PT1H,10.48322/6654-mc20
https://spase-metadata.org/NASA/NumericalData/Wind/EPACT/STEP/Directional/DifferentialFlux/CNO/PT10M,10.48322/0y67-vc97
https://spase-metadata.org/NASA/NumericalData/Wind/EPACT/STEP/Directional/DifferentialFlux/Helium/PT10M,10.48322/z4p2-ky35
https://spase-metadata.org/NASA/NumericalData/Wind/EPACT/STEP/Directional/DifferentialFlux/Hydrogen/PT10M,10.48322/c7fp-nf79
https://spase-metadata.org/NASA/NumericalData/Wind/EPACT/STEP/Directional/DifferentialFlux/Iron/PT10M,10.48322/t2mh-c690
https://spase-metadata.org/NASA/NumericalData/Wind/Ephemeris/definitive/PT10M,10.48322/t0jm-c908
https://spase-metadata.org/NASA/NumericalData/Wind/Ephemeris/predicted/PT10M,10.48322/73de-sf52
https://spase-metadata.org/NASA/NumericalData/Wind/Ephemeris/SpinPhase/KeyParameter/PT92S,10.48322/0qwn-gj84
https://spase-metadata.org/NASA/NumericalData/Wind/MFI/KeyParameter/PT92S,10.48322/pxak-n392
https://spase-metadata.org/NASA/NumericalData/Wind/MFI/PT0.092S,10.48322/0v0h-df27
https://spase-metadata.org/NASA/NumericalData/Wind/MFI/PT03S,10.48322/av38-wn55
https://spase-metadata.org/NASA/NumericalData/Wind/MFI/PT15S,10.48322/rbny-1r30
https://spase-metadata.org/NASA/NumericalData/Wind/MFI/RTN/PT0.092S,10.48322/s1kf-0b54
https://spase-metadata.org/NASA/NumericalData/Wind/MFI/RTN/PT03S,10.48322/s1d0-5q92
https://spase-metadata.org/NASA/NumericalData/Wind/Propagated/PT1M,10.48322/b4nt-gx47
https://spase-metadata.org/NASA/NumericalData/Wind/SMS/KP/PT4H,10.48322/wms0-rv35
https://spase-metadata.org/NASA/NumericalData/Wind/SMS/STICS/AngularFluxMap/Level2/Magnetosphere/PT30M,10.48322/f2m8-ex57
https://spase-metadata.org/NASA/NumericalData/Wind/SMS/STICS/AngularFluxMap/Level2/SolarWind/PT30M,10.48322/57np-qg69
https://spase-metadata.org/NASA/NumericalData/Wind/SMS/STICS/Distfunc/P1D,10.48322/naj7-dg41
https://spase-metadata.org/NASA/NumericalData/Wind/SMS/STICS/DistributionFunction/Level2/Magnetosphere/AlphaParticle/PT3M,10.48322/kc69-5m68
https://spase-metadata.org/NASA/NumericalData/Wind/SMS/STICS/DistributionFunction/Level2/Magnetosphere/Proton/PT3M,10.48322/qvy6-sk75
https://spase-metadata.org/NASA/NumericalData/Wind/SMS/STICS/DistributionFunction/Level2/Magnetosphere/PT3M,10.48322/bm5n-eg33
https://spase-metadata.org/NASA/NumericalData/Wind/SMS/STICS/DistributionFunction/Level2/SolarWind/AlphaParticle/PT3M,10.48322/vjrr-br96
https://spase-metadata.org/NASA/NumericalData/Wind/SMS/STICS/DistributionFunction/Level2/SolarWind/Proton/PT3M,10.48322/97ws-6x26
https://spase-metadata.org/NASA/NumericalData/Wind/SMS/STICS/DistributionFunction/Level2/SolarWind/PT3M,10.48322/h28x-0w82
https://spase-metadata.org/NASA/NumericalData/Wind/SMS/STICS/EnergyResolvedPitchAngleDistribution/Level2/Magnetosphere/PT30M,10.48322/s1x2-0h63
https://spase-metadata.org/NASA/NumericalData/Wind/SMS/STICS/EnergyResolvedPitchAngleDistribution/Level2/SolarWind/PT30M,10.48322/yd5h-ty18
https://spase-metadata.org/NASA/NumericalData/Wind/SMS/STICS/Moments/Level2/Magnetosphere/PT3M,10.48322/wnzt-eh29
https://spase-metadata.org/NASA/NumericalData/Wind/SMS/STICS/Moments/Level2/SolarWind/PT3M,10.48322/2mh5-qw88
https://spase-metadata.org/NASA/NumericalData/Wind/SWE/Definitive/PT92S,10.48322/nasd-j276
https://spase-metadata.org/NASA/NumericalData/Wind/SWE/FaradayCup/IonDistribution/PT92S,10.48322/6vrg-6n41
https://spase-metadata.org/NASA/NumericalData/Wind/SWE/H0/PT06S,10.48322/2jxp-7x36
https://spase-metadata.org/NASA/NumericalData/Wind/SWE/H3/PT12S,10.48322/xdpr-7352
https://spase-metadata.org/NASA/NumericalData/Wind/SWE/H4/PT06S,10.48322/wx5n-w132
https://spase-metadata.org/NASA/NumericalData/Wind/SWE/H5/PT12S,10.48322/chaz-z942
https://spase-metadata.org/NASA/NumericalData/Wind/SWE/IonMoments/KeyParameter/PT99S,10.48322/3zky-gy15
https://spase-metadata.org/NASA/NumericalData/Wind/SWE/M0/PT12S,10.48322/jsqc-vm88
https://spase-metadata.org/NASA/NumericalData/Wind/SWE/M2/PT06S,10.48322/dq7x-fd74
https://spase-metadata.org/NASA/NumericalData/Wind/SWE/Strahl/PT12S,10.48322/4mxn-2e20
https://spase-metadata.org/NASA/NumericalData/Wind/WAVES/DS/PT1M,10.48322/ys2k-6162
https://spase-metadata.org/NASA/NumericalData/Wind/WAVES/DustImpact/PT1S,10.48322/635a-nc73
https://spase-metadata.org/NASA/NumericalData/Wind/WAVES/ElectricFieldIntensity/KeyParameter/PT3M,10.48322/mfc5-cc53
https://spase-metadata.org/NASA/NumericalData/Wind/WAVES/PlasmaDensity/H0/PT18S,10.48322/thkc-wf80
https://spase-metadata.org/NASA/NumericalData/Wind/WAVES/RAD1/L2/PT17S,10.48322/7at6-3c68
https://spase-metadata.org/NASA/NumericalData/Wind/WAVES/RAD2/L2/PT16S,10.48322/6vc8-zc62
https://spase-metadata.org/NSF/NumericalData/SouthernSECS/Magnetometer/EICS/PT10S,10.48322/ndpn-7v30
https://spase-metadata.org/NSF/NumericalData/SouthernSECS/Magnetometer/SECS/PT10S,10.48322/k35f-n444
